Dep_ID,Video_ID,Response_Video,Loom_Speed,Site,Site_Rep,Trial_Event,Fish_ID,Species,Size,Response_Present,Responseframe_LF,After_FR,Response_Rank,Response_Category,Distance_to_Coral,Distance_to_Stimulus,Neighbor_Proximity,NAS,N,Orientation_Angle,Viewing_Angle,Speed,Response_Binary
1,1,No,4.0,1,1,1,1,BicolorDamselfish,30.773487680676855,No,,,,NRNL_nr,331.4751271215516,843.5000134497433,17.982444831198737,17.295224546708326,,98.46601113977876,67.95881069840046,,0
1,1,No,4.0,1,1,1,2,BrownChromis,46.38374228317934,No,,,,NRNL_nr,561.9847972464844,1019.644121347967,315.8787147056524,45.467096600409434,,45.48909242951225,94.70899540816036,,0
1,1,No,4.0,1,1,1,3,BicolorDamselfish,29.12458555042247,No,,,,NRNL_nr,208.80208597570433,1893.794991929533,5.40586078285966,5.1318831906806945,,78.66641101600142,61.06925301171763,,0
1,1,No,4.0,1,1,1,4,BicolorDamselfish,21.37844547652478,No,,,,NRL_nr,74.6663954989582,1647.0238335130364,5.925217631067272,7.74986835145073,6.370707252526646,52.31923003602152,48.11788877540154,,0
1,1,No,4.0,1,1,1,5,BicolorDamselfish,39.30338733874578,No,,,,NRL_nr,302.49616275165084,719.534546628838,10.062313274909313,11.14105173908553,0.0,161.06672529226853,38.397382288278195,,0
1,1,No,4.0,1,1,1,6,BrownChromis,43.25014160013792,No,,,,NRNL_nr,535.2830087948688,991.3048311891343,317.56722786263924,38.11448868261281,,65.71806242597474,91.89484556833068,,0
1,2,No,1.0,1,1,2,1,BicolorDamselfish,29.15249066398997,No,,,,NRL_nr,145.4450211148239,1437.363940305288,30.401234231622983,26.63710241259448,14.647112731504333,22.36922588731773,41.70601102572838,,0
1,2,No,1.0,1,1,2,2,BicolorDamselfish,35.6543673294867,No,,,,NRL_nr,71.67184093042113,2010.963799344368,15.552860731003452,14.24912004332409,13.035750888228746,59.88942719200514,41.71154166925033,,0
1,2,No,1.0,1,1,2,3,BicolorDamselfish,41.25980138860668,No,,,,NRL_nr,312.09669728646594,1697.1224463494214,23.479709344554585,18.294912325957675,18.294912325957675,65.5414866070409,36.699549494801325,,0
1,2,No,1.0,1,1,2,4,BicolorDamselfish,47.76645563830685,No,,,,NRNL_nr,132.9588228715215,1758.6096365368169,10.780092508557544,17.808543286868094,,62.74753297685202,62.13087453539222,,0
1,2,No,1.0,1,1,2,5,BicolorDamselfish,51.99742768792768,No,,,,NRL_nr,353.3012011004658,721.359572978542,42.13020133812806,34.253069040345494,18.73151998443272,115.73201350738287,43.21796958638657,,0
1,2,No,1.0,1,1,2,6,BicolorDamselfish,36.51381598830079,No,,,,NRL_nr,437.5905837616603,660.9173998586809,47.05364641549247,32.15749771033087,28.16222022424294,140.78318817818146,26.177099906858743,,0
1,2,No,1.0,1,1,2,7,BicolorDamselfish,29.59667813859881,No,,,,NRL_nr,354.2577694309233,934.0861077416278,30.976707781156623,27.182373840334364,19.30876137681523,45.95783845619616,27.011915974335096,,0
1,2,No,1.0,1,1,2,8,BrownChromis,46.31775777719766,No,,,,NRNL_nr,666.6314531208392,463.4450955544461,27.264964364037738,29.441407453741675,,87.92162159250357,72.66691188833641,,0
1,2,No,1.0,1,1,2,9,BrownChromis,58.96008970212983,No,,,,NRNL_nr,734.0427681454022,853.0710097640614,14.86699904101174,17.96555150072955,,132.5065565783412,94.89817659502457,,0
1,2,No,1.0,1,1,2,10,BicolorDamselfish,48.24864780841894,No,,,,NRL_nr,492.3237881528795,483.98311572975103,36.77738807975745,29.58716246521752,5.101553411454004,50.16096857121145,49.900619211959715,,0
1,2,No,1.0,1,1,2,11,BicolorDamselfish,24.468122165778833,No,,,,NRL_nr,161.8547428388058,1170.2965448466728,33.02433050558941,27.800265168723637,15.429615748477364,20.580080994686632,46.0917312407822,,0
1,3,No,0.5,1,1,3,1,BicolorDamselfish,43.60532825742854,No,,,,NRL_nr,320.2262875359067,1330.876471598107,30.018399327786685,24.326942917776194,18.92265600685224,106.60807622705929,30.3758566950404,,0
1,3,No,0.5,1,1,3,2,BicolorDamselfish,44.186569729624466,No,,,,NRNL_nr,706.3477277702015,357.6197893031849,129.15677275338925,36.90275241357917,,68.04234358422175,55.268912014317394,,0
1,3,No,0.5,1,1,3,3,BicolorDamselfish,45.91170355506876,No,,,,NRL_nr,658.6069788538083,351.41214697628567,130.90513611625008,42.88860763852149,29.182405873509452,99.62385664496831,43.86693247974714,,0
1,3,No,0.5,1,1,3,4,BicolorDamselfish,31.29122124591062,No,,,,NRL_nr,572.5945248044571,1486.5783384553126,21.4041658178239,20.01110860045521,17.59612307167074,57.42524403050137,22.692694316968275,,0
1,3,No,0.5,1,1,3,5,BicolorDamselfish,30.87206755257156,No,,,,NRL_nr,393.54841555968176,818.7419120679162,24.06587441636834,27.740761219115335,11.04388123411163,73.39991728214608,24.475517504449464,,0
1,3,No,0.5,1,1,3,6,BicolorDamselfish,39.66523724168799,No,,,,NRL_nr,69.71034042844866,1067.6917238614944,29.32433580548967,24.696426722145976,9.854511685972795,103.64702175995552,40.602659842278086,,0
1,3,No,0.5,1,1,3,7,BrownChromis,44.54685325125325,No,,,,NRNL_nr,305.70772846964417,1237.4529009468392,9.501324899414492,12.177894483606432,,152.6283119687014,76.44265124564693,,0
1,3,No,0.5,1,1,3,8,BrownChromis,36.70533854041412,No,,,,NRNL_nr,110.22475436308297,1979.3128166666856,9.450476184449451,12.035018122064267,,113.10935690181674,57.34001801842778,,0
1,3,No,0.5,1,1,3,9,BrownChromis,48.61162382780378,No,,,,NRL_nr,9.527710577227907,1507.233596986905,17.505004759562414,12.681817800670412,9.373070117011634,132.93476673532348,53.188884468863286,,0
1,3,No,0.5,1,1,3,10,BrownChromis,,No,,,,NRTC,1045.1557313558685,311.49644271860893,10.783870318825864,17.98289350724099,,,76.68978976051076,,0
1,3,No,0.5,1,1,3,11,BicolorDamselfish,,No,,,,NRUD,,,0.0,0.0,0.0,,,,0
1,4,No,1.0,1,1,4,1,Doctorfish,128.6052280524734,No,,,,NRL_nr,673.5659912517012,1253.5350286180071,1.2041553251248036,2.833379612189376,2.833379612189376,156.8056637858052,48.836231693003,,0
1,4,No,1.0,1,1,4,2,BicolorDamselfish,45.668998493890584,No,,,,NRL_nr,229.00329740109024,1742.4724473218168,28.121047307868956,13.405818457880788,11.695954438084083,83.57932514194006,48.01321410496947,,0
1,4,No,1.0,1,1,4,3,BicolorDamselfish,22.712594275828668,No,,,,NRL_nr,212.56004000585276,1540.819244510695,28.58952467519213,14.933983171712356,5.740977104593853,32.01970166142515,46.25605716802757,,0
1,4,No,1.0,1,1,4,4,BicolorDamselfish,42.6568360684985,No,,,,NRL_nr,286.0382331609703,1926.136933769779,4.174179292555393,7.532093523840976,7.532093523840976,79.50596050936488,25.72642108712728,,0
1,4,No,1.0,1,1,4,5,BicolorDamselfish,40.4998928829713,No,,,,NRNL_nr,39.549264495390815,1805.4659181227137,6.291555496418844,8.527609190064826,,53.44696794905234,69.02950607359813,,0
1,4,No,1.0,1,1,4,6,BicolorDamselfish,,No,,,,NRUD,,,0.0,0.0,0.0,,,,0
1,5,No,2.0,1,1,5,1,BicolorDamselfish,37.33800451873584,No,,,,NRL_nr,236.80915105801793,1827.698714065296,22.043108823205873,20.11733034320948,20.11733034320948,135.41135395349082,43.750139216857086,,0
1,5,No,2.0,1,1,5,2,BrownChromis,48.87600793111767,No,,,,NRNL_nr,458.7803613529694,667.5906418781703,56.88084550507837,39.224110905298645,,106.23584572049582,72.55165246965169,,0
1,5,No,2.0,1,1,5,3,BrownChromis,51.78565095285376,No,,,,NRNL_nr,356.0640011405031,920.7878436512603,59.31522349114111,29.282259432513943,,129.2479792089362,82.78559428223329,,0
1,5,No,2.0,1,1,5,4,BicolorDamselfish,32.06170500676306,No,,,,NRL_nr,135.52719316852327,1362.509629132824,40.976853769745176,29.964947473361008,15.68080898094706,161.98317127237053,48.70648284196877,,0
1,5,No,2.0,1,1,5,5,BrownChromis,47.824991003787744,No,,,,NRNL_nr,558.5974563644622,755.9211161039381,52.067079474567144,32.384083025097965,,140.64375216030666,88.80544882380697,,0
1,5,No,2.0,1,1,5,6,BicolorDamselfish,66.73191181276896,No,,,,NRNL_nr,99.14045572662404,1803.5887958019168,31.082790262022687,14.848305606263583,,112.06276434480246,63.26622498207745,,0
1,5,No,2.0,1,1,5,7,BicolorDamselfish,35.48253307653771,No,,,,NRL_nr,332.75127043586554,917.7920799215512,14.961929723473776,23.29525261747822,23.29525261747822,134.73632807804162,25.9410036544941,,0
1,5,No,2.0,1,1,5,8,BicolorDamselfish,30.36079804685796,No,,,,NRNL_nr,117.6950755078682,1721.324636672222,39.10665194522545,30.86566042449067,,89.50168811213892,56.421394938081775,,0
1,5,No,2.0,1,1,5,9,BicolorDamselfish,43.301771880212186,No,,,,NRNL_nr,206.4778549426539,788.6020707996086,38.72568360675668,35.71976824961756,,70.86855463914924,58.72955939118111,,0
1,5,No,2.0,1,1,5,10,BicolorDamselfish,31.660671714799136,No,,,,NRL_nr,92.09220707440272,1426.9846695514857,38.61171611673634,28.547385193846885,23.232939752600124,83.85147921293034,42.38293374356094,,0
1,6,No,1.0,1,1,6,1,BicolorDamselfish,40.29560821162997,No,,,,NRL_nr,246.7032841996097,1767.376455023999,16.983572568928054,21.153192141972863,12.072563257395547,27.956719937274325,34.406860909802795,,0
1,6,No,1.0,1,1,6,2,BicolorDamselfish,42.359868236948074,No,,,,NRL_nr,1.3258737895446444,1605.0287951254757,20.02824959416184,23.214844948344503,18.704746228008112,114.38013326804032,49.403744680681385,,0
1,6,No,1.0,1,1,6,3,BrownChromis,48.226021033301635,No,,,,NRL_nr,0.2159991532537461,1125.5625407507223,20.15650735241488,26.320109926743072,18.463238869081913,85.18504140974808,47.53085257438782,,0
1,6,No,1.0,1,1,6,4,BicolorDamselfish,32.82111531050568,No,,,,NRNL_nr,211.5381573208992,1999.2421715092696,7.493709964812126,13.528697137299414,,116.44910446393963,72.11931855658817,,0
1,6,No,1.0,1,1,6,5,BrownChromis,44.54986995750544,No,,,,NRNL_nr,589.8742729574263,672.0780579869462,46.70089616179568,21.23455769350987,,81.52921520856658,93.3113618902938,,0
1,6,No,1.0,1,1,6,6,BrownChromis,43.81251552793949,No,,,,NRNL_nr,442.31833062076254,881.7355403940385,60.53542958192576,26.58709889362826,,92.08359392790068,89.81294828729177,,0
1,6,No,1.0,1,1,6,7,BrownChromis,47.28068300169686,No,,,,NRNL_nr,376.7489013730629,764.1614981385668,37.199672659964286,34.41528993309637,,12.320046641763184,69.93672296739959,,0
1,6,No,1.0,1,1,6,8,DuskyDamselfish,70.71497863511149,No,,,,NRNL_nr,211.96208167529423,1165.0876796428463,26.87378625469748,23.69661385335899,,122.4061247587693,85.85106291927796,,0
1,6,No,1.0,1,1,6,9,BicolorDamselfish,36.52076441145639,No,,,,NRL_nr,425.4794457357209,555.5113388113591,19.21733775553966,26.62234344372334,17.094962933122034,78.06033858826204,50.593961964234126,,0
1,6,No,1.0,1,1,6,10,BicolorDamselfish,32.584378567610514,No,,,,NRL_nr,76.81590802997238,2017.878191423965,16.042548710719032,23.401289720247036,19.4854113530317,39.45463332252535,42.01969412083355,,0
1,7,No,7.0,1,1,7,1,BicolorDamselfish,41.16684561566229,No,,,,NRL_nr,25.199338843611525,1043.50096580607,122.14796385486942,42.84497309532158,4.185052964012849,159.07779926328226,42.717537889221305,,0
1,7,No,7.0,1,1,7,2,BrownChromis,51.75076203636452,No,,,,NRNL_nr,697.9321522701176,617.0575374333565,55.61549160649521,19.511388194437146,,142.90294406843984,98.8545943040268,,0
1,7,No,7.0,1,1,7,3,BrownChromis,49.72431916623825,No,,,,NRNL_nr,486.3739761202292,997.8249049247436,42.50606510132329,37.408515219812834,,122.3841039916214,92.88446964479606,,0
1,7,No,7.0,1,1,7,4,BrownChromis,79.49073810313047,No,,,,NRNL_nr,649.9859255857906,739.2412730338028,65.0819334544551,33.79125094671409,,90.00423798304782,101.5082211278976,,0
1,7,No,7.0,1,1,7,5,BicolorDamselfish,28.268101152079183,No,,,,NRL_nr,0.5918677910385768,1233.5360013649452,51.21633074406833,37.21659910375275,30.515982535981895,80.74956514985418,51.18233818098946,,0
1,7,No,7.0,1,1,7,6,BicolorDamselfish,29.83801066844104,No,,,,NRL_nr,124.038675847356,1599.4904810832447,18.37760691012219,20.19794374525737,20.19794374525737,74.02957573836206,46.40443357577385,,0
1,7,No,7.0,1,1,7,7,BrownChromis,37.594675496963674,No,,,,NRNL_nr,622.9544389755545,1191.4628628545504,26.537164617567488,30.76830751668764,,137.40956024629995,102.19269604590406,,0
1,7,No,7.0,1,1,7,8,BicolorDamselfish,36.35407827751955,No,,,,NRNL_nr,193.51766312039763,1675.5902263041507,10.516293319691163,16.19576994988946,,142.8197429009261,68.40674455351638,,0
1,7,No,7.0,1,1,7,9,BicolorDamselfish,30.641158374235943,No,,,,NRL_nr,351.48331474669726,817.6955178790143,22.0849993291183,26.589514849050445,6.7375987625833265,139.62260766490118,30.009375626415835,,0
1,7,No,7.0,1,1,7,10,BicolorDamselfish,37.54389095234508,No,,,,NRL_nr,10.061613651993245,1077.8436264332006,132.84868371235717,44.57455580698328,30.9669888351005,10.138658289693945,45.36187457090921,,0
1,9,No,0.5,1,1,9,1,BicolorDamselfish,54.579675982707144,No,,,,NRL_nr,110.86862779032916,1436.6852445837858,70.54656378447375,21.02651950018158,2.960373033812047,140.20977099569322,41.60866790478224,,0
1,9,No,0.5,1,1,9,2,BicolorDamselfish,42.5757455195557,No,,,,NRL_nr,85.18074327291637,1544.6672445559268,47.72369086318713,23.501921102326456,23.501921102326456,100.18753645897912,45.816122545471856,,0
1,9,No,0.5,1,1,9,3,BicolorDamselfish,27.639482864668057,No,,,,NRL_nr,5.754828654499796,1002.2095882112916,12.049304545609347,17.046606961202343,7.740878783015619,99.81731670092384,52.31039507197929,,0
1,9,No,0.5,1,1,9,4,BicolorDamselfish,69.38521113163753,No,,,,NRNL_nr,15.32150670955374,1297.9336501936966,8.497924268054451,7.652612907972191,,62.36047924717613,71.9513037738982,,0
1,11,No,6.0,1,1,11,1,BicolorDamselfish,56.79793061764605,No,,,,NRL_nr,224.4323029213422,1072.8624836164008,32.461194482300215,31.487195685565663,31.487195685565663,126.86470894582048,38.02000268197003,,0
1,11,No,6.0,1,1,11,2,BicolorDamselfish,55.33194644507602,No,,,,NRL_nr,176.92414574570012,1524.181434796146,262.9670606777775,83.97700429468459,19.19679589888291,128.3723938922269,45.7334936296111,,0
1,11,No,6.0,1,1,11,3,BicolorDamselfish,77.52251804394837,No,,,,NRL_nr,225.17986714738373,1569.8045644558304,248.26430549214672,52.898273428978825,44.331026394738196,132.0203327651825,46.267752990813314,,0
1,11,No,6.0,1,1,11,4,BicolorDamselfish,29.08927418006852,No,,,,NRL_nr,98.7526859956737,1404.5230025053334,76.33218898423272,49.05026748349336,3.209620623792497,152.91465848229353,42.42914993426616,,0
1,11,No,6.0,1,1,11,5,BicolorDamselfish,24.59003895514887,No,,,,NRNL_nr,173.06884839579502,1657.8169268245415,30.322412849091133,33.537800091196,,83.05991692606761,60.277331089933746,,0
1,11,No,6.0,1,1,11,6,BrownChromis,46.48332277866077,No,,,,NRNL_nr,76.9162353351195,1562.6052837106615,25.93595338017902,30.568277218131534,,101.4976881097898,75.46627782226474,,0
1,11,No,6.0,1,1,11,7,BrownChromis,44.52020599324526,No,,,,NRNL_nr,123.18479578016388,1649.8896039389454,32.26389895364941,25.6427978004667,,102.99849058432126,75.38003313843643,,0
1,11,No,6.0,1,1,11,8,BicolorDamselfish,,No,,,,NRUD,,,0.0,0.0,0.0,,,,0
1,11,No,6.0,1,1,11,9,Wrasse,,No,,,,NRUD,,,0.0,0.0,0.0,,,,0
1,11,No,6.0,1,1,11,10,BicolorDamselfish,41.26978168293444,No,,,,NRNL_nr,63.18739990336514,1312.4319207168892,53.40114897415236,34.15511149124791,,140.61825762903783,55.027442299992,,0
1,11,No,6.0,1,1,11,11,BrownChromis,34.06682008296764,No,,,,NRNL_nr,129.660678262074,944.4023733505352,28.027066032380496,29.16372248310887,,114.6624934778382,56.81964995655368,,0
1,12,No,1.0,1,1,12,1,BicolorDamselfish,53.575417745984126,No,,,,NRL_nr,422.65291493266,922.8597809530736,21.24409703666829,24.917924322057996,24.917924322057996,149.39554215490293,22.129189189825567,,0
1,12,No,1.0,1,1,12,2,BicolorDamselfish,62.5360650193201,No,,,,NRL_nr,268.8398920061502,1887.0094218824904,9.71728008528495,15.221701717838268,8.067602121348578,53.11081301182135,43.240276625412626,,0
1,12,No,1.0,1,1,12,3,BicolorDamselfish,33.84973795127673,No,,,,NRL_nr,64.54990194802394,1106.9609178379983,29.44760235271036,34.884982074867324,13.332433471873516,71.50157142100471,41.11103196603089,,0
1,12,No,1.0,1,1,12,4,BrownChromis,58.55266236981801,No,,,,NRL_nr,562.8198083146206,1105.0596056777492,16.071323098196434,25.763927471641527,14.99967423308541,97.03804385877322,44.55434314915638,,0
1,12,No,1.0,1,1,12,5,BicolorDamselfish,48.39067264805446,No,,,,NRNL_nr,144.59857393007297,932.1893958665122,25.644324372454907,30.888424569591425,,116.00204304011376,55.14437223332614,,0
1,12,No,1.0,1,1,12,6,BrownChromis,36.59204181224214,No,,,,NRNL_nr,162.66932958292676,1792.7311455013623,9.725180639042,15.25980017877682,,70.80760418456514,75.49325402128744,,0
1,12,No,1.0,1,1,12,7,BrownChromis,53.141882714499175,No,,,,NRNL_nr,844.9523440970793,902.4129894931287,7.598076779150887,17.53828230577839,,106.31031895504618,92.22143531544762,,0
1,12,No,1.0,1,1,12,8,BicolorDamselfish,,No,,,,NRUD,,,0.0,0.0,0.0,,,,0
1,12,No,1.0,1,1,12,9,BicolorDamselfish,43.29857811737757,No,,,,NRL_nr,432.6787357370948,1403.27288060791,19.304283168824,26.273807672608747,26.273807672608747,108.4886069923924,27.99404996687398,,0
1,12,No,1.0,1,1,12,10,BicolorDamselfish,54.187184696778914,No,,,,NRNL_nr,0.6355155606061811,1287.5509543577484,17.82004066219628,24.601846380906174,,81.32863707977785,69.99596096509433,,0
1,14,Yes,8.0,1,1,14,1,BrownChromis,41.37435517962772,Yes,2404.0,12.0,4.0,SRL,311.2420913869931,999.6840327037982,27.35009973653696,34.79089246093754,16.07967580479862,98.093430763519,40.8383900658564,934.0859854060192,1
1,14,Yes,8.0,1,1,14,2,BrownChromis,58.24660212903306,Yes,2405.0,13.0,5.0,SRNL,553.5115167519197,1561.3524614098317,15.097755409936996,20.51201534190068,,96.43595638700364,60.91291604168667,2708.4359440510298,1
1,14,Yes,8.0,1,1,14,3,BrownChromis,42.02095326894225,Yes,2392.0,0.0,1.0,FR,742.5419866105327,966.2693236624162,16.706808116928137,27.318682296688777,10.93559937473793,99.51704661250965,48.69654676970151,981.4184206124996,1
1,14,Yes,8.0,1,1,14,4,BrownChromis,46.22331949201963,Yes,2406.0,14.0,6.0,SRNL,889.4875686193546,575.267074426908,9.018871122139563,20.957916535262942,,133.26071083000696,87.63140055559316,2291.674513646832,1
1,14,Yes,8.0,1,1,14,5,BrownChromis,49.17202123486373,Yes,2397.0,5.0,2.0,SRL,553.0410808671311,741.6936998479671,11.737469094338412,17.90055121851296,2.826429409698841,63.09922286049428,16.66082788717871,381.8747873504748,1
1,14,Yes,8.0,1,1,14,6,BrownChromis,35.58218888658563,Yes,2425.0,33.0,10.0,SRL,43.617711195694895,1961.573218373491,33.68051318245792,27.64173850275389,18.107761342958597,111.83467098779934,35.55036506278894,484.10214999686013,1
1,14,Yes,8.0,1,1,14,7,DuskyDamselfish,62.794813127263126,Yes,2433.0,41.0,11.0,SRNL,4.936503470204976,1571.0257290248476,13.304158966446632,19.867213636515523,,30.45305030715359,73.09424321160046,503.3534188566388,1
1,14,Yes,8.0,1,1,14,8,BicolorDamselfish,37.75897973918145,Yes,2416.0,24.0,8.0,SRNL,219.63678512726065,1902.426737000938,15.789133988357571,17.703827168784834,,9.745876159881613,63.86100179334412,765.8822632790756,1
1,14,Yes,8.0,1,1,14,9,BrownChromis,,Yes,2412.0,20.0,7.0,SRUD,,,0.0,0.0,0.0,,,,0
1,14,Yes,8.0,1,1,14,10,BicolorDamselfish,40.80355625754234,Yes,2403.0,11.0,3.0,SRL,254.36234966491503,1595.4491008628136,20.97544005875822,25.347914776382503,19.976593450734065,96.99970371539294,51.86476746084899,1616.8806360870512,1
1,14,Yes,8.0,1,1,14,11,BicolorDamselfish,57.46353146435962,Yes,2404.0,12.0,4.0,SRL,352.15310526539315,1186.3322781787797,23.76735123424124,29.33851106250948,24.463684344472377,89.42677270067071,29.94232782576432,607.2025745192873,1
1,14,Yes,8.0,1,1,14,12,BicolorDamselfish,35.17900902214184,Yes,2422.0,30.0,9.0,SRL,67.52415457170802,2042.7831367363035,34.16518842629882,26.68635602762959,21.12371275499167,37.74132640167646,30.72684825697449,202.71653172050227,1
1,15,Yes,8.0,1,1,15,1,BicolorDamselfish,27.95757764953927,Yes,2412.0,16.0,10.0,SRNL,172.71277110210502,1235.9190641327225,55.84628874106393,41.31010993341347,,9.59337297939522,61.00539064230597,1780.4822947250852,1
1,15,Yes,8.0,1,1,15,2,BicolorDamselfish,45.9026083109132,Yes,2396.0,0.0,1.0,FR,384.20607013350815,843.0646697990725,180.16773077435255,61.42038583268145,17.495241673861567,84.64458624706151,51.9957334115203,1439.153362623722,1
1,15,Yes,8.0,1,1,15,3,BicolorDamselfish,32.87701629092096,Yes,2407.0,11.0,5.0,SRL,549.30571805259,981.5884910306628,32.60539852415363,34.463798883249076,0.0,160.7496991491938,18.618761589188104,1451.1918554738077,1
1,15,Yes,8.0,1,1,15,4,BrownChromis,47.828421358827086,Yes,2399.0,3.0,1.0,FR,609.2107610906987,1082.3304888950393,64.35476178706665,42.261110255126844,,153.1277364281375,57.41738402132539,2397.9599555735304,1
1,15,Yes,8.0,1,1,15,5,BrownChromis,19.129508719435943,Yes,2436.0,40.0,14.0,SRL,18.266475940133212,1223.4148395673644,44.70063964211065,43.84743859120981,24.929076742288643,53.22400132493171,50.32346568137778,322.59934540796246,1
1,15,Yes,8.0,1,1,15,6,BicolorDamselfish,25.398483106008236,Yes,2408.0,12.0,6.0,SRL,331.26486643062407,1579.2499803351425,38.284438764961024,27.178617914067665,20.22794152641892,92.8003163026618,50.66362012447993,450.0956625392172,1
1,15,Yes,8.0,1,1,15,7,BicolorDamselfish,38.602530137091875,Yes,2413.0,17.0,11.0,SRTC,254.67645538691153,1947.4761824853688,43.0681670577095,36.414439705306464,16.659568674297407,148.2963450377131,35.47269919821283,,1
1,15,Yes,8.0,1,1,15,8,BicolorDamselfish,31.473182460066234,Yes,2402.0,6.0,2.0,SRL,295.26299273215034,875.6047837505822,244.68930926841145,73.52879290544922,55.40705203605515,123.22422895573663,49.72818726428266,1625.8887800650689,1
1,15,Yes,8.0,1,1,15,9,BicolorDamselfish,,Yes,2417.0,21.0,13.0,SRUD,,,0.0,0.0,0.0,,,,0
1,15,Yes,8.0,1,1,15,10,BrownChromis,41.668788877602175,Yes,2410.0,14.0,8.0,SRNL,580.1940825432577,1131.314787685954,62.00395194389474,45.84587305598613,,37.97621921533076,72.96896012982884,2679.7619347678046,1
1,15,Yes,8.0,1,1,15,11,BicolorDamselfish,38.251726813514345,Yes,2405.0,9.0,3.0,SRL,381.98932382736825,675.2720209532342,46.762189671806,39.994825242994715,2.757307038250878,165.20641367791973,33.249018644921314,1899.2968769148908,1
1,15,Yes,8.0,1,1,15,12,BicolorDamselfish,57.27340953951639,Yes,2416.0,20.0,12.0,SRNL,378.65438362122006,976.8510476705898,21.31265149340122,26.613218522335877,,95.13869167480463,90.39911149617076,1215.6896134550884,1
1,15,Yes,8.0,1,1,15,13,BrownChromis,32.77397099360441,Yes,2409.0,13.0,7.0,SRNL,498.1942440991015,884.2549611940682,73.73690420239235,49.58410331606019,,175.12168643431764,71.79567466330265,2625.5008575597667,1
1,15,Yes,8.0,1,1,15,14,BicolorDamselfish,41.97743969524283,Yes,2411.0,15.0,9.0,SRL,428.3551469247747,1701.6614484471747,47.59066938481357,34.27960510815876,20.014228075888973,138.61024437001257,33.70939548385012,901.3814106828172,1
1,15,Yes,8.0,1,1,15,15,BrownChromis,45.00657740840693,Yes,2409.0,13.0,7.0,SRNL,772.6870610505296,954.4809541458332,55.18818718121716,40.65446134127825,,146.9059781324479,72.47135430322412,2937.261960720698,1
1,15,Yes,8.0,1,1,15,16,BrownChromis,57.15099222559909,Yes,2397.0,1.0,1.0,FR,213.9912003662416,1926.3625167984503,30.83202178129868,30.922535130565503,30.922535130565503,153.70024436244626,43.58497135889957,1048.028691110758,1
1,15,Yes,8.0,1,1,15,17,BicolorDamselfish,28.142841985829403,Yes,2406.0,10.0,4.0,SRL,253.04704054949104,1434.3858714214043,50.712563925009015,37.262707678441416,23.882060787608648,110.17179305784308,39.402915409813055,741.4698427966151,1
1,16,Yes,6.0,1,1,16,1,BrownChromis,27.443425667959488,No,,1.0,2.0,NRL_r,628.9708431164792,1260.6248293118151,25.61805587772474,30.787891450192703,27.219560664303497,66.67332791226755,13.994828475484791,,0
1,16,Yes,6.0,1,1,16,2,BicolorDamselfish,,No,,1.0,2.0,NRUD,,,0.0,0.0,0.0,,,,0
1,16,Yes,6.0,1,1,16,3,BrownChromis,46.77792084191197,No,,1.0,2.0,NRL_r,896.7462631342157,1634.68677289195,20.779347027128647,25.698261371946103,25.698261371946103,73.37458753131729,30.25085307426251,,0
1,16,Yes,6.0,1,1,16,4,BrownChromis,42.198147836881354,Yes,2401.0,0.0,1.0,FR,680.0934534069486,1166.5466994123162,29.727062855267757,34.488301105967714,5.543129974267953,145.0422380099405,37.00653912317431,1591.4816466405944,1
1,16,Yes,6.0,1,1,16,5,BicolorDamselfish,45.287942228987475,No,,1.0,2.0,NRL_r,368.69331042261007,1493.074259722886,50.879209551949046,42.37609562137804,28.007231368064595,66.59974006104281,44.4564912661364,,0
1,16,Yes,6.0,1,1,16,6,BicolorDamselfish,33.96621278013143,No,,1.0,2.0,NRL_r,410.9161315510641,1507.705069706802,52.74526023864654,42.04932864406704,33.192061524725254,117.9371071945946,37.45811317577118,,0
1,16,Yes,6.0,1,1,16,7,BrownChromis,54.14873600863619,No,,1.0,2.0,NRNL_r,713.1941957603325,1003.9659130206536,20.975272955416987,24.037448883294605,,102.54790711052222,66.43764388447195,,0
1,16,Yes,6.0,1,1,16,8,BicolorDamselfish,38.031437251741814,No,,1.0,2.0,NRL_r,293.2360192645441,1005.8536159459036,38.33707204520919,40.28833181739398,13.350667608354522,59.377404600523136,44.0016403577211,,0
1,16,Yes,6.0,1,1,16,9,BrownChromis,41.56057111906971,No,,1.0,2.0,NRNL_r,500.0917447472431,637.4890740036998,19.65448355099838,28.50844285257504,,66.66686831720804,70.0784454409832,,0
1,16,Yes,6.0,1,1,16,10,BrownChromis,34.444095283703945,No,,1.0,2.0,NRL_r,439.4057856390502,828.5389643798649,28.59989218189574,30.309955585745104,2.295744410211828,136.0661985194508,21.783541904309615,,0
1,16,Yes,6.0,1,1,16,11,Wrasse,,No,,1.0,2.0,NRUD,,,0.0,0.0,0.0,,,,0
1,16,Yes,6.0,1,1,16,12,Wrasse,,No,,1.0,2.0,NRUD,,,0.0,0.0,0.0,,,,0
1,16,Yes,6.0,1,1,16,13,Wrasse,,No,,1.0,2.0,NRUD,,,0.0,0.0,0.0,,,,0
1,16,Yes,6.0,1,1,16,14,Wrasse,,No,,1.0,2.0,NRUD,,,0.0,0.0,0.0,,,,0
1,16,Yes,6.0,1,1,16,15,BicolorDamselfish,52.68862633842382,No,,1.0,2.0,NRNL_r,24.33663219243681,1900.094582293884,10.25928787257384,17.35667169270243,,94.74476520483188,64.98067742921535,,0
1,16,Yes,6.0,1,1,16,16,BrownChromis,28.85616594309858,No,,1.0,2.0,NRL_r,277.12248972887903,1281.1158008753898,28.09133662084381,35.168384070073074,12.82604511940465,28.77443889870537,31.502928905499193,,0
1,16,Yes,6.0,1,1,16,17,BrownChromis,99.68157476314616,No,,1.0,2.0,NRNL_r,199.96041962924627,1268.7316415791547,17.67124721044512,22.165601381110235,,106.48704912499424,73.54457009731547,,0
1,17,No,0.5,1,1,17,1,BicolorDamselfish,41.63149107677479,No,,,,NRL_nr,328.15417964456157,755.8836415207068,19.61690286403543,20.07923876069595,3.227000743412536,134.20486005352228,31.54462486709441,,0
1,17,No,0.5,1,1,17,2,BicolorDamselfish,20.01621071498769,No,,,,NRL_nr,231.9949291479392,1281.7981260445358,30.77460623212089,31.15194590644404,16.15781301908202,30.200260210227235,33.39769682506352,,0
1,17,No,0.5,1,1,17,3,BrownChromis,71.59397017839188,No,,,,NRL_nr,794.3845847669558,1730.8953577903744,14.784799059471345,16.88000429658995,9.902307123490557,42.35857164182318,37.844345611787794,,0
1,17,No,0.5,1,1,17,4,BrownChromis,45.59938163214611,No,,,,NRNL_nr,791.4450048391077,1022.5836695514846,11.430515594338626,18.980654210536436,,93.69816955027348,59.75220191324524,,0
1,17,No,0.5,1,1,17,5,BrownChromis,54.25575022250453,No,,,,NRNL_nr,731.7225137608096,836.3673843193077,9.101117336520042,14.591631686975544,,100.5333968512595,85.33191571243867,,0
1,17,No,0.5,1,1,17,6,BrownChromis,,No,,,,NRUD,,,0.0,0.0,0.0,,,,0
1,17,No,0.5,1,1,17,7,BicolorDamselfish,37.73938577335109,No,,,,NRL_nr,406.9386843252337,1557.595747082409,17.95983450273384,24.600827038663187,23.7269851158163,158.25486951396834,44.68951362835025,,0
1,17,No,0.5,1,1,17,8,BicolorDamselfish,45.52105306616152,No,,,,NRNL_nr,290.44252592153225,1966.2853297120143,7.612500254012166,15.187078446314588,,91.57846500724771,58.50461591008658,,0
1,17,No,0.5,1,1,17,9,BicolorDamselfish,42.44880982425105,No,,,,NRL_nr,469.4349695961762,1301.7499069806906,28.974793699148723,25.125725482270823,25.125725482270823,125.3866876621524,23.22475993093392,,0
1,17,No,0.5,1,1,17,10,BicolorDamselfish,40.9892251295313,No,,,,NRL_nr,561.1783661944611,957.8517284219234,22.17240796868518,15.279348815212227,5.451135406522747,114.94560915025735,12.742370538492658,,0
1,18,No,0.5,1,1,18,1,BicolorDamselfish,32.27469583954744,No,,,,NRL_nr,172.48554445964336,1432.9812163116285,121.74182088726508,36.086870995952175,33.805106675455,122.89983426422651,45.63514432771076,,0
1,18,No,0.5,1,1,18,2,BicolorDamselfish,44.464321067301185,No,,,,NRL_nr,313.21021584467985,1744.596880888436,21.092799951576676,17.862404193253926,14.081887894937646,12.731257563122172,36.434362256308845,,0
1,18,No,0.5,1,1,18,3,BicolorDamselfish,56.00933473459198,No,,,,NRNL_nr,103.45937723243352,1610.6872075837914,25.7771425859234,21.72576297961645,,34.1481295820822,72.83632784055496,,0
1,18,No,0.5,1,1,18,4,BicolorDamselfish,35.71843636171758,No,,,,NRNL_nr,197.76848227665792,1843.7799493175685,22.90108178131319,17.404165678220615,,152.2094239094299,67.22142397914422,,0
1,18,No,0.5,1,1,18,5,BicolorDamselfish,36.44041768960572,No,,,,NRL_nr,133.97786360103612,1215.0311464367828,81.61245032842442,36.92910748693596,2.345078530620418,140.43907034750137,45.267773049034965,,0
1,18,No,0.5,1,1,18,6,BicolorDamselfish,26.94876084228048,No,,,,NRL_nr,4.857103445241989,1372.2580629339525,196.38480120889864,36.8531496732769,22.698868621584857,98.67756776535816,50.447904637012954,,0
1,18,No,0.5,1,1,18,7,BicolorDamselfish,39.28502466072933,No,,,,NRL_nr,19.130192665853112,1394.0342154100545,337.6760139229723,38.89746933058582,24.821027183190218,89.3774966899783,51.52574876514134,,0
1,18,No,0.5,1,1,18,8,BrownChromis,30.75586042279143,No,,,,NRNL_nr,288.1819887162101,804.5802883045643,16.256665910130206,17.832408431209462,,58.941472615611666,67.71126440919639,,0
1,18,No,0.5,1,1,18,9,BrownChromis,,No,,,,NRUD,,,0.0,0.0,0.0,,,,0
1,18,No,0.5,1,1,18,10,BicolorDamselfish,32.74064082232528,No,,,,NRNL_nr,5.590225052568325,1308.814665213414,98.65485161153134,45.43007228879199,,169.26405409774642,56.968253711197406,,0
1,19,No,2.0,1,1,19,1,BicolorDamselfish,26.26478454766614,No,,,,NRL_nr,161.11725978439677,1219.4552890904556,54.04181212216576,32.96895053724226,17.641318959115882,40.565086769020695,40.48768235087095,,0
1,19,No,2.0,1,1,19,2,BicolorDamselfish,29.519726878610008,No,,,,NRL_nr,138.9059397801471,1059.6214301545945,50.5852492423429,27.158755634647218,12.080763904731908,105.4691669668718,38.155645049416464,,0
1,19,No,2.0,1,1,19,3,BrownChromis,50.59197059911148,No,,,,NRL_nr,137.41111880936262,1793.3908503873777,27.17400892363385,23.968650300831612,9.149716213183058,146.49915473677063,53.53185395801321,,0
1,19,No,2.0,1,1,19,4,BrownChromis,24.247613161264145,No,,,,NRL_nr,277.4938671975074,1621.3688998014993,34.213989294858806,24.966967917918016,20.212321470589984,64.08597385062382,38.01604692958763,,0
1,19,No,2.0,1,1,19,5,BicolorDamselfish,36.721845961784425,No,,,,NRNL_nr,131.86388370151312,1907.3509690839685,381.26125830539974,78.15823697586735,,126.688461984968,72.2354862661959,,0
1,19,No,2.0,1,1,19,6,BicolorDamselfish,48.52531249053781,No,,,,NRNL_nr,254.4443835868949,2100.490629910785,76.59252715943029,44.46053780316376,,134.29944302013195,68.16644627450616,,0
1,19,No,2.0,1,1,19,7,BicolorDamselfish,43.33031831884627,No,,,,NRNL_nr,118.24366924123542,1918.973748774404,940.3554417018588,84.72905840684986,,72.85496703886305,70.62341643422849,,0
1,19,No,2.0,1,1,19,8,BicolorDamselfish,46.91370802519213,No,,,,NRNL_nr,137.8883522259681,1962.1419943199471,289.65171039448546,67.98505903991118,,122.15514836196836,68.74077266263038,,0
1,19,No,2.0,1,1,19,9,DuskyDamselfish,55.010096106853304,No,,,,NRNL_nr,195.89557850816135,1523.221173726458,31.142729693438007,32.07234068155634,,40.05487468997066,82.02524299926331,,0
1,19,No,2.0,1,1,19,10,BicolorDamselfish,43.25375545518725,No,,,,NRNL_nr,214.8060588872038,887.22907316782,19.941960945108963,23.028773008707855,,66.9495973370909,61.225770368630705,,0
1,19,No,2.0,1,1,19,11,BicolorDamselfish,54.78995906292748,No,,,,NRL_nr,365.1148956564372,1499.7163861774384,34.58458392981824,23.121838071897788,14.04100341332583,111.96613397715096,31.03640769233797,,0
1,19,No,2.0,1,1,19,12,BrownChromis,34.38724544190642,No,,,,NRNL_nr,280.72744961740193,1622.8284011696292,36.516366797835936,34.364230228998075,,90.87454853043958,75.257979619669,,0
1,20,Yes,6.0,1,1,20,1,BrownChromis,40.579674608142,Yes,2408.0,5.0,2.0,SRNL,428.41515015284295,999.238146282668,25.634465022282548,20.5283378145111,,146.15453508181596,58.43431660252383,837.3660596669582,1
1,20,Yes,6.0,1,1,20,2,BrownChromis,40.72818469572583,Yes,2420.0,17.0,5.0,SRL,183.1276047002745,1652.4080138240938,75.91326258658592,29.078090024973335,27.74939008857547,60.37568650462914,44.40481891739058,143.88840381530915,1
1,20,Yes,6.0,1,1,20,3,BrownChromis,25.692972550757524,Yes,2427.0,24.0,6.0,SRL,77.53608508754766,1449.449382250344,69.82946125200563,35.40792880871396,12.959074023052356,61.89726525282157,44.53474027155913,302.0123725265603,1
1,20,Yes,6.0,1,1,20,4,BrownChromis,,Yes,2430.0,27.0,8.0,SRUD,,,0.0,0.0,0.0,,,,0
1,20,Yes,6.0,1,1,20,5,BicolorDamselfish,25.481234257917738,Yes,2410.0,7.0,3.0,SRNL,174.69101546659724,1270.687520865332,54.79839523649389,31.77675144925483,,52.71816994310423,55.66333812997576,2297.0603990619784,1
1,20,Yes,6.0,1,1,20,6,BrownChromis,31.33394209905922,Yes,2403.0,0.0,1.0,FR,210.05525004526325,1196.4968213582092,37.532284062636904,22.104988214730906,0.0,100.37526879330802,35.103716795451504,778.6458969195186,1
1,20,Yes,6.0,1,1,20,7,BicolorDamselfish,53.259509935817846,Yes,2420.0,17.0,5.0,SRL,212.18508304028984,1640.855573466346,100.68107590678362,31.305354449252366,20.047065331150726,76.9411707899434,50.74005030419843,511.0059854800906,1
1,20,Yes,6.0,1,1,20,8,BrownChromis,18.414579092298244,Yes,2408.0,5.0,2.0,SRL,288.1600676008829,1266.685835943372,58.54112139830644,30.92540287369485,10.608316863446774,62.733871983361155,41.752734218331,782.6024682827426,1
1,20,Yes,6.0,1,1,20,9,BicolorDamselfish,30.89102451568124,Yes,2428.0,25.0,7.0,SRL,206.96262418052976,1799.3834088881774,78.31001290334466,30.96120962851242,26.135484371455785,88.69683084018958,50.06932463876675,887.0206071403472,1
1,20,Yes,6.0,1,1,20,10,Wrasse,,Yes,2493.0,90.0,10.0,SRUD,,,0.0,0.0,0.0,,,,0
1,20,Yes,6.0,1,1,20,11,Wrasse,,Yes,2448.0,45.0,9.0,SRUD,,,0.0,0.0,0.0,,,,0
1,20,Yes,6.0,1,1,20,12,BicolorDamselfish,27.631397813086934,Yes,2418.0,15.0,4.0,SRNL,76.7991935171646,1540.0545572227963,62.40401429514392,35.788481531253325,,34.94423144636052,57.89749436617197,966.8942566899484,1
1,23,Yes,6.0,1,1,21,1,BrownChromis,29.436490892498387,Yes,2402.0,0.0,1.0,FR,203.66956569817216,1084.888026838682,29.831049735971675,16.10796372021621,0.0,114.32782757029592,33.32457221907349,938.2533322547902,1
1,23,Yes,6.0,1,1,21,2,BicolorDamselfish,38.865206070799566,Yes,2406.0,4.0,1.0,FR,377.6158497747417,1215.7212443249643,29.185986767633437,17.922305701746417,0.0,168.12559503087903,26.75507319592482,1295.03074820371,1
1,23,Yes,6.0,1,1,21,3,BrownChromis,48.84870297307582,No,,23.0,4.0,NRNL_r,73.62933545693033,1909.9280843834256,36.01107245507434,20.520459795920353,,140.5538952550404,66.2565447082411,,0
1,23,Yes,6.0,1,1,21,4,BicolorDamselfish,50.83124521439856,No,,23.0,4.0,NRNL_r,146.2578096028638,1811.6905682174513,28.715882850540257,15.076856505461803,,80.08278797996627,67.91270440967442,,0
1,23,Yes,6.0,1,1,21,5,BrownChromis,50.8665626598052,No,,23.0,4.0,NRNL_r,391.2693649225696,976.8095936288096,13.26612708944907,14.338384972234396,,68.89311127718855,80.68091432797476,,0
1,23,Yes,6.0,1,1,21,6,BrownChromis,39.214471732199506,Yes,2424.0,22.0,3.0,SRNL,482.1717502172553,880.4456459782218,15.327387248808405,15.08592151136498,,151.69377429741596,65.27353634112947,370.90096317903914,1
1,23,Yes,6.0,1,1,21,7,BicolorDamselfish,24.93235014742648,Yes,2409.0,7.0,2.0,SRL,77.33867213240363,2067.228542242026,4.79511280134603,8.85389238867818,8.85389238867818,61.05288022575364,32.99501177046689,965.6232329762684,1
1,26,Yes,6.0,1,1,24,1,BicolorDamselfish,57.62593140571983,No,,1.0,2.0,NRNL_r,97.10069390887676,1931.6728728246585,4.436431005214432,11.227831340671964,,72.20509625962384,67.90244778623176,,0
1,26,Yes,6.0,1,1,24,2,BicolorDamselfish,44.61194288987929,No,,1.0,2.0,NRL_r,425.5362148181601,807.7255945344772,17.248912250947168,18.602672098016352,9.395091118840131,31.433681300342304,22.88779709706874,,0
1,26,Yes,6.0,1,1,24,3,DuskyDamselfish,59.62234121012647,No,,1.0,2.0,NRNL_r,354.0037793188917,1047.5055518683098,5.617923256142615,12.21368913257055,,26.93559643652371,90.83182302115247,,0
1,26,Yes,6.0,1,1,24,4,BicolorDamselfish,37.59733063789481,No,,1.0,2.0,NRL_r,327.39108889445833,641.9271679277244,16.118547416190925,22.559388129934344,0.0,40.523347218804176,44.3708714376007,,0
1,26,Yes,6.0,1,1,24,5,BicolorDamselfish,36.33667001609391,No,,1.0,2.0,NRL_r,324.01696648272406,1735.2044632174727,16.874985842250947,22.625301200922735,6.694972374420149,127.8583797657824,36.13610640047615,,0
1,26,Yes,6.0,1,1,24,6,BicolorDamselfish,38.081455005478304,No,,1.0,2.0,NRL_r,636.1685283335521,1487.3191980623592,121.193951037953,17.072228014998988,17.072228014998988,70.45407629502867,18.73982302757908,,0
1,26,Yes,6.0,1,1,24,7,BrownChromis,78.41303290620418,No,,1.0,2.0,NRL_r,589.6719562247723,1495.0879124151834,125.70542938481071,20.49454346364083,18.22751927933969,80.82408873188216,21.628666335944036,,0
1,26,Yes,6.0,1,1,24,8,BrownChromis,31.001962365828877,Yes,2407.0,0.0,1.0,FR,367.87914521693045,1424.5407226661644,43.43326877452435,34.417775557890764,30.606174261190716,40.78311415983566,29.30117663170416,1148.5309439286573,1
1,28,No,1.0,1,1,26,1,BicolorDamselfish,27.618093734444244,No,,,,NRL_nr,159.98203563490452,958.8614645868396,38.53512376062038,28.506416802133295,21.094766836276257,97.53461360261804,37.05406125738567,,0
1,28,No,1.0,1,1,26,2,BrownChromis,52.21811306921087,No,,,,NRL_nr,660.483533586084,373.58644511014626,22.156201746599756,21.279520598773708,8.45725739124747,58.76349941999913,30.600691350633625,,0
1,28,No,1.0,1,1,26,3,BrownChromis,39.44781712326735,No,,,,NRNL_nr,1020.8253010707264,187.20623946456212,178.6450262006197,29.054356842937302,,129.71973467506163,82.32780262243553,,0
1,28,No,1.0,1,1,26,4,BrownChromis,30.11166436665015,No,,,,NRNL_nr,954.0159683057132,122.23028580511529,117.45070339669384,30.787543697200142,,79.7297758154334,81.66399257999471,,0
1,28,No,1.0,1,1,26,5,BrownChromis,35.70214645213219,No,,,,NRL_nr,423.09448667914705,1018.6915659063276,25.36839230467759,22.967794768709467,12.197119251762771,19.78897575180093,23.966838547620675,,0
1,28,No,1.0,1,1,26,6,BrownChromis,39.19487200791456,No,,,,NRL_nr,230.3510996163688,737.4006482983242,29.44620439857363,23.714155738709795,10.662265502402668,83.33168169305519,48.54699295041695,,0
1,28,No,1.0,1,1,26,7,BrownChromis,86.34008761565418,No,,,,NRNL_nr,41.95761591502878,1546.740815523803,9.49948955380452,11.297775651759766,,104.85902740560452,70.72672831021814,,0
1,28,No,1.0,1,1,26,8,BicolorDamselfish,25.129013185364595,No,,,,NRL_nr,347.6609113938222,1807.3395796919665,6.758881027500719,14.890911128997676,9.506458677199651,10.691846497928513,27.171946527795587,,0
1,28,No,1.0,1,1,26,9,BicolorDamselfish,,No,,,,NRUD,,,0.0,0.0,0.0,,,,0
1,28,No,1.0,1,1,26,10,BicolorDamselfish,30.75905447619389,No,,,,NRNL_nr,2.2106500582397475,1517.5307567106224,12.960235879445332,20.886944919635177,,164.0211518413126,55.33362929355693,,0
1,29,Yes,8.0,1,1,27,1,BrownChromis,21.25214636302856,Yes,2410.0,0.0,1.0,FR,385.04761420911,1018.7710323687644,19.137580705197536,9.398023374148572,0.0,102.43069631005405,54.16489285130491,1125.0305054574258,1
1,29,Yes,8.0,1,1,27,2,BicolorDamselfish,23.824317232643335,No,,1.0,2.0,NRNL_r,189.0471709739932,1186.7843544039915,20.36015750572933,8.5148959379704,,159.09184819883018,60.274211610051026,,0
1,29,Yes,8.0,1,1,27,3,BicolorDamselfish,42.61635821232571,No,,1.0,2.0,NRL_r,337.2574452632963,1964.143737632001,4.505284789433726,5.013972792094116,5.013972792094116,41.18229828529477,23.337934646452123,,0
1,29,Yes,8.0,1,1,27,4,BicolorDamselfish,27.121297512971175,No,,1.0,2.0,NRL_r,36.24658559623114,2217.7219616773773,4.35726538771937,6.629630247018027,3.481143731861399,125.41223843096824,40.54410163614312,,0
1,29,Yes,8.0,1,1,27,5,BicolorDamselfish,,No,,1.0,2.0,NRUD,,,0.0,0.0,0.0,,,,0
1,29,Yes,8.0,1,1,27,6,BicolorDamselfish,,No,,1.0,2.0,NRUD,,,0.0,0.0,0.0,,,,0
1,29,Yes,8.0,1,1,27,7,BrownChromis,25.020008277139247,No,,1.0,2.0,NRL_r,3.589949414960173,1270.829318980365,10.827376217080523,7.839361984823723,4.65096946611685,90.59583372001262,47.540094384773376,,0
1,30,No,2.0,1,1,28,1,Wrasse,58.99660282707533,No,,,,NRL_nr,157.65671897788775,1971.211088817818,19.320646613092336,19.42935423146592,19.42935423146592,133.107663080307,29.27866911930183,,0
1,30,No,2.0,1,1,28,2,BicolorDamselfish,45.86052650814673,No,,,,NRL_nr,550.2462964259797,1488.0879443544727,20.00636393240375,25.062429200893963,18.559036669008687,127.07170276457413,24.25904821156313,,0
1,30,No,2.0,1,1,28,3,BrownChromis,42.236441402400686,No,,,,NRNL_nr,224.8488368413594,1047.3072521922588,58.47280843220762,54.44292848444566,,26.24647672609062,81.09248254768299,,0
1,30,No,2.0,1,1,28,4,BicolorDamselfish,17.794325526110512,No,,,,NRL_nr,129.59925608407124,1274.8398667554172,26.442088821425347,36.47324585091019,19.39339891437659,59.09856782557273,39.75989430823039,,0
1,30,No,2.0,1,1,28,5,Snapper,154.60956203162078,No,,,,NRNL_nr,343.6328397483513,1226.1866785859872,52.812460037382415,33.47963873986416,,55.74904409262315,93.01336169087486,,0
1,30,No,2.0,1,1,28,6,BicolorDamselfish,55.9233205504689,No,,,,NRL_nr,381.6645028232352,592.4865197962621,17.29442522339199,25.167567962250025,0.0,115.14633379201938,42.424474673485555,,0
1,30,No,2.0,1,1,28,7,BicolorDamselfish,36.363963931151225,No,,,,NRL_nr,263.8617463209192,928.256060038861,24.02289917744688,31.058651974572044,8.586369228179839,163.09205204689917,30.08043295942661,,0
1,30,No,2.0,1,1,28,8,DuskyDamselfish,55.94609508850649,No,,,,NRNL_nr,250.02023673501083,1110.8451682602793,100.77378427158024,60.80544324897173,,114.87896025861843,86.82951506775262,,0
1,30,No,2.0,1,1,28,9,BicolorDamselfish,32.25293700242689,No,,,,NRL_nr,72.56767592462992,1627.128167846451,20.11165252207496,24.256727470624412,16.028386900795674,75.27359203847338,46.83909534415925,,0
1,30,No,2.0,1,1,28,10,BicolorDamselfish,34.280551418794495,No,,,,NRL_nr,337.86156024036114,1778.3367147221352,23.811683536256545,28.127129052639113,20.125851887348738,70.3864319688255,30.936496793204466,,0
1,31,No,1.0,1,1,29,1,BicolorDamselfish,59.58048956970669,No,,,,NRNL_nr,51.30219078188644,1749.4122358655304,196.61372737509492,40.89706970900008,,122.56402950015756,65.9547172897328,,0
1,31,No,1.0,1,1,29,2,BicolorDamselfish,52.05237144259467,No,,,,NRNL_nr,151.27286722793517,1213.4162149249871,60.42783198250456,35.597406999880995,,105.42678457213508,57.387734518749944,,0
1,31,No,1.0,1,1,29,3,BicolorDamselfish,63.68168426100864,No,,,,NRL_nr,140.55076250907865,1368.606930285813,171.42831122957185,35.86773970714437,30.888759239290177,96.0890905635966,52.080715691796094,,0
1,31,No,1.0,1,1,29,4,BicolorDamselfish,41.17791759585355,No,,,,NRL_nr,174.8485044027328,1400.645473631644,168.3585351620155,63.82438419547954,23.48228503746572,89.15548796880043,54.27081883705701,,0
1,31,No,1.0,1,1,29,5,BicolorDamselfish,40.744718310991054,No,,,,NRL_nr,226.9735247880437,1705.1664584049504,27.727518877339097,27.824144309772215,27.824144309772215,92.3919952132984,47.32729852819066,,0
1,31,No,1.0,1,1,29,6,BicolorDamselfish,20.97694690062468,No,,,,NRNL_nr,57.60963765035477,1903.805552186032,47.128362046690526,30.029154147957847,,21.50022193820034,67.18079207539326,,0
1,31,No,1.0,1,1,29,7,BicolorDamselfish,27.78097830520927,No,,,,NRNL_nr,61.00463125317041,1673.847574231741,156.66022019868677,45.87756877644864,,74.53417847005774,67.02762733927548,,0
1,33,Yes,6.0,1,1,31,1,BicolorDamselfish,27.076975198523783,No,,1.0,2.0,NRL_r,145.79759756920706,1690.852975390494,46.648851133525625,28.800084987504786,24.181408222222775,7.649408971786539,52.283739418536015,,0
1,33,Yes,6.0,1,1,31,2,BrownChromis,49.052569265286586,No,,1.0,2.0,NRNL_r,516.7319978265302,1241.1982015718556,29.24944709098522,26.24537348158469,,30.912861099579295,59.584324891519266,,0
1,33,Yes,6.0,1,1,31,3,BrownChromis,36.51417120703419,No,,1.0,2.0,NRL_r,602.3350383057276,920.9129030762842,24.824255253175743,23.33668901108275,20.78766202257943,126.34690258524144,47.27312983465797,,0
1,33,Yes,6.0,1,1,31,4,BicolorDamselfish,39.5541005618822,No,,1.0,2.0,NRL_r,209.5282725721983,1525.5706061690296,39.78666386119141,27.845400059295393,17.342411713911254,73.19782315183423,48.19809947689125,,0
1,33,Yes,6.0,1,1,31,5,BrownChromis,45.79386363287555,Yes,2403.0,0.0,1.0,FR,510.44166803430545,482.3445889222952,16.3288825176323,13.72078628315742,3.483639087749649,99.9304052566614,50.08335035293429,1454.568296071741,1
1,33,Yes,6.0,1,1,31,6,BrownChromis,21.314413722449803,No,,1.0,2.0,NRL_r,426.79540015373453,1033.5719529741984,11.9747021737564,18.22671996626082,0.0,16.069215629179652,22.52597116410424,,0
1,33,Yes,6.0,1,1,31,7,BrownChromis,41.23367518528254,No,,1.0,2.0,NRNL_r,658.2449042126301,798.3662142126553,24.93772844003601,15.509289834616878,,59.256797193539285,72.41666586786522,,0
1,33,Yes,6.0,1,1,31,8,BrownChromis,49.79968550376003,No,,1.0,2.0,NRL_r,525.3181207346921,1534.1518433709505,11.3300584821297,17.356318271937884,1.444215974671683,153.685183614435,25.07242448383406,,0
1,33,Yes,6.0,1,1,31,9,BrownChromis,46.5694730035008,No,,1.0,2.0,NRNL_r,478.9608297847409,1317.803064301264,23.18319643666465,23.092264433065875,,61.548988156463466,72.79740709839524,,0
1,33,Yes,6.0,1,1,31,10,BicolorDamselfish,31.283852807618626,No,,1.0,2.0,NRL_r,406.3306089748748,1926.7972390175155,20.44641205733011,20.504830579016872,20.504830579016872,24.20450809479642,53.63379418225217,,0
1,34,No,0.5,1,1,32,1,BicolorDamselfish,48.743108840337285,No,,,,NRL_nr,223.296254926495,958.16573389913,90.67003910392474,43.76209000622845,15.2708653645694,62.27037474085429,51.60965410779392,,0
1,34,No,0.5,1,1,32,2,BicolorDamselfish,22.89556668759508,No,,,,NRL_nr,121.72894763860964,1311.0474334350108,71.81528801965754,42.989085735390546,8.515923421304917,39.146216401013824,40.04880121462937,,0
1,34,No,0.5,1,1,32,3,BicolorDamselfish,33.83610299223037,No,,,,NRL_nr,309.2805808432447,1426.7981371765309,55.79243671895693,23.297868502925382,23.297868502925382,77.57716050894147,34.08178572367336,,0
1,34,No,0.5,1,1,32,4,BrownChromis,47.102679832583014,No,,,,NRNL_nr,213.66059144035637,1214.120471732714,60.80920961322161,42.28627783757027,,27.680273462401193,58.595959583155775,,0
1,34,No,0.5,1,1,32,5,BicolorDamselfish,39.37956081719982,No,,,,NRL_nr,184.5385799439015,1431.323884282849,71.15224136376496,38.40229498341231,34.94062515213631,23.143678390784945,43.28040629350776,,0
1,34,No,0.5,1,1,32,6,BicolorDamselfish,36.93086695106295,No,,,,NRNL_nr,190.02585598750585,1932.273293916145,12.103489061743486,16.622076099941907,,24.11485038688688,55.15699200424009,,0
1,34,No,0.5,1,1,32,7,BicolorDamselfish,55.158844204571366,No,,,,NRL_nr,159.06829835388402,1264.202328541477,76.70626299193854,36.52885290277968,19.60797045527633,77.23712803560561,50.55295646874987,,0
1,34,No,0.5,1,1,32,8,BrownChromis,50.737772693662095,No,,,,NRL_nr,354.98510011348,900.3803875901275,80.64086993050023,38.83772233692863,2.776033959221309,11.185040442995112,53.766913759913,,0
2,40,No,1.0,2,1,1,1,BrownChromis,54.810299063954126,No,,,,NRL_nr,253.40227210251072,791.1616527689309,21.739835333616035,31.810913036270993,22.871628466991083,131.0898416486426,43.73151630579973,,0
2,40,No,1.0,2,1,1,2,BrownChromis,70.68862392052425,No,,,,NRL_nr,273.47008311515305,1478.235083614706,34.49106819163021,45.794407183523944,0.0,143.77227309329862,40.29867863253394,,0
2,40,No,1.0,2,1,1,3,BrownChromis,68.68578144829277,No,,,,NRL_nr,301.39513313573633,1846.3523281539044,21.936128737556643,41.6315822616227,24.580739513777846,138.00995184270232,47.54608974588945,,0
2,40,No,1.0,2,1,1,4,BrownChromis,90.2109976353164,No,,,,NRL_nr,319.2986431755046,1737.2456342884927,18.87726137106726,37.14944860488575,4.128785279471996,119.41810776907622,54.76424936616694,,0
2,40,No,1.0,2,1,1,5,BrownChromis,71.13013156141653,No,,,,NRNL_nr,324.09576386027015,762.102309089455,18.59850120517533,25.196233523244867,,142.9685539224042,79.36960600541283,,0
2,40,No,1.0,2,1,1,6,BrownChromis,77.33657517967451,No,,,,NRNL_nr,360.0794067405151,958.9130606832912,28.195825920847316,29.54323525349611,,152.33604393306817,64.6137780200522,,0
2,40,No,1.0,2,1,1,7,BicolorDamselfish,81.74138657046223,No,,,,NRL_nr,8.996635602063616,1284.274340838661,98.70213287252956,66.61877554559722,57.6290755607082,94.30962263539688,43.65448333318098,,0
2,40,No,1.0,2,1,1,8,BrownChromis,123.7149080067886,No,,,,NRL_nr,24.782890970492726,1287.164340647759,128.46427710830326,69.17603312626798,12.136504171979787,106.24685110484472,47.66552626270007,,0
2,41,Yes,2.0,2,1,2,1,BrownChromis,61.07592478153094,Yes,2379.0,0.0,1.0,FR,704.3376166423018,855.5842487182073,13.066384806905411,17.259787397951854,0.0,36.27045443661077,27.498628787517863,1136.8199190042296,1
2,41,Yes,2.0,2,1,2,2,BicolorDamselfish,33.8628486230165,Yes,2452.0,73.0,5.0,SRL,361.8298101013525,1123.3563434863831,15.87753232339536,22.12083676230133,18.628844033362945,8.071288209412531,34.4496675791816,260.90736887556966,1
2,41,Yes,2.0,2,1,2,3,BrownChromis,30.47188363488168,No,,74.0,6.0,NRL_r,81.962812083417,1103.1727932199428,6.946092505636929,14.722001905185277,8.633302855318684,9.743635697627711,43.56867641964603,,0
2,41,Yes,2.0,2,1,2,4,BrownChromis,63.60499898904587,Yes,2415.0,36.0,4.0,SRL,782.5117940267448,1477.0089385710762,18.276080950966065,15.130289175083536,0.0,11.555080216261867,14.641291442855312,456.6411308444692,1
2,41,Yes,2.0,2,1,2,5,BrownChromis,57.02388989125749,Yes,2387.0,8.0,2.0,SRL,891.0651961896853,1342.0004605613717,18.849708099754313,21.80903461724115,11.30129582887346,92.64449091993588,21.03780031563531,1437.3509187501147,1
2,41,Yes,2.0,2,1,2,6,BrownChromis,,Yes,2407.0,28.0,3.0,SRUD,,,0.0,0.0,0.0,,,,0
2,41,Yes,2.0,2,1,2,7,BrownChromis,63.1883897463818,No,,74.0,6.0,NRNL_r,207.00573376831065,1832.719854179607,3.2448631289796896,9.643598820600232,,132.96054844000014,62.56983270644716,,0
2,41,Yes,2.0,2,1,2,8,BrownChromis,,Yes,2387.0,8.0,2.0,SRUD,,,0.0,0.0,0.0,,,,0
2,42,Yes,4.0,2,1,3,1,BicolorDamselfish,68.3249276950798,Yes,2390.0,0.0,1.0,FR,335.0170431619141,876.792308274514,35.76207389838906,33.410732056297114,5.765648066851457,42.8257821516291,31.96786486570861,680.2137648214424,1
2,42,Yes,4.0,2,1,3,2,BrownChromis,49.42167008036129,No,,16.0,4.0,NRNL_r,2.9852444468323327,1681.4698731692808,4.839919783574058,15.461389344812178,,32.90900545214425,67.93649271773293,,0
2,42,Yes,4.0,2,1,3,3,BrownChromis,54.180242437739466,Yes,2395.0,5.0,2.0,SRL,515.0542447270313,915.392031399066,44.47456257192419,44.891107734822334,27.251440966411472,26.697145780109157,30.134959261519683,866.8334060753978,1
2,42,Yes,4.0,2,1,3,4,BicolorDamselfish,46.797141731154795,No,,16.0,4.0,NRNL_r,227.82388744473232,1111.7613075578918,10.833475427565809,16.311639154697858,,18.201277521999447,69.41332209012614,,0
2,42,Yes,4.0,2,1,3,5,BrownChromis,68.45774567653454,No,,16.0,4.0,NRL_r,902.6795979690952,1530.9168378637,13.303340165212187,25.270626712393796,22.000710565434424,7.790205128711747,40.69781162704512,,0
2,42,Yes,4.0,2,1,3,6,BrownChromis,53.56756540642381,Yes,2392.0,2.0,1.0,FR,821.6514746773374,1023.735358729592,24.52375422272987,32.23231908851808,13.281865883564702,52.52551515094187,28.32131335095994,942.1173455165796,1
2,42,Yes,4.0,2,1,3,7,BrownChromis,80.22157616251926,Yes,2405.0,15.0,3.0,SRL,846.1506206746693,1160.6263001862626,22.60689710102317,19.950494024489146,15.019515595172663,57.89923478753261,49.21614575069757,750.7833237148853,1
2,43,Yes,6.0,2,1,4,1,BrownChromis,22.794235757489,No,,24.0,6.0,NRL_r,61.061788698850144,1580.993737673202,10.205996995311065,17.75951751631483,11.78385746490829,144.43758366884643,47.90007038224813,,0
2,43,Yes,6.0,2,1,4,2,BicolorDamselfish,38.06676365031028,Yes,2392.0,15.0,4.0,SRL,268.59179501334285,1177.2701405190674,13.15616783425071,14.787272872715178,7.424258011540293,44.61623771102348,36.65544747012697,1312.2116955961212,1
2,43,Yes,6.0,2,1,4,3,BrownChromis,43.90773279369476,Yes,2377.0,0.0,1.0,FR,606.026113386284,707.8188510190872,32.050039072691355,25.568159760349896,7.971029177523552,59.18287592793907,10.51768247922078,2615.834366950716,1
2,43,Yes,6.0,2,1,4,4,BrownChromis,65.61662229276887,No,,24.0,6.0,NRNL_r,241.3998966072956,1772.3020105136495,5.99551744522066,10.75203633342641,,44.2191664527907,64.15378985003102,,0
2,43,Yes,6.0,2,1,4,5,BrownChromis,58.14532309834012,Yes,2382.0,5.0,2.0,SRL,798.9301786037975,823.5267125640784,26.83176466763027,24.986935402614833,18.06464894237895,107.19814724259533,5.305371561318246,1743.5488164893711,1
2,43,Yes,6.0,2,1,4,6,BicolorDamselfish,61.07660715939089,Yes,2400.0,23.0,5.0,SRL,658.6888383488183,1618.4587171019946,8.558940783514856,15.939956782564842,9.02343277105101,169.02998241644778,18.506494477531007,1207.074440483419,1
2,43,Yes,6.0,2,1,4,7,BrownChromis,50.623249584579874,Yes,2387.0,10.0,3.0,SRL,1269.8670680027772,1413.7395309635187,7.074420924341862,17.730265812196038,9.404070052721192,43.43942919101819,17.729030441920695,1818.2764152882428,1
2,43,Yes,6.0,2,1,4,8,BrownChromis,56.05682668915715,No,,24.0,6.0,NRNL_r,681.7781794638646,431.81309880320595,4.752370595666773,10.987064369355958,,37.64944632585086,93.25475368223395,,0
2,44,No,1.0,2,1,5,1,DuskyDamselfish,61.344612579272386,No,,,,NRL_nr,518.7273504008252,598.7653328897086,85.02630300624129,36.06135530419462,36.06135530419462,22.61577097616411,40.520326871841576,,0
2,44,No,1.0,2,1,5,2,BicolorDamselfish,38.58699628025104,No,,,,NRL_nr,56.95094601640973,1545.8383757055803,63.23819921841992,25.908163203696727,20.235189868823845,53.48645358222361,47.860242880844595,,0
2,44,No,1.0,2,1,5,3,BrownChromis,56.46077400275041,No,,,,NRL_nr,414.98805689250344,1138.955115160904,15.37183780073564,23.995936879963807,17.52718777374902,37.511670710720544,35.09258683662576,,0
2,44,No,1.0,2,1,5,4,BrownChromis,68.7145943090094,No,,,,NRNL_nr,269.42438866681147,1774.807459176241,8.630323569943393,14.394015834507734,,34.200234514926954,67.35138488750414,,0
2,44,No,1.0,2,1,5,5,BrownChromis,63.53552582525073,No,,,,NRL_nr,207.15297743480312,1220.903724745159,18.690692818626474,25.107637680065675,10.105819931908862,16.2147124234807,32.908061151637554,,0
2,44,No,1.0,2,1,5,6,BrownChromis,55.74491087944046,No,,,,NRL_nr,412.8880063346323,643.9586933630607,87.86778519857269,44.62005095352542,33.129495633135924,20.964479780563575,51.52383100465115,,0
2,44,No,1.0,2,1,5,7,BrownChromis,72.176427215232,No,,,,NRL_nr,419.6877171085449,813.1304520358631,36.89041557993881,22.80656556459705,8.200166801716527,13.81929566704374,33.809244333920404,,0
2,44,No,1.0,2,1,5,8,BicolorDamselfish,,No,,,,NRTC,50.11279383668077,1638.6266695321608,61.58278398811997,39.798524687286765,39.798524687286765,,51.46095015572086,,0
2,45,No,1.0,2,1,6,1,BrownChromis,,No,,,,NRUD,,,0.0,0.0,0.0,,,,0
2,45,No,1.0,2,1,6,2,BrownChromis,70.73122832917508,No,,,,NRNL_nr,350.57071877449044,509.4960715940836,11.163602412611764,19.666435832476303,,163.11082848014573,80.85918585629553,,0
2,45,No,1.0,2,1,6,3,BrownChromis,69.96280977429593,No,,,,NRL_nr,1094.1387613657143,1182.6217755432076,6.961527254216879,17.76265571557245,11.486177509436503,99.11311278042012,43.96566678358217,,0
2,45,No,1.0,2,1,6,4,BrownChromis,64.23710567132932,No,,,,NRL_nr,901.9208619841525,1062.2906029343997,8.1926595492033,14.419937011280094,9.622454700514078,76.59462586068145,15.692672277799508,,0
2,45,No,1.0,2,1,6,5,BrownChromis,89.5059853786041,No,,,,NRL_nr,135.0539729281004,1629.759095082186,8.186564308422536,15.039141644470728,15.039141644470728,85.53939267505366,45.90047988946534,,0
2,45,No,1.0,2,1,6,6,BicolorDamselfish,66.58711246906381,No,,,,NRNL_nr,396.1090323394536,526.8468691556882,15.148779950689123,22.653293441594073,,100.76126253653352,80.66454028128516,,0
2,45,No,1.0,2,1,6,7,BicolorDamselfish,35.543098815321486,No,,,,NRNL_nr,97.06089452360608,949.2518520476104,14.046487084980638,21.30969970740011,,164.48184656297747,70.18523128522448,,0
2,45,No,1.0,2,1,6,8,BicolorDamselfish,49.874479698906605,No,,,,NRL_nr,206.1582806326158,1260.1381466560626,13.508728799905915,16.809324618160417,11.82578578936958,22.132273384983048,34.9501581892055,,0
2,45,No,1.0,2,1,6,9,BrownChromis,,No,,,,NRUD,,,0.0,0.0,0.0,,,,0
2,48,Yes,4.0,2,1,9,1,BrownChromis,59.15145140132098,Yes,2395.0,12.0,3.0,SRL,802.7067380222435,748.6531078652197,8.89655517447841,21.852694817616054,4.590151792569036,76.91255807537142,10.978230132117336,849.7234282032782,1
2,48,Yes,4.0,2,1,9,2,BrownChromis,84.16856232346358,Yes,2383.0,0.0,1.0,FR,679.115570013532,1013.5019573016538,12.829764951975775,18.954552733774143,12.378956326329035,62.848502153255744,32.88027497210706,1603.4418049120163,1
2,48,Yes,4.0,2,1,9,3,BicolorDamselfish,50.707534032009946,Yes,2393.0,10.0,2.0,SRL,438.25771570636147,1390.6672704549442,11.573262145890332,23.49898315040638,18.82948782559646,146.75011309387483,32.74412005628947,1717.3374959819837,1
2,48,Yes,4.0,2,1,9,4,BrownChromis,65.25032961127842,Yes,2386.0,3.0,1.0,FR,1131.6354818534433,1260.9984247594969,9.169612647673254,18.985465535453713,12.338722796688248,95.15555485144694,25.324796175785668,3644.89427052715,1
2,48,Yes,4.0,2,1,9,5,BrownChromis,35.86521711944445,Yes,2419.0,36.0,5.0,SRL,380.7531533841648,1931.6313213445112,5.838355925342508,16.769536120082936,16.769536120082936,111.55255973262744,49.418879031100374,172.32317900892662,1
2,48,Yes,4.0,2,1,9,6,BrownChromis,58.02759931687817,No,,37.0,6.0,NRNL_r,346.97890401164113,654.6045377214185,17.249611227274237,16.40890875534584,,167.42720610839245,85.79738528738278,,0
2,48,Yes,4.0,2,1,9,7,BrownChromis,55.99605812267226,No,,37.0,6.0,NRNL_r,114.04309161702965,797.4177257303913,19.957909644511364,14.6799455299595,,17.94826866708747,64.60710027438789,,0
2,48,Yes,4.0,2,1,9,8,BrownChromis,61.22485662644144,No,,37.0,6.0,NRL_r,250.372517545149,1470.547875410797,9.505497894547783,18.39061706956774,10.844790741340915,168.2296695214286,36.54612825183108,,0
2,48,Yes,4.0,2,1,9,9,BrownChromis,,Yes,2402.0,19.0,4.0,SRUD,,,0.0,0.0,0.0,,,,0
2,50,No,6.0,2,1,11,1,BrownChromis,76.73679712496407,No,,,,NRL_nr,1220.0922315807472,1213.8972852434622,5.037342239170408,10.111173051285096,6.728529408951573,34.876113843647,19.68085317481988,,0
2,50,No,6.0,2,1,11,2,BrownChromis,60.278258934342,No,,,,NRL_nr,978.5976070089566,834.9088839656673,6.009094711581105,13.32250628623176,13.32250628623176,9.746816815500985,21.600527842955895,,0
2,50,No,6.0,2,1,11,3,BrownChromis,69.69827763840853,No,,,,NRNL_nr,18.512428249529872,1731.9297893587309,2.576891312994702,8.08273815717138,,16.105309065385086,67.35622037921937,,0
2,50,No,6.0,2,1,11,4,Basslet,,No,,,,NRUD,,,0.0,0.0,0.0,,,,0
2,50,No,6.0,2,1,11,5,BicolorDamselfish,34.663963809688035,No,,,,NRL_nr,183.9869724964838,972.8854527157928,5.0647838236041105,15.44591551755719,10.157130087947872,77.98818362850673,51.589450080251744,,0
2,50,No,6.0,2,1,11,6,BrownChromis,69.47520588178,No,,,,NRNL_nr,318.46362810699014,599.7120336500442,4.1901903274266985,8.967971886359813,,80.03077935030562,90.36845975227064,,0
2,52,No,6.0,2,1,13,1,BrownChromis,62.430148329045785,No,,,,NRL_nr,844.9805034475607,553.8766662628772,15.245214703822503,27.584639649739028,1.484865211121906,13.720900214500752,47.12147318705111,,0
2,52,No,6.0,2,1,13,2,BrownChromis,74.4690494409432,No,,,,NRNL_nr,261.9573045351368,1482.0066017150527,9.087703586684189,19.030456869076943,,59.18863915601845,65.95726702665908,,0
2,52,No,6.0,2,1,13,3,BrownChromis,78.39906769778406,No,,,,NRNL_nr,341.5682966480601,532.2304992424345,9.874068989888675,17.386267150619897,,38.05202701737209,76.91143932636078,,0
2,52,No,6.0,2,1,13,4,BicolorDamselfish,65.83622697247021,No,,,,NRL_nr,624.7370336106405,840.5679874032302,18.755741382538208,33.70987118254766,15.45751722185416,166.8929464891249,26.823213461617932,,0
2,52,No,6.0,2,1,13,5,BicolorDamselfish,51.33388661166523,No,,,,NRL_nr,705.4840766153006,1254.9559275966046,4.922357388484558,17.439500769964162,0.0,15.18602441140212,25.38940528823581,,0
2,52,No,6.0,2,1,13,6,BicolorDamselfish,34.94996453525921,No,,,,NRL_nr,220.253143947483,1136.2658726883196,14.93960436236863,31.053017549720582,22.511764420701443,163.15973267286216,52.68564259190506,,0
2,52,No,6.0,2,1,13,7,BrownChromis,69.92215380641896,No,,,,NRL_nr,1112.0804468491356,1131.2533391034356,26.01374174300973,33.91241188028598,16.06370726061935,44.065886661750554,40.33958353399968,,0
2,52,No,6.0,2,1,13,8,BrownChromis,64.68349051175004,No,,,,NRL_nr,1066.1263172928611,1314.0752691749517,24.167415189942,36.34166744129827,36.34166744129827,69.00618492201112,39.45082297153752,,0
2,53,No,0.5,2,1,14,1,BrownChromis,67.44021679118194,No,,,,NRL_nr,963.7720433343236,909.1241598192372,7.490287456835972,16.840717216098444,16.840717216098444,76.69870118905702,21.298395977845264,,0
2,53,No,0.5,2,1,14,2,BrownChromis,54.13024474005736,No,,,,NRL_nr,355.1332812454383,1068.2592344866712,9.137120366325211,16.80859672997419,11.351788363278173,111.4271032491117,26.390207741112555,,0
2,53,No,0.5,2,1,14,3,BicolorDamselfish,79.64332140527787,No,,,,NRL_nr,578.595345181358,477.167806403767,9.624837318310997,20.86085038503457,8.958069086784489,125.38119300768814,27.539943833000848,,0
2,53,No,0.5,2,1,14,4,BrownChromis,69.4679370843884,No,,,,NRNL_nr,404.74981442819256,822.6117968047082,6.846543018799317,15.57835384485576,,155.01823243160416,88.22435865514821,,0
2,53,No,0.5,2,1,14,5,BrownChromis,48.45636163345849,No,,,,NRNL_nr,68.67588918819209,1481.8809717755792,12.789519311400838,16.74771041519257,,129.80223964704248,68.53606480065052,,0
2,53,No,0.5,2,1,14,6,BicolorDamselfish,38.40758485599358,No,,,,NRNL_nr,47.51726446571123,1329.140481139095,14.594193275500482,18.589679154231725,,94.4415548466406,56.19948013502339,,0
2,54,Yes,6.0,2,1,15,1,BicolorDamselfish,34.222075935801335,Yes,2387.0,0.0,1.0,FR,488.96564355371254,1783.3021629497098,8.19486003222972,10.394258116331711,10.394258116331711,51.813822315880714,39.02428984820907,1934.1021463232496,1
2,54,Yes,6.0,2,1,15,2,BrownChromis,59.32443435532785,No,,10.0,4.0,NRNL_r,498.9218506041299,573.170662808965,2.318094795998628,7.021872495330104,,98.45106458417143,109.776234957721,,0
2,54,Yes,6.0,2,1,15,3,BrownChromis,49.356703436497256,Yes,2392.0,5.0,2.0,SRL,1012.4053480089872,1662.281474486463,5.629594000806044,11.633956566507775,11.633956566507775,47.86712194147925,42.77028057129752,2255.732351365376,1
2,54,Yes,6.0,2,1,15,4,BrownChromis,53.47359194558971,No,,10.0,4.0,NRNL_r,0.146181735039493,1698.9911726935866,6.880136416754713,9.185619593383784,,6.280763945059602,66.75710828655288,,0
2,54,Yes,6.0,2,1,15,5,BrownChromis,26.262350295210993,No,,10.0,4.0,NRL_r,48.70947287854451,1603.63174521373,9.817742586182495,13.55333034093311,7.470484356721119,116.36067764267186,49.097644649357896,,0
2,54,Yes,6.0,2,1,15,6,BrownChromis,51.74592947404628,Yes,2396.0,9.0,3.0,SRNL,650.2376170713375,1366.727826734162,6.92405560503746,12.605653521061289,,43.60145801084626,58.107278422018375,2894.4896036218624,1
2,54,Yes,6.0,2,1,15,7,BrownChromis,,No,,10.0,4.0,NRUD,,,0.0,0.0,0.0,,,,0
2,55,No,1.0,2,1,16,1,BrownChromis,55.16323122440884,No,,,,NRNL_nr,37.58547712360672,1057.5355362250762,27.82941129763592,17.14099950927447,,21.585048526867546,80.7450919183256,,0
2,55,No,1.0,2,1,16,2,BicolorDamselfish,38.58598742790469,No,,,,NRL_nr,174.31561380243826,1066.9766768939808,15.477433497664958,24.664668267913548,21.111732063103393,35.632702356737155,48.45420248319193,,0
2,55,No,1.0,2,1,16,3,BrownChromis,105.3013169310102,No,,,,NRNL_nr,255.24269828563985,709.9663148378203,19.318152920204263,23.822081482844393,,98.64121031958577,66.66820991265595,,0
2,55,No,1.0,2,1,16,4,BicolorDamselfish,64.79509527096235,No,,,,NRL_nr,701.1906127870511,262.10777818558785,7.768502571554984,18.0899564817484,18.0899564817484,171.40865149966544,7.534077355824008,,0
2,55,No,1.0,2,1,16,5,BicolorDamselfish,65.7925597236665,No,,,,NRNL_nr,27.16615621137434,928.4782863207492,28.992575495308753,30.135513850546054,,72.80379273841714,79.24749115484303,,0
2,55,No,1.0,2,1,16,6,BrownChromis,61.63175617272206,No,,,,NRL_nr,98.8415362520326,1350.4964637038966,9.171008700727352,18.22622952907498,18.22622952907498,131.89098273007696,39.76899702829164,,0
2,57,No,0.5,2,1,17,1,BicolorDamselfish,23.98313798928812,No,,,,NRL_nr,59.35972221348879,1483.037127596467,4.705425495746866,8.556476535191056,3.801769928558222,58.49814722396193,46.7438016608022,,0
2,57,No,0.5,2,1,17,2,BicolorDamselfish,93.98170939214272,No,,,,NRL_nr,320.88622544113406,886.0013365857326,8.92002245135964,12.579791569701158,3.361735861306233,83.63525794260909,49.83782156780449,,0
2,57,No,0.5,2,1,17,3,BrownChromis,57.39968730835782,No,,,,NRL_nr,978.9004568747353,1430.4223284459977,7.185134083988745,16.892989760645612,15.62500715210531,117.77175473096862,12.889428264203591,,0
2,57,No,0.5,2,1,17,4,BrownChromis,62.04364907090468,No,,,,NRL_nr,851.4231727547539,1149.6145052722704,9.80246165985509,17.151286021573064,12.20910143235025,65.2585119036117,30.75774816205352,,0
2,57,No,0.5,2,1,17,5,BicolorDamselfish,58.64875318541057,No,,,,NRL_nr,553.2875593739462,432.19308015562945,7.365798881551067,15.944814680142896,9.01266085591616,62.13028133136562,21.9034916954284,,0
2,58,Yes,2.0,2,1,18,1,BrownChromis,63.095840679049736,No,,9.0,3.0,NRNL_r,194.46375609916709,684.1339964749386,16.32601833156504,18.95220979395391,,91.70049874579804,83.53135738159214,,0
2,58,Yes,2.0,2,1,18,2,BrownChromis,36.054367133247275,Yes,2374.0,0.0,1.0,FR,758.3852025622051,826.4974514763952,8.208846613731524,18.91711318645878,9.349418603177854,110.21216750133048,0.8962646847322049,1220.3188126573534,1
2,58,Yes,2.0,2,1,18,3,BrownChromis,60.72324843357464,No,,9.0,3.0,NRL_r,114.89778858780367,1404.9935046226526,8.525002759662653,17.467507713234603,13.304387700095107,68.05792005691659,40.496124653766536,,0
2,58,Yes,2.0,2,1,18,4,BicolorDamselfish,85.64650353319082,No,,9.0,3.0,NRL_r,83.75246027090743,1101.6546686074098,34.125434844157056,28.346079775422098,12.1299958346758,61.832632254942574,52.49594070637177,,0
2,58,Yes,2.0,2,1,18,5,BrownChromis,61.77104060743745,Yes,2382.0,8.0,2.0,SRL,1519.6928044256583,1322.9752812249033,3.5375585379316905,8.742204442066447,8.742204442066447,31.5282699299426,38.87424777260486,1213.0223205775478,1
2,58,Yes,2.0,2,1,18,6,BicolorDamselfish,38.84042254140717,No,,9.0,3.0,NRNL_r,56.8316992758804,1198.1760833609972,32.681578397646504,39.66893751824581,,34.20193018776266,61.12281247011027,,0
2,58,Yes,2.0,2,1,18,7,BrownChromis,45.52872740872643,No,,9.0,3.0,NRNL_r,309.5552299280032,520.2449087589096,17.167897236054102,27.64177822365896,,134.4549962054511,59.34046525340901,,0
2,58,Yes,2.0,2,1,18,8,BrownChromis,50.38102510357917,No,,9.0,3.0,NRNL_r,276.33993514239165,1966.921700300727,4.632521448198448,14.382314961696483,,121.63433237919271,69.92712974694818,,0
2,59,No,2.0,2,1,19,1,BicolorDamselfish,22.187930653677487,No,,,,NRL_nr,136.68917977040476,1655.9241129247296,4.414171390255856,11.843594947548535,8.208421164223237,95.02750146155334,47.336244865569974,,0
2,59,No,2.0,2,1,19,2,BrownChromis,76.61466515950414,No,,,,NRL_nr,867.9781307059231,1347.0098169128291,1.960313549922751,7.377276673608774,7.377276673608774,147.93384180144753,22.472149696915302,,0
2,59,No,2.0,2,1,19,3,BrownChromis,106.97881315712598,No,,,,NRNL_nr,917.9605880916478,693.9503437847111,3.594521021625008,5.83639385415891,,84.53421391095442,100.91323868039048,,0
2,59,No,2.0,2,1,19,4,BrownChromis,56.521346011921075,No,,,,NRNL_nr,583.2499551228581,719.2683919317159,4.493152205003631,12.443488420538332,,110.69550411106616,113.41389470027836,,0
2,59,No,2.0,2,1,19,5,BicolorDamselfish,41.30256430670157,No,,,,NRNL_nr,41.06806223913642,1544.2696046950953,4.409187920239242,9.275524651608828,,100.10775281739902,66.2108537074842,,0
2,60,Yes,6.0,2,1,20,1,BicolorDamselfish,47.67394172770478,Yes,2386.0,0.0,1.0,FR,342.6991801141488,1619.4207676227911,5.2942457147885955,12.180663341642166,12.180663341642166,131.99575326758892,39.30290592180448,2052.5462742350915,1
2,60,Yes,6.0,2,1,20,2,BicolorDamselfish,67.82461726723743,No,,22.0,3.0,NRNL_r,661.907944786465,606.6335668254258,22.77299603443435,23.0899913499418,,97.9114052200852,99.35937493779444,,0
2,60,Yes,6.0,2,1,20,3,BrownChromis,,No,,22.0,3.0,NRUD,,,0.0,0.0,0.0,,,,0
2,60,Yes,6.0,2,1,20,4,BicolorDamselfish,44.290787777997025,No,,22.0,3.0,NRNL_r,281.3161395425961,593.3834677598142,22.570879219021787,18.608096705068895,,92.96048571866176,78.20458378921056,,0
2,60,Yes,6.0,2,1,20,5,BrownChromis,50.812353883660045,Yes,2386.0,0.0,1.0,FR,1380.7113679103504,1233.6317971481817,3.374180073546714,10.526886387165549,10.526886387165549,149.8528924500162,32.0790491424698,1982.343679481359,1
2,60,Yes,6.0,2,1,20,6,BrownChromis,51.702770711503675,No,,22.0,3.0,NRL_r,880.0823681274871,1304.8174771892102,4.843103459241561,12.778915406279843,12.778915406279843,90.81722370763866,20.139062856864292,,0
2,60,Yes,6.0,2,1,20,7,BrownChromis,58.90393468668565,Yes,2407.0,21.0,2.0,SRNL,547.9356204167879,508.2197047534546,29.96641068469681,27.993523779095984,,88.0945221014322,73.52997506444645,277.4442758135644,1
2,60,Yes,6.0,2,1,20,8,BrownChromis,61.45729985678307,No,,22.0,3.0,NRNL_r,353.4156746826559,1057.5662277383492,6.67600392906533,11.04542708375994,,108.15107823799008,99.59194909831196,,0
2,60,Yes,6.0,2,1,20,9,BrownChromis,,No,,22.0,3.0,NRUD,,,0.0,0.0,0.0,,,,0
2,61,Yes,6.0,2,1,21,1,BrownChromis,37.750400529263906,Yes,2385.0,0.0,1.0,FR,984.6726628520836,1613.731476936395,5.239002528121165,10.873862714772072,8.014278302599957,113.77215521918626,39.77910841474185,2106.733097721737,1
2,61,Yes,6.0,2,1,21,2,DuskyDamselfish,70.79599181361174,No,,13.0,3.0,NRNL_r,296.23029882034905,1083.2313225834423,5.244719475489342,11.11918876076754,,109.57848064717686,96.0912627831526,,0
2,61,Yes,6.0,2,1,21,3,BrownChromis,70.13001954852884,No,,13.0,3.0,NRNL_r,309.7414928874314,1773.348056825342,8.400211848907185,14.741521124726116,,50.33559097830461,60.56115679942301,,0
2,61,Yes,6.0,2,1,21,4,BrownChromis,31.218250762917716,No,,13.0,3.0,NRNL_r,32.77896341622818,926.3197057210036,8.883700104616281,17.18547589595098,,88.52540145190595,61.75512839524237,,0
2,61,Yes,6.0,2,1,21,5,BicolorDamselfish,46.081267877815726,No,,13.0,3.0,NRL_r,233.27171826167393,855.1175882623041,9.977565562900203,15.5616962722309,12.263910627669045,44.96121093903238,38.44212466051909,,0
2,61,Yes,6.0,2,1,21,6,BicolorDamselfish,37.69737700648444,Yes,2397.0,12.0,2.0,SRL,512.5931822895253,1701.6793933771976,11.282055981490538,16.627791853956396,4.73455338903565,31.205463564762283,37.642148525032205,1660.9913029143772,1
2,61,Yes,6.0,2,1,21,7,BrownChromis,52.37428108875354,No,,13.0,3.0,NRL_r,99.14868125655612,1607.847434167521,12.739717195821008,18.046874302681445,13.38615969230082,64.62214988066373,47.144184530900034,,0
2,62,Yes,4.0,2,1,22,1,BicolorDamselfish,45.46891023627687,Yes,2386.0,0.0,1.0,FR,339.21892363082196,1107.2736465651194,14.32014151739626,18.91316027478334,18.156788160385116,36.003871067022914,36.327136767860566,1477.793523705887,1
2,62,Yes,4.0,2,1,22,2,BicolorDamselfish,,No,,2.0,2.0,NRTC,577.5799698805673,445.9680437563878,6.300320737517622,16.02638719492717,,,98.5047960026513,,0
2,62,Yes,4.0,2,1,22,3,BrownChromis,65.22984165229657,No,,2.0,2.0,NRL_r,736.5778828052931,1447.6764576832295,7.283780993252687,12.014705667425046,10.409271757760331,38.24279240529176,19.059862092589615,,0
2,62,Yes,4.0,2,1,22,4,BrownChromis,74.05098510330984,No,,2.0,2.0,NRNL_r,40.32543131304834,901.069520561542,31.91653231901837,21.300821824710862,,64.16354911011277,79.41845500123807,,0
2,62,Yes,4.0,2,1,22,5,BrownChromis,60.27088710471067,Yes,2387.0,1.0,1.0,FR,517.294604380638,752.5391627783453,12.74797256642576,11.60785784335062,0.0,123.37286966592644,42.70232491145243,1733.1394961582723,1
2,62,Yes,4.0,2,1,22,6,BrownChromis,42.381797053803986,No,,2.0,2.0,NRNL_r,161.44947373312158,1088.9399406811926,58.771511102809406,25.112291337143457,,79.11441181369202,81.68056243726863,,0
2,62,Yes,4.0,2,1,22,7,BrownChromis,85.83221474056447,No,,2.0,2.0,NRNL_r,0.3841268931920353,1668.9924352201317,5.866087973651303,14.65923274222689,,97.63312279369502,67.8698056226364,,0
2,63,No,6.0,2,1,23,1,BrownChromis,48.51956779185904,No,,,,NRL_nr,856.4432549048427,1464.0347833699,4.16741376392164,11.597058872169232,3.678787192221414,24.309999717781576,39.309820944942516,,0
2,63,No,6.0,2,1,23,2,BrownChromis,86.82352076560987,No,,,,NRNL_nr,106.17638371671612,1725.1090211428232,3.084350468636851,9.346326582517154,,41.89651197458168,64.4764875915636,,0
2,63,No,6.0,2,1,23,3,BrownChromis,65.27942971307938,No,,,,NRL_nr,657.4565359227665,1788.177412871339,9.247846778417328,13.78336609534566,13.78336609534566,68.87281791149076,31.42832515851155,,0
2,63,No,6.0,2,1,23,4,BicolorDamselfish,44.96216164311705,No,,,,NRL_nr,459.9244271459541,1655.447088724397,7.841833088273968,14.244313530828048,9.804540345595845,77.11801889323732,30.716032878260815,,0
2,63,No,6.0,2,1,23,5,BrownChromis,89.08467686268794,No,,,,NRL_nr,467.2891495300613,505.6559595667745,2.0667349267557453,9.748300878649458,0.0,83.20122554201953,49.62370198970246,,0
2,65,No,0.5,2,1,25,1,BrownChromis,68.83730564430762,No,,,,NRL_nr,1130.8659063901257,1195.1870173141936,5.619811050951511,14.92211939376498,14.92211939376498,100.10390780907817,18.19513273775674,,0
2,65,No,0.5,2,1,25,2,BrownChromis,64.6472501806217,No,,,,NRL_nr,867.5829708164398,870.661436283339,6.925475398519621,17.000346810011806,10.040521854852868,106.4384755303336,35.92560978199821,,0
2,65,No,0.5,2,1,25,3,BrownChromis,111.15986653727629,No,,,,NRNL_nr,319.3278607905824,1578.0063837711916,2.0278859637798536,9.881639783236428,,68.30585418445534,84.44876886596518,,0
2,65,No,0.5,2,1,25,4,BicolorDamselfish,71.59247915354682,No,,,,NRNL_nr,885.9345699527178,428.14777381317185,40.21348276154005,37.35452658168686,,115.57661686674,74.81267136732932,,0
2,65,No,0.5,2,1,25,5,BrownChromis,75.46569428762753,No,,,,NRNL_nr,992.7770780695824,546.3102186857751,39.74394967771842,32.160419550955076,,125.69363700115244,66.35748793448673,,0
2,65,No,0.5,2,1,25,6,BrownChromis,72.50630105962568,No,,,,NRNL_nr,568.8769820906372,479.07353205619,5.078004501936397,18.33851111106755,,173.82396722232812,111.11298547986236,,0
2,66,No,0.5,2,1,26,1,BrownChromis,,No,,,,NRUD,,,0.0,0.0,0.0,,,,0
2,66,No,0.5,2,1,26,2,BicolorDamselfish,44.30041202382642,No,,,,NRL_nr,143.43040083798863,863.8963979962457,25.387211963239743,31.86658640976617,18.03817095865004,128.07762784755496,41.88093652931078,,0
2,66,No,0.5,2,1,26,3,BrownChromis,,No,,,,NRUD,,,0.0,0.0,0.0,,,,0
2,66,No,0.5,2,1,26,4,BrownChromis,54.43560681685081,No,,,,NRL_nr,666.5801112618074,1298.2886955097747,6.184797332644779,11.714436298217796,11.714436298217796,80.81277834423729,34.38143283148904,,0
2,66,No,0.5,2,1,26,5,BrownChromis,74.50254154488462,No,,,,NRNL_nr,786.3911438528195,565.0035652763188,20.85821121145508,13.71198949476161,,48.916144279293945,88.81374130162116,,0
2,66,No,0.5,2,1,26,6,BrownChromis,74.56258285651546,No,,,,NRL_nr,403.7150707738712,754.0135187700414,42.31199757096744,29.655152565705308,26.733639508762053,127.55776362059758,35.95425983440592,,0
2,66,No,0.5,2,1,26,7,BicolorDamselfish,72.14368545745421,No,,,,NRL_nr,322.2098934283478,672.4249281921368,43.804361960650425,30.215473965022703,3.132865287196675,65.9810669043552,48.11434206650653,,0
2,66,No,0.5,2,1,26,8,BrownChromis,54.361543596676114,No,,,,NRNL_nr,208.7688538918225,1396.6681072139802,5.9747609414526055,11.318960342133794,,122.57816526855824,60.23839213701442,,0
2,69,No,0.5,2,1,29,1,BicolorDamselfish,52.82635762009783,No,,,,NRL_nr,413.69680595130154,1605.8632230379023,3.8633564356967383,10.717610407931591,10.717610407931591,23.443045370420027,38.90630230760414,,0
2,69,No,0.5,2,1,29,2,BrownChromis,69.51715153160099,No,,,,NRL_nr,996.5400042515996,1256.1087562607188,8.343933700244188,12.199439481616848,3.969107533453097,89.40774340379424,47.34181040849929,,0
2,69,No,0.5,2,1,29,3,BrownChromis,60.03437431267228,No,,,,NRL_nr,855.7573037659339,660.0632054332569,6.966033535576022,10.693464982930369,4.041231275084185,68.73229921651716,21.069464422951036,,0
2,69,No,0.5,2,1,29,4,BrownChromis,50.98829982771416,No,,,,NRL_nr,930.2664641840556,1151.7054888125206,10.312148479447304,12.062871964304351,12.062871964304351,76.10481576310913,26.787607283930992,,0
2,69,No,0.5,2,1,29,5,BicolorDamselfish,67.3814856110275,No,,,,NRNL_nr,78.85406368667498,1056.1065439320423,3.028023560549028,8.899997493547081,,58.61001201558519,78.11900891336643,,0
2,69,No,0.5,2,1,29,6,BrownChromis,,No,,,,NRUD,,,0.0,0.0,0.0,,,,0
2,71,No,8.0,2,1,31,1,BicolorDamselfish,25.936853149508256,No,,,,NRL_nr,66.88754497610046,1623.7461580645297,18.991901235348337,14.258735465933556,11.928792540313363,93.86832146245207,48.679893062031205,,0
2,71,No,8.0,2,1,31,2,BicolorDamselfish,69.27845277832647,No,,,,NRL_nr,727.8241937339899,660.0187653649425,4.479357624728774,9.673107078823424,1.0520861797656806,67.7997113125537,3.0609258535517547,,0
2,71,No,8.0,2,1,31,3,BicolorDamselfish,48.40922845560833,No,,,,NRL_nr,141.56182767987812,1722.1493486427696,14.676106105091357,9.170272040142333,0.0,75.33531357927369,52.96916869960101,,0
2,71,No,8.0,2,1,31,4,BrownChromis,61.62184748676538,No,,,,NRL_nr,897.1058758642928,1454.7053347113656,3.749090106570803,9.436840896330986,9.436840896330986,65.23010043386977,11.267628763266943,,0
2,71,No,8.0,2,1,31,5,BrownChromis,88.68573568344884,No,,,,NRL_nr,1467.4062622093586,1081.2617783928345,3.1374620683083276,4.9539986422205216,0.0,106.8984082014317,45.677896337852786,,0
2,73,No,2.0,2,1,33,1,BrownChromis,60.054780470861886,No,,,,NRL_nr,1062.0236902079794,1041.357226154821,9.38686143029618,20.936003080249343,10.934678314858214,93.25072309662193,17.028442204991993,,0
2,73,No,2.0,2,1,33,2,BrownChromis,53.815152495754674,No,,,,NRL_nr,1069.5573943499287,1283.108099152955,18.37195195540879,31.53422067491599,17.858758747979238,73.45614066034862,39.26104681209726,,0
2,73,No,2.0,2,1,33,3,BrownChromis,82.56333093757668,No,,,,NRNL_nr,513.3399979330784,996.4482889874084,8.552095657964433,20.264792679708936,,50.109697891541884,72.9889107998647,,0
2,73,No,2.0,2,1,33,4,BicolorDamselfish,68.47104485586321,No,,,,NRL_nr,437.88749844355056,615.7104544575185,8.292801885482993,22.20919630114496,3.925348625867541,28.090369825491123,26.20775898801064,,0
2,73,No,2.0,2,1,33,5,BrownChromis,67.33949416095255,No,,,,NRL_nr,812.3808196874974,1390.2631871513047,14.17626566387314,23.26355048089387,19.384790733817965,79.43751709125549,25.14252365281204,,0
2,73,No,2.0,2,1,33,6,BrownChromis,75.35095888845333,No,,,,NRL_nr,965.8189182821998,1106.9559796126732,16.28659835389196,29.38494622988377,7.194447758824047,39.048827240943275,53.06378220750113,,0
2,73,No,2.0,2,1,33,7,BrownChromis,,No,,,,NRUD,,,0.0,0.0,0.0,,,,0
2,73,No,2.0,2,1,33,8,BicolorDamselfish,41.845707747318,No,,,,NRL_nr,527.2651082154665,1664.1852233149625,7.642223080618841,16.778460753088844,16.778460753088844,39.83467722237326,31.15089457669856,,0
3,76,No,1.0,1,2,1,1,Tilefish,102.23322393006858,No,,,,NRL_nr,89.61158902519462,1858.7184946300133,24.601982893878745,16.849256403329964,6.989065916108923,114.06456774848223,37.13220913268702,,0
3,76,No,1.0,1,2,1,2,Wrasse,52.83168651678287,No,,,,NRL_nr,3.66695578765762,2064.840471076267,16.526509479779673,22.97779549924681,21.806763122197847,33.476179876536214,34.08860517612007,,0
3,76,No,1.0,1,2,1,3,BrownChromis,,No,,,,NRUD,,,0.0,0.0,0.0,,,,0
3,76,No,1.0,1,2,1,4,BrownChromis,,No,,,,NRUD,,,0.0,0.0,0.0,,,,0
3,76,No,1.0,1,2,1,5,BicolorDamselfish,39.28501345450871,No,,,,NRNL_nr,198.87428622574856,1638.8635902551916,20.991760708702166,11.3781384011583,,21.10317976551747,64.79396679765114,,0
3,76,No,1.0,1,2,1,6,BicolorDamselfish,22.205600616524855,No,,,,NRL_nr,92.22542939274848,1542.6207450747645,17.63308520042027,23.21112709293164,2.6170005309933986,120.42320533548022,40.79699159216622,,0
3,76,No,1.0,1,2,1,7,BicolorDamselfish,47.1735328783791,No,,,,NRNL_nr,469.63262082097384,2008.806518593554,9.370133991408816,8.689915745323372,,110.1539637371856,71.49481204095392,,0
3,76,No,1.0,1,2,1,8,BicolorDamselfish,33.034975837251935,No,,,,NRNL_nr,85.75123834665212,1436.260461886484,19.30359332114766,14.130078036934815,,120.4632886914332,57.14009411008217,,0
3,77,No,6.0,1,2,2,1,DuskyDamselfish,57.37516145142648,No,,,,NRNL_nr,377.5954441835843,929.2966628210904,15.29354996083488,27.15464064439455,,50.256669205205746,93.0545587190728,,0
3,77,No,6.0,1,2,2,2,BicolorDamselfish,46.60263058093289,No,,,,NRL_nr,302.91636148482513,798.4874958786925,50.90243852719205,48.48712190206427,21.19819227533223,156.15548470637626,43.25505484894726,,0
3,77,No,6.0,1,2,2,3,DuskyDamselfish,47.33136278008397,No,,,,NRL_nr,270.188700465405,1480.4583697289315,111.58818197621665,54.58653682375266,48.2585835273312,80.79839055086869,31.79491283398761,,0
3,77,No,6.0,1,2,2,4,BicolorDamselfish,37.72294394830467,No,,,,NRL_nr,433.700796750701,1496.085704420068,56.93415931282767,40.99327384984681,40.99327384984681,42.66517568208309,27.75055288434123,,0
3,77,No,6.0,1,2,2,5,BicolorDamselfish,48.65010548987673,No,,,,NRL_nr,160.15346781099072,1182.673488010109,113.25546911007952,65.7323923008881,51.49142629787288,63.03521138672459,34.2415845174067,,0
3,77,No,6.0,1,2,2,6,BrownChromis,57.974946040066435,No,,,,NRL_nr,525.0443883311077,739.0091587323866,41.44089927163229,40.877831310052386,36.31221963995556,171.49144157183284,34.04875663775029,,0
3,77,No,6.0,1,2,2,7,BrownChromis,47.27917770088256,No,,,,NRNL_nr,978.7113384894496,522.2965537209691,81.32621922533242,35.068626541773384,,116.07631269328157,105.25113462103916,,0
3,77,No,6.0,1,2,2,8,BrownChromis,43.90184492793536,No,,,,NRNL_nr,1091.0887920283203,481.9195069371677,54.37580014778584,23.993438967333212,,149.17962970314505,113.222764220394,,0
3,77,No,6.0,1,2,2,9,BicolorDamselfish,29.215801058278405,No,,,,NRL_nr,5.23511361928376,1432.0498826575356,174.85828691823417,65.18862309017061,58.0009196433428,152.6339994915071,43.165424284310525,,0
3,77,No,6.0,1,2,2,10,BicolorDamselfish,39.33239118521925,No,,,,NRL_nr,417.3631485907305,1132.5694652891527,53.72290287330144,39.12780126657316,13.436781728085984,111.53750695897214,34.47345272607985,,0
3,77,No,6.0,1,2,2,11,BicolorDamselfish,31.395931459009105,No,,,,NRL_nr,164.3595496649976,1530.3287343885677,57.25057624455446,42.284847737010274,42.284847737010274,25.983198208060603,41.74748024149695,,0
3,77,No,6.0,1,2,2,12,BicolorDamselfish,22.537022239181507,No,,,,NRL_nr,59.93479021291182,1350.9965698517972,350.3982378949604,99.98112710775476,56.62835848651025,91.90803260194558,38.863560922214,,0
3,77,No,6.0,1,2,2,13,BicolorDamselfish,45.286727417569466,No,,,,NRL_nr,3.1027076981347133,1186.58063789102,217.6579369880613,70.70103070121951,31.11377900149939,136.61526012603952,40.46942936891574,,0
3,77,No,6.0,1,2,2,14,BicolorDamselfish,39.41396669173403,No,,,,NRL_nr,10.932500689693851,1244.7166086093348,253.4337202504614,87.36094256772645,6.824563087656305,66.60606236332204,41.5597663258071,,0
3,77,No,6.0,1,2,2,15,BrownChromis,24.041627604224004,No,,,,NRL_nr,146.13120224883124,1332.062527289302,882.9517290615488,85.53144821987117,60.46259241607893,164.25282748542196,36.373456608297005,,0
3,77,No,6.0,1,2,2,16,BrownChromis,40.82988192590201,No,,,,NRL_nr,138.61283550014298,1275.9899689781178,323.8278649859504,69.63562112486525,58.66874134304312,164.0729846650054,38.18098647256267,,0
3,77,No,6.0,1,2,2,17,Doctorfish,,No,,,,NRUD,,,0.0,0.0,0.0,,,,0
3,77,No,6.0,1,2,2,18,BrownChromis,,No,,,,NRUD,,,0.0,0.0,0.0,,,,0
3,77,No,6.0,1,2,2,19,BrownChromis,49.13417521219038,No,,,,NRNL_nr,831.4261271662062,529.1447571430938,24.183933608747168,29.348460252736366,,138.0767654988203,113.50832374987333,,0
3,78,No,2.0,1,2,3,1,BicolorDamselfish,45.84064833909119,No,,,,NRL_nr,175.29359278376526,1660.701676630662,69.3565062177262,95.38820410904565,80.2953540282293,169.06450807884175,32.81580204285113,,0
3,78,No,2.0,1,2,3,2,Doctorfish,125.13789897135143,No,,,,NRL_nr,216.4389199530317,1885.507626347292,32.363070740182316,57.434917171770174,15.05038227344156,107.18692127176386,41.690482475851695,,0
3,78,No,2.0,1,2,3,3,BandedButterflyfish,102.03783000673684,No,,,,NRL_nr,255.9306904435833,1616.5818469118171,104.48336686232304,92.52838354661732,37.338163987989006,169.78531213475074,31.333368234637167,,0
3,78,No,2.0,1,2,3,4,Goatfish,147.29196806511192,No,,,,NRL_nr,118.4950317381472,1855.0304472736068,71.55711901519716,57.32290748755869,41.459669276411795,31.863530887271615,29.261373416739175,,0
3,78,No,2.0,1,2,3,5,BicolorDamselfish,29.55846122899031,No,,,,NRL_nr,321.2658535881398,1440.0064567376724,79.55596137066067,94.83244256362056,21.38489045116659,152.55235950056033,28.504102381176608,,0
3,78,No,2.0,1,2,3,6,BrownChromis,50.51411401415326,No,,,,NRL_nr,285.6550798886528,1156.3966746005665,102.59393944164565,64.5361752502092,34.19154770303832,139.66820613363836,26.279849955893265,,0
3,78,No,2.0,1,2,3,7,BrownChromis,40.92354381071525,No,,,,NRL_nr,612.0327139956152,1016.8552553544964,43.507716931912576,61.64748823016233,43.36181509623742,131.21172588867796,23.113903452227497,,0
3,78,No,2.0,1,2,3,8,BrownChromis,52.43176731924659,No,,,,NRL_nr,931.3023855330724,1282.1549703488786,64.26635663820274,68.11093869307533,40.30715507052777,104.56686968360994,27.721861428799468,,0
3,78,No,2.0,1,2,3,9,BrownChromis,81.50115881828211,No,,,,NRL_nr,1021.38909502857,1296.4985160188603,67.30054751565152,55.115070073437394,11.666207335293963,89.14436045392223,34.22004335209588,,0
3,78,No,2.0,1,2,3,10,BicolorDamselfish,47.7830119758036,No,,,,NRL_nr,721.4010906564422,1524.3013341399485,33.57073586335049,59.8365395429229,50.66208101851775,140.27107970300406,23.725615109784815,,0
3,78,No,2.0,1,2,3,11,BicolorDamselfish,68.44640648496156,No,,,,NRL_nr,151.30009703278395,1132.680741775029,119.2155178480989,68.97009761284787,26.24106383731811,85.52969714953842,33.53786455351545,,0
3,78,No,2.0,1,2,3,12,BicolorDamselfish,46.35282259947662,No,,,,NRL_nr,189.8369203502053,851.4445468657519,57.49333992854723,57.90090631690782,21.581387653408655,169.9110034956215,36.53925133681649,,0
3,78,No,2.0,1,2,3,13,BicolorDamselfish,32.118204387532174,No,,,,NRNL_nr,187.06177743536935,1807.8518558034525,9.567645081984388,33.71817821336729,,10.255491074960895,64.540392267283,,0
3,78,No,2.0,1,2,3,14,BicolorDamselfish,51.49492497659838,No,,,,NRL_nr,7.2867776232475405,1072.2778693748903,54.12194392546789,58.286996489773735,1.821225878954556,77.25669299945558,44.81504867508845,,0
3,78,No,2.0,1,2,3,15,BicolorDamselfish,44.32424692052885,No,,,,NRL_nr,319.7855323813592,1147.76701862687,58.0532885690448,68.91499648774605,30.817788630454466,111.85991024194134,37.791431501506146,,0
3,79,No,0.5,1,2,4,1,BicolorDamselfish,22.754481298289157,No,,,,NRL_nr,2.5970286940511813,1060.969439123788,21.828319052553653,22.39617468997148,7.612476371999741,44.06092715727859,48.32129758601269,,0
3,79,No,0.5,1,2,4,2,BrownChromis,54.81530468815303,No,,,,NRL_nr,585.1721365975245,1429.7156929399066,13.89457555467007,19.59883294007322,6.8025334635409305,67.68696164490834,36.637227978629184,,0
3,79,No,0.5,1,2,4,3,BrownChromis,45.71507515874577,No,,,,NRL_nr,480.4568102064859,1050.4891493931218,116.49130247244092,47.68367185123813,9.49902386891296,43.63138894559135,29.19926111852213,,0
3,79,No,0.5,1,2,4,4,BrownChromis,56.21301594686923,No,,,,NRL_nr,303.4361172954785,1566.693796290779,15.801154450979524,21.8884290802509,21.8884290802509,53.71478497590214,52.85848999216793,,0
3,79,No,0.5,1,2,4,5,BicolorDamselfish,37.42274417910209,No,,,,NRNL_nr,204.32147802023192,1710.9736639596558,12.154635789766818,18.27063359582176,,46.82186423292351,68.86257209494903,,0
3,79,No,0.5,1,2,4,6,BicolorDamselfish,50.22537819692586,No,,,,NRL_nr,436.5925876557681,1126.108976971542,122.41672786353028,47.66727269130955,25.40465223141111,12.39502568785466,33.06109849103166,,0
3,79,No,0.5,1,2,4,7,BicolorDamselfish,42.22328960778869,No,,,,NRL_nr,520.5795701058821,1239.2785616900765,40.54795924826402,29.356024815387507,17.93576698333527,21.81869619803673,21.208014858850827,,0
3,79,No,0.5,1,2,4,8,BicolorDamselfish,44.314322572163405,No,,,,NRL_nr,302.62850929718854,935.6969355047704,69.36739822604792,21.654407742729894,0.0,93.99303845824426,39.74599660885894,,0
3,79,No,0.5,1,2,4,9,BicolorDamselfish,39.0295982301126,No,,,,NRL_nr,358.25762991353446,1475.6128452937485,18.055788675072534,23.84157986402553,17.105660670638855,54.86751816481211,28.121212630999263,,0
3,79,No,0.5,1,2,4,10,BicolorDamselfish,46.131154764720414,No,,,,NRNL_nr,9.795386293287883,1616.338761855203,13.837052479968184,19.40631185276226,,77.8836383471464,58.91256201655859,,0
3,80,No,2.0,1,2,5,1,BicolorDamselfish,29.478095241742945,No,,,,NRL_nr,109.33654021768388,1446.4936467537502,17.422128003031442,10.821102439582424,7.029189619189086,89.28465129610778,38.21482600790991,,0
3,80,No,2.0,1,2,5,2,BicolorDamselfish,29.32585907417461,No,,,,NRNL_nr,307.20559915193957,1849.8765083860244,3.9814394495901944,6.758101961790244,,138.82603575551715,66.9978137155789,,0
3,80,No,2.0,1,2,5,3,BicolorDamselfish,44.83923125493461,No,,,,NRNL_nr,153.185166207384,814.211085245339,7.400514119722907,10.161698061688574,,141.00884698741794,55.06782073160245,,0
3,80,No,2.0,1,2,5,4,BicolorDamselfish,46.72714811557527,No,,,,NRL_nr,321.2947669932735,1426.259643077201,12.92775466816693,8.389417537349953,8.389417537349953,94.1892694037471,29.480427030182582,,0
3,80,No,2.0,1,2,5,5,BrownChromis,62.00213536908224,No,,,,NRNL_nr,82.6889450843133,1120.051739764255,7.708163375529743,10.487765552447051,,82.00948738278407,67.98459841261052,,0
3,81,No,4.0,1,2,6,1,BicolorDamselfish,30.584480329949383,No,,,,NRL_nr,45.53904141312715,1530.654785470885,71.71289246781569,53.63128651999118,13.594979386165988,47.10479557006769,42.50272481763889,,0
3,81,No,4.0,1,2,6,2,Doctorfish,120.6385676706104,No,,,,NRL_nr,168.00355839663533,1929.2379052554268,23.23815702856538,23.16018076687276,23.16018076687276,116.8567201778842,39.93506666230083,,0
3,81,No,4.0,1,2,6,3,Flounder,186.0650520499053,No,,,,NRL_nr,1119.3393152908277,1458.824237243423,4.367180182355525,12.111763908316592,0.0,124.95843635869518,45.2122645504411,,0
3,81,No,4.0,1,2,6,4,BicolorDamselfish,76.28127776953573,No,,,,NRNL_nr,66.41723776012677,1541.306367780605,162.9917276837189,41.151732885059374,,107.41790744162346,60.95016151826585,,0
3,81,No,4.0,1,2,6,5,BicolorDamselfish,31.599808540932827,No,,,,NRNL_nr,27.269920802011512,1609.9891788368184,164.889002794074,45.557542897747005,,131.78416682682942,60.537699241327005,,0
3,81,No,4.0,1,2,6,6,BicolorDamselfish,33.756807732075075,No,,,,NRNL_nr,267.12062962024584,1786.29254900155,23.04757414058392,28.178954410060697,,138.06244296818238,69.45521650015822,,0
3,81,No,4.0,1,2,6,7,BicolorDamselfish,43.79507526329194,No,,,,NRL_nr,224.58309355714712,1608.3248821678535,69.4434749110299,39.8838778032662,17.81171255663666,109.8372403618373,36.50357412323543,,0
3,81,No,4.0,1,2,6,8,BicolorDamselfish,31.60296874650688,No,,,,NRL_nr,322.5930156028941,1105.943257333799,11.661988738025585,23.466063107166526,4.24565823023995,160.78022120224128,42.32211283133127,,0
3,81,No,4.0,1,2,6,9,BicolorDamselfish,25.688797256237223,No,,,,NRL_nr,131.76880972230074,1478.1679706455404,60.67982855304187,45.100017828239494,7.2071097899984835,58.908558758913,39.341619743122074,,0
3,81,No,4.0,1,2,6,10,BicolorDamselfish,33.45786383110436,No,,,,NRL_nr,102.78122188517044,968.6475353486125,17.434183031156934,30.070136165101083,17.625485028021565,147.8253648638478,45.99657520532449,,0
3,81,No,4.0,1,2,6,11,BrownChromis,,No,,,,NRUD,,,0.0,0.0,0.0,,,,0
3,82,No,1.0,1,2,7,1,BrownChromis,44.523196140151434,No,,,,NRL_nr,311.2089088034736,1478.6446431577026,140.24595457551965,85.34660749278518,72.8332858440813,85.12017769441582,37.29529432997178,,0
3,82,No,1.0,1,2,7,2,BrownChromis,69.70425205598926,No,,,,NRL_nr,226.49946043765976,1510.3924800494865,205.08583847445792,66.90909796976042,51.42868625121342,105.70376552003565,41.30611489085646,,0
3,82,No,1.0,1,2,7,3,BrownChromis,38.673205601295976,No,,,,NRL_nr,259.19764468301486,1622.7575985449903,52.20897087111342,48.88612210077289,48.88612210077289,160.75020331344626,48.33484403776939,,0
3,82,No,1.0,1,2,7,4,BicolorDamselfish,36.558256232511745,No,,,,NRL_nr,252.53210682043195,1474.0883364906638,176.81145792970244,69.35799418388966,49.391554658991645,65.35692548516123,32.971042622817066,,0
3,82,No,1.0,1,2,7,5,BicolorDamselfish,44.64407683441576,No,,,,NRL_nr,278.9438751677204,1569.835242255209,123.68428570225728,69.6923069905522,61.01494451583669,103.03226093365475,31.49899718043392,,0
3,82,No,1.0,1,2,7,6,BrownChromis,55.49454409684875,No,,,,NRNL_nr,132.58161227781906,1412.3164456110962,27.316925385273063,37.664886101606825,,141.46565051590434,61.32571298392443,,0
3,82,No,1.0,1,2,7,7,BicolorDamselfish,44.011157575599334,No,,,,NRNL_nr,121.84633248301417,1489.5141682326955,16.196224403069948,32.29363778608524,,153.24661791362493,72.82423936582727,,0
3,82,No,1.0,1,2,7,8,Flounder,136.7560278147387,No,,,,NRL_nr,631.6687191448476,1514.9233262295957,26.653007937838577,28.047103474303803,28.047103474303803,51.81321138448427,26.201006787039656,,0
3,82,No,1.0,1,2,7,9,BicolorDamselfish,54.91037505111357,No,,,,NRL_nr,96.75885777710404,881.5657044231461,30.714216237255485,37.87566969521169,0.0,104.6275207907695,47.22327973269001,,0
3,82,No,1.0,1,2,7,10,BicolorDamselfish,32.699516540726606,No,,,,NRL_nr,113.94005913981664,1199.6243768861268,290.2287095182921,90.07124659925604,20.156647712753983,158.6754759536767,34.529790434214775,,0
3,82,No,1.0,1,2,7,11,BicolorDamselfish,30.511179175971236,No,,,,NRL_nr,91.42145588229371,1301.0691509515366,404.778882822751,94.84830009115367,32.041118062556784,3.5555231831840115,38.53777045931427,,0
3,82,No,1.0,1,2,7,12,BicolorDamselfish,41.95246061780789,No,,,,NRL_nr,91.54722788476738,1362.3021435537182,343.8633443145063,91.55584517106132,70.51704598273568,18.342811591359833,38.07168019588808,,0
3,82,No,1.0,1,2,7,13,BicolorDamselfish,20.475996182814686,No,,,,NRL_nr,89.43177910265122,1275.215646860387,447.018557538449,115.49741129750572,56.49386660069822,42.8699628791241,35.64509350401004,,0
3,82,No,1.0,1,2,7,14,BicolorDamselfish,50.04273806370163,No,,,,NRL_nr,141.61868235615498,1414.5560876317152,175.83430376906983,81.7020203412219,54.05421713872843,113.86419129805364,36.393602353385695,,0
3,84,No,1.0,1,2,9,1,BicolorDamselfish,29.231339423029095,No,,,,NRL_nr,121.07739963564023,1160.4207201692466,143.06778097544688,45.292788101191746,19.295253235728502,12.865282373962684,35.399217542477196,,0
3,84,No,1.0,1,2,9,2,BicolorDamselfish,33.743229715683064,No,,,,NRL_nr,213.46517571410743,1251.156753390546,117.79442059572806,32.456266550895286,15.207219405081895,74.90182832970063,31.691514796827526,,0
3,84,No,1.0,1,2,9,3,BicolorDamselfish,43.86332288848255,No,,,,NRL_nr,240.34063408759724,1633.082664688186,59.3234928309502,33.80888773241654,27.50021143144707,62.32019687882515,37.69034974930707,,0
3,84,No,1.0,1,2,9,4,BicolorDamselfish,20.007106128768932,No,,,,NRNL_nr,226.3515764894205,1491.1553353328131,12.776382224949918,21.58938938920967,,61.4019004148974,60.212059473481666,,0
3,84,No,1.0,1,2,9,5,BicolorDamselfish,42.71347058168683,No,,,,NRL_nr,117.3049544017934,1705.8776019327556,67.0602630012139,32.750155791476026,32.23454388427532,10.026626729794728,42.37058958628289,,0
3,84,No,1.0,1,2,9,6,BrownChromis,46.8281020939237,No,,,,NRL_nr,732.687263550968,1261.244550039641,177.4812362609433,55.59146713089032,55.59146713089032,108.65910669341388,5.550869988739569,,0
3,84,No,1.0,1,2,9,7,BrownChromis,60.770633587818686,No,,,,NRL_nr,673.8543456198761,1212.2295612656749,179.7118896373119,45.564893732665205,20.745743854140255,46.732248078334,7.626372582580896,,0
3,84,No,1.0,1,2,9,8,BicolorDamselfish,41.5810888721039,No,,,,NRL_nr,149.39228053558415,1566.815180760629,92.18506184319824,39.976094506912105,29.120209109690215,36.906836548131615,38.948320964138354,,0
3,84,No,1.0,1,2,9,9,BrownChromis,39.899455126637456,No,,,,NRNL_nr,339.2956390304593,669.4716222417995,140.46104775179802,27.18713978716496,,94.99276031938372,67.28255400105343,,0
3,84,No,1.0,1,2,9,10,BrownChromis,43.2850530908193,No,,,,NRNL_nr,395.6049719038288,594.2516774566019,295.5300239372947,39.38821407790932,,106.18321699387896,64.58493229743388,,0
3,84,No,1.0,1,2,9,11,BicolorDamselfish,37.87808412121871,No,,,,NRL_nr,236.04736876495957,765.9884728092144,45.571718345121866,30.46574494831927,15.898385057887094,52.99985622328925,54.95932009533608,,0
3,84,No,1.0,1,2,9,12,BicolorDamselfish,20.433269733073818,No,,,,NRL_nr,46.22530922097331,1253.242426206902,96.05116528979111,34.65557230137217,16.24143435341754,43.60314018665436,37.65483481068709,,0
3,85,No,7.0,1,2,10,1,BicolorDamselfish,,No,,,,NRUD,,,0.0,0.0,0.0,,,,0
3,85,No,7.0,1,2,10,2,BrownChromis,44.0877013808151,No,,,,NRNL_nr,95.32083440718664,1306.402619516715,317.99991947543225,40.10484379120275,,165.47357713095582,76.18931468821316,,0
3,85,No,7.0,1,2,10,3,BrownChromis,37.29336823460217,No,,,,NRNL_nr,101.24854144056344,1361.070403552302,318.7654473385316,60.99078373003508,,48.99368044618883,76.8239136803101,,0
3,85,No,7.0,1,2,10,4,BrownChromis,71.31800293716941,No,,,,NRNL_nr,65.51244685529252,1580.776146912356,26.52068022572671,18.968891905433463,,64.35084282298475,68.51957940060824,,0
3,85,No,7.0,1,2,10,5,BicolorDamselfish,39.79793106054424,No,,,,NRL_nr,140.39498429890256,891.8679856271626,17.14367229253951,20.312907325860184,6.994882631369589,99.3680024914044,43.207796620851056,,0
3,85,No,7.0,1,2,10,6,BicolorDamselfish,36.97305456989882,No,,,,NRL_nr,127.6391045850361,1367.5215811869452,123.80958438621872,26.618629903045147,15.436047702440936,78.98529812971674,38.86587952120942,,0
3,85,No,7.0,1,2,10,7,BicolorDamselfish,25.654882634049148,No,,,,NRL_nr,77.7916389734854,1340.4714706127386,128.98583909640354,39.73328428729945,35.797261888409416,59.13412624227766,38.762352937709394,,0
3,85,No,7.0,1,2,10,8,BicolorDamselfish,54.849785011419755,No,,,,NRL_nr,44.0844443436477,1511.1690762119545,46.91449447343104,29.612184887390363,10.499072982743678,94.91530736041342,44.11554212344144,,0
3,85,No,7.0,1,2,10,9,BicolorDamselfish,34.294060314831064,No,,,,NRL_nr,50.58433550877368,1824.160772847816,17.13975282483632,21.82008583364011,21.82008583364011,80.1127511061353,34.342036056461566,,0
3,86,No,6.0,1,2,11,1,BicolorDamselfish,35.653440469359545,No,,,,NRL_nr,306.6129883318369,1329.9292957717237,56.492692732662306,24.758511382930617,22.124483837778815,98.86505776563332,27.877004053892144,,0
3,86,No,6.0,1,2,11,2,BicolorDamselfish,39.47423334093113,No,,,,NRL_nr,149.76753565233653,1593.5809445021812,45.91713118752906,32.59822902297944,32.59822902297944,65.26171393390284,39.6963005641007,,0
3,86,No,6.0,1,2,11,3,BicolorDamselfish,31.94633855967214,No,,,,NRL_nr,78.90100362447427,962.863750576084,41.40337304480643,32.38918586887508,10.829438244399098,98.89255590802232,41.01462037845787,,0
3,86,No,6.0,1,2,11,4,BrownChromis,41.21447672035995,No,,,,NRNL_nr,163.87831875469269,1147.2163982349348,22.47274708451935,22.81354915503021,,82.90209105309414,69.06787091077085,,0
3,86,No,6.0,1,2,11,5,BrownChromis,39.3597974642571,No,,,,NRNL_nr,162.02824215301328,1529.9137163759508,16.42740399508823,19.78159878938174,,155.42716708205535,73.72199098808633,,0
3,86,No,6.0,1,2,11,6,BicolorDamselfish,40.44530774369261,No,,,,NRL_nr,55.72674243190259,1425.687666855675,30.738426482271713,25.437637442497145,7.575140230736693,107.12233154283538,52.24863880762165,,0
3,86,No,6.0,1,2,11,7,BicolorDamselfish,22.9734870304941,No,,,,NRL_nr,3.024990490675367,1169.416349986677,87.84026045062335,42.72592158042933,13.31793864758002,121.45166369535964,42.10359046755244,,0
3,86,No,6.0,1,2,11,8,BrownChromis,34.65404815459426,No,,,,NRL_nr,36.85161669967937,1048.0769963767216,67.4579744749732,34.653873282183206,14.247896117648422,168.14398845086106,45.882998683385566,,0
3,86,No,6.0,1,2,11,9,BicolorDamselfish,54.79999211739846,No,,,,NRL_nr,138.10396210695544,1379.6220955604665,64.6198923532309,34.88704005036762,16.940456837359623,39.819448303012464,36.86067940996548,,0
3,86,No,6.0,1,2,11,10,BicolorDamselfish,40.54202806036028,No,,,,NRL_nr,352.42545822088977,1490.6081984757257,63.74973078560336,26.56077894029238,26.56077894029238,123.3196072251056,28.48437846042747,,0
3,87,No,2.0,1,2,12,1,BrownChromis,39.27447210727576,No,,,,NRL_nr,66.81263140320306,1484.7297115560325,170.29442352419528,62.9535257066491,48.90970307457141,98.7630723615393,42.762145287859866,,0
3,87,No,2.0,1,2,12,2,Basslet,55.5683693398302,No,,,,NRL_nr,206.6852291718462,1523.78620460961,41.52571370186809,39.85338329667834,27.655206212359353,144.59074712923822,54.92088929424047,,0
3,87,No,2.0,1,2,12,3,BrownChromis,56.79578463869081,No,,,,NRNL_nr,161.11134405954604,1609.6308788141578,31.15265510463414,33.123681473807956,,69.48825824862021,63.67755055257908,,0
3,87,No,2.0,1,2,12,4,BicolorDamselfish,28.118574281661964,No,,,,NRL_nr,8.570678445901303,1471.7408927026547,212.0478922733706,58.5068626908968,18.67836178665058,123.94890759304758,43.63843820631127,,0
3,87,No,2.0,1,2,12,5,BicolorDamselfish,31.03825231000673,No,,,,NRL_nr,142.4583932922449,978.593915062897,36.341221211136386,35.57946831741083,4.640522897781422,27.658853440032793,37.681357990242574,,0
3,87,No,2.0,1,2,12,6,BicolorDamselfish,33.67802154169294,No,,,,NRL_nr,400.97387079911624,1416.0521448891914,40.8824797346906,32.4205887957306,26.299178527601907,55.68126301190282,26.34209948051708,,0
3,87,No,2.0,1,2,12,7,BicolorDamselfish,28.712183376499866,No,,,,NRL_nr,95.28672188109248,1757.9970260891696,26.721442745277596,28.54982288546719,22.326299373241515,37.42363745625083,28.03785609538184,,0
3,87,No,2.0,1,2,12,8,BicolorDamselfish,34.0039539927241,No,,,,NRL_nr,353.8000630122893,1247.929727163932,23.368795727288017,26.20620221526763,26.20620221526763,43.59284546520594,28.768603663039105,,0
3,87,No,2.0,1,2,12,9,BrownChromis,48.1344980845877,No,,,,NRL_nr,121.72408296618492,1044.8359354442134,44.59101701030518,38.50494530681667,10.20806797687642,148.8621478325206,48.666747865377985,,0
3,87,No,2.0,1,2,12,10,BicolorDamselfish,54.796613597742954,No,,,,NRL_nr,9.850902494923924,1409.7789450081525,133.49405722009692,45.315050188888534,21.359104172129108,85.90391238771056,42.19561871341008,,0
3,87,No,2.0,1,2,12,11,BrownChromis,,No,,,,NRUD,,,0.0,0.0,0.0,,,,0
3,87,No,2.0,1,2,12,12,BrownChromis,39.659529309544354,No,,,,NRNL_nr,148.78919982354736,1162.1563496992208,31.14316274054744,32.333184773266794,,20.934721345905537,64.45488458832159,,0
3,88,No,0.5,1,2,13,1,BrownChromis,49.24464856051746,No,,,,NRNL_nr,249.5053655069752,940.6318438347406,441.49046125140694,78.96675436302814,,61.92400876195196,80.41622879044941,,0
3,88,No,0.5,1,2,13,2,BicolorDamselfish,35.51572091680324,No,,,,NRL_nr,85.30751259486591,987.6305147600328,40.06047402287637,38.81710531072067,17.241292358424445,57.96076443259815,53.98737809096143,,0
3,88,No,0.5,1,2,13,3,BicolorDamselfish,30.230235066535833,No,,,,NRL_nr,151.38850920289366,1083.4258748790128,38.389787142603346,35.86821420323573,0.0,159.66463403272093,42.383976375650334,,0
3,88,No,0.5,1,2,13,4,BicolorDamselfish,33.77265351495498,No,,,,NRL_nr,174.27501641144622,1331.4399990939437,59.00214153406324,41.27576903181375,10.026948321293125,18.510208219037025,33.1049238536044,,0
3,88,No,0.5,1,2,13,5,BicolorDamselfish,48.93893281655643,No,,,,NRL_nr,82.521293938587,1484.7955095017703,51.810960086414376,37.9187937553935,32.18777717288355,140.76156909004482,41.52970054917765,,0
3,88,No,0.5,1,2,13,6,BicolorDamselfish,36.7732030493421,No,,,,NRL_nr,62.482904855590384,1162.901798047392,65.0150891251152,38.54048129998903,33.38787625246759,119.90365712248632,37.54137064654375,,0
3,88,No,0.5,1,2,13,7,Wrasse,70.52367213466276,No,,,,NRL_nr,59.90779290143535,2088.1612444454927,11.48751703657023,18.084959470100948,5.553427825850102,18.88912239735591,32.18445525946265,,0
3,88,No,0.5,1,2,13,8,BrownChromis,52.92648863919621,No,,,,NRNL_nr,153.6327855390608,1330.1551769549571,26.225506060052076,22.934205431072044,,58.93201232311792,72.7113564897429,,0
3,88,No,0.5,1,2,13,9,BicolorDamselfish,37.34039489048593,No,,,,NRL_nr,73.09433291489002,1517.7609484182728,62.63007100869913,38.95524572713404,22.878642719583148,130.4251852273482,41.514669502692385,,0
3,88,No,0.5,1,2,13,10,BicolorDamselfish,41.41266789583556,No,,,,NRL_nr,38.25122105911596,1776.995423717369,20.11228481907248,25.29623715746882,8.138140574420303,89.23746843988145,53.533754638931335,,0
3,88,No,0.5,1,2,13,11,BrownChromis,46.05880262361649,No,,,,NRNL_nr,255.1959743931106,923.1713969319136,273.39468438050153,56.31213310314956,,30.13432223804481,75.89840440130713,,0
3,88,No,0.5,1,2,13,12,BrownChromis,44.353965116971786,No,,,,NRNL_nr,309.2927194349136,902.8743323633764,624.987768269779,86.46202858939753,,31.89268887136874,81.08869804196402,,0
3,89,No,6.0,1,2,14,1,BrownChromis,72.56188751971938,No,,,,NRNL_nr,297.9015902222914,863.9872446110232,39.70887591821858,27.30140934725755,,106.5932730899396,70.98399314032487,,0
3,89,No,6.0,1,2,14,2,BrownChromis,41.598445693440794,No,,,,NRNL_nr,209.4399477013095,1025.8321562747094,62.870915807179216,35.2276140516289,,164.93206475338025,77.07450838450619,,0
3,89,No,6.0,1,2,14,3,DuskyDamselfish,59.975978638359464,No,,,,NRNL_nr,117.19978495299084,1399.3544370753116,17.695400565037836,18.267530615030513,,152.45299489111378,77.40430141454802,,0
3,89,No,6.0,1,2,14,4,BicolorDamselfish,51.19238288641221,No,,,,NRL_nr,139.127494555744,1427.845579844609,33.33235430036197,21.989942567296104,10.53992282716881,76.84082529520273,36.51333767136548,,0
3,89,No,6.0,1,2,14,5,BicolorDamselfish,30.89798623824287,No,,,,NRL_nr,98.74798508298888,1765.656630584817,16.074995448977035,13.026703210171954,11.548464056410268,165.0920100196499,37.757433430602624,,0
3,89,No,6.0,1,2,14,6,BicolorDamselfish,30.471322947413405,No,,,,NRL_nr,166.84080842806523,1086.091331104804,14.731515320753624,17.313920209037754,6.693046847021176,114.30378143440984,41.40698765699351,,0
3,89,No,6.0,1,2,14,7,BicolorDamselfish,33.886965846380846,No,,,,NRNL_nr,141.51258578678238,1607.534782526547,11.711588620624552,18.905971568748765,,138.71004840605613,60.91574925704141,,0
3,89,No,6.0,1,2,14,8,BicolorDamselfish,33.189112658202454,No,,,,NRL_nr,277.01753217785586,1385.7347649809371,37.8692921646165,21.373061145924783,17.491668760391583,155.46252325024736,29.305681740446563,,0
3,90,No,4.0,1,2,15,1,Wrasse,51.49142834155592,No,,,,NRL_nr,261.6597218154465,1982.3204755625468,81.03532641454287,54.05442570718531,54.05442570718531,106.98858792250375,41.9606145178648,,0
3,90,No,4.0,1,2,15,2,BicolorDamselfish,19.894195631552524,No,,,,NRL_nr,74.80552544090689,1168.5573028987917,21.69517053435907,26.979981184819003,2.022928648356455,70.22131761670339,36.91696735816506,,0
3,90,No,4.0,1,2,15,3,BicolorDamselfish,39.24258921978375,No,,,,NRNL_nr,191.99278330474732,1613.9442024958887,27.308675916909536,28.603134860143136,,77.01497679097446,58.013387696763374,,0
3,90,No,4.0,1,2,15,4,BicolorDamselfish,40.981375138418514,No,,,,NRL_nr,155.02211314600353,1790.2820717668246,543.4571440521308,90.8691177349731,80.61584242729671,98.65596036213016,40.261628486970025,,0
3,90,No,4.0,1,2,15,5,BicolorDamselfish,44.38930860055979,No,,,,NRL_nr,153.0604409469518,816.1693614847236,12.074963285236263,19.20876483254398,10.399011871940214,50.509206350028464,46.27030447766623,,0
3,90,No,4.0,1,2,15,6,BrownChromis,38.568152181123075,No,,,,NRL_nr,21.41381590344931,1676.2579255943049,201.44894138423376,85.18882856968966,45.392815076554854,131.99295438535236,48.158365394004505,,0
3,90,No,4.0,1,2,15,7,BrownChromis,57.34981639090919,No,,,,NRL_nr,115.33012642148005,1734.7793015139634,979.6946078003969,127.54243659527596,94.05218215253616,97.70423082629158,44.57692018806233,,0
3,90,No,4.0,1,2,15,8,BrownChromis,67.52509271269861,No,,,,NRL_nr,85.9508965954353,1710.4230216698008,1044.6588667859562,115.88049445062708,27.936000259135007,89.00206983480571,44.985130803594295,,0
3,90,No,4.0,1,2,15,9,BrownChromis,37.090683195585406,No,,,,NRL_nr,85.97282754890188,1636.5579354207214,318.96972648025417,104.4470566702418,31.26681964401821,150.0813568573674,43.07864896557123,,0
3,90,No,4.0,1,2,15,10,BrownChromis,43.441393522045686,No,,,,NRL_nr,168.31764472412033,1742.2963969390562,539.9200851951555,115.60578115368288,46.26009862170923,142.3918427302534,41.77625743520221,,0
3,91,No,2.0,1,2,16,1,BrownChromis,73.65546825146802,No,,,,NRNL_nr,64.78845464025727,1391.035341155288,38.748851053745256,24.85004712478461,,84.41375772742612,57.337475275479115,,0
3,91,No,2.0,1,2,16,2,Wrasse,46.791462425930995,No,,,,NRNL_nr,417.47606114471665,1194.697225435786,28.150759303625517,28.827489148438517,,170.26856248113424,55.05696983643075,,0
3,91,No,2.0,1,2,16,3,BicolorDamselfish,43.42201270072495,No,,,,NRL_nr,456.30665839348467,1276.6543219962025,39.876298141882344,29.353581483157303,20.722268587644493,87.05247246918927,19.179838950052662,,0
3,91,No,2.0,1,2,16,4,BicolorDamselfish,40.419249013016646,No,,,,NRL_nr,135.5655275623251,1591.4126323785365,32.12296922614081,28.402619925854403,17.59025286405535,94.32628953043022,46.2974342574759,,0
3,91,No,2.0,1,2,16,5,BicolorDamselfish,48.60356893605248,No,,,,NRL_nr,372.1519688684526,1473.815279561088,77.74409596576021,27.3797410480022,13.603179889863933,162.8891464801815,32.803681653310484,,0
3,91,No,2.0,1,2,16,6,BicolorDamselfish,43.28919685877349,No,,,,NRL_nr,333.13650144650876,1102.4582659377288,38.48353657432306,27.953120577148713,12.06220718688708,91.98186160427308,23.95412343652287,,0
3,91,No,2.0,1,2,16,7,BicolorDamselfish,31.87511393697373,No,,,,NRL_nr,455.2494526944287,1172.8420705664137,16.462106058521137,17.219260087154062,6.986791041059419,86.47777738756056,34.00838142822489,,0
3,91,No,2.0,1,2,16,8,BicolorDamselfish,33.31166475340334,No,,,,NRNL_nr,217.80149867574212,1699.1096534200212,20.63714429935721,21.01617002283981,,51.8581355158967,67.89429846820791,,0
3,91,No,2.0,1,2,16,9,BrownChromis,51.11861403011896,No,,,,NRNL_nr,284.0765448476154,1268.742667213421,34.60680106937067,33.63213865399024,,33.51971955506871,65.32287687846599,,0
3,91,No,2.0,1,2,16,10,BicolorDamselfish,23.82949047189896,No,,,,NRL_nr,359.8114844521354,1495.471079881837,79.87458452081867,38.67138618427699,15.95767115909254,61.53279674611938,29.50742309251872,,0
3,92,Yes,4.0,1,2,17,1,BicolorDamselfish,60.42713620059389,Yes,2395.0,0.0,1.0,FR,344.51930026829996,869.5776479324873,7.781059584864478,14.10204626273139,0.0,62.39566836812144,26.008902227909616,610.7773246823775,1
3,92,Yes,4.0,1,2,17,2,BrownChromis,66.64691390751976,No,,1.0,2.0,NRNL_r,156.84159246166675,1607.565864705982,99.70633405911325,27.780887538909397,,88.79231884542769,70.71203328112873,,0
3,92,Yes,4.0,1,2,17,3,BrownChromis,47.3159179776331,No,,1.0,2.0,NRNL_r,314.8027270675311,1749.653978076013,76.80377589009034,31.080257024717685,,81.66398665536126,72.7947181339664,,0
3,92,Yes,4.0,1,2,17,4,BrownChromis,33.22683260259474,No,,1.0,2.0,NRL_r,117.95492400694344,1388.0797870917957,115.67245548827913,35.30267901999886,18.375481043780113,56.41154942616577,38.74378288767988,,0
3,92,Yes,4.0,1,2,17,5,BicolorDamselfish,37.920742985154824,No,,1.0,2.0,NRL_r,179.45919188894422,1756.8572940271483,55.461319071121906,37.178495333372794,37.178495333372794,106.87767301441444,52.35870377738137,,0
3,92,Yes,4.0,1,2,17,6,BicolorDamselfish,26.392227481756173,No,,1.0,2.0,NRL_r,159.55921569451925,1298.210244419521,97.59603743512714,37.87564631334687,5.187533515519145,161.1978990671128,39.16094492252389,,0
3,92,Yes,4.0,1,2,17,7,BrownChromis,28.354017840457555,No,,1.0,2.0,NRNL_r,200.99412233224487,1768.3520306431956,83.47212968336507,49.875773209328536,,62.5525514088393,68.11054769157558,,0
3,92,Yes,4.0,1,2,17,8,BrownChromis,35.619450661860505,No,,1.0,2.0,NRNL_r,227.3829999993248,1737.2473703278306,56.226273620737445,35.69369618735803,,51.11453081275012,57.95862657964168,,0
3,92,Yes,4.0,1,2,17,9,BrownChromis,,No,,1.0,2.0,NRUD,,,0.0,0.0,0.0,,,,0
3,92,Yes,4.0,1,2,17,10,BrownChromis,41.86515306223942,No,,1.0,2.0,NRNL_r,4.7946657320585055,1731.1431759796922,40.46296863687398,30.571579084330768,,111.10766706374824,55.482918644731974,,0
3,92,Yes,4.0,1,2,17,11,BrownChromis,,No,,1.0,2.0,NRUD,,,0.0,0.0,0.0,,,,0
3,93,No,0.5,1,2,18,1,BicolorDamselfish,40.54856016987125,No,,,,NRL_nr,34.11879499326342,1763.0943512657636,16.264740419583497,19.374225421089218,19.374225421089218,108.33787903607524,48.58100362917101,,0
3,93,No,0.5,1,2,18,2,BicolorDamselfish,38.27994954715312,No,,,,NRNL_nr,142.33944897496897,1614.726965118335,11.521021450795622,17.174485424673932,,56.73989479928759,67.70309648475262,,0
3,93,No,0.5,1,2,18,3,BicolorDamselfish,31.444252920974616,No,,,,NRL_nr,164.4743107757884,1044.5302815566615,23.995961226850035,21.316686150186236,20.87503060350537,33.73554298715618,41.99366538577869,,0
3,93,No,0.5,1,2,18,4,BicolorDamselfish,32.73817135016271,No,,,,NRL_nr,165.07706783116635,1710.5479235661244,21.862937673001625,22.01137880055446,13.170095751591038,158.8475249944699,37.80604381154634,,0
3,93,No,0.5,1,2,18,5,BicolorDamselfish,44.44368856922602,No,,,,NRL_nr,107.87311155551689,890.0761008980063,23.045984309554715,23.70594000650786,12.95810756550417,35.77930780539746,44.195883239946774,,0
3,93,No,0.5,1,2,18,6,BrownChromis,54.10838318695544,No,,,,NRNL_nr,267.01104399602156,1233.681873180991,19.13497589493528,20.24090479845031,,54.864211479284826,82.53961999076176,,0
3,93,No,0.5,1,2,18,7,BrownChromis,38.33567383367979,No,,,,NRNL_nr,387.4252399033824,983.0345830674844,21.7969923181096,15.272851053117972,,101.75909565064016,91.10066415352507,,0
3,93,No,0.5,1,2,18,8,BicolorDamselfish,,No,,,,NRUD,,,0.0,0.0,0.0,,,,0
3,93,No,0.5,1,2,18,9,BicolorDamselfish,44.18421065608496,No,,,,NRL_nr,386.24712007933977,1445.838285662332,19.949450153891743,20.39553162127311,0.0,14.854999683077155,28.209028602976307,,0
3,93,No,0.5,1,2,18,10,BicolorDamselfish,44.71588663216614,No,,,,NRL_nr,79.31768645280069,1357.5660359714154,29.25725510448669,21.58917168309769,12.138856253879474,100.95984597281227,40.178500611678224,,0
3,94,No,0.5,1,2,19,1,BicolorDamselfish,44.64096012395997,No,,,,NRNL_nr,121.89064608456772,1580.3404002868303,12.632555355041816,27.750474587605844,,75.39560445397336,66.53828516045232,,0
3,94,No,0.5,1,2,19,2,BicolorDamselfish,39.13555870406384,No,,,,NRL_nr,268.80590525526696,873.0816989237138,32.07192148351125,51.47457516067438,0.0,20.186034740616385,30.47511453779482,,0
3,94,No,0.5,1,2,19,3,BrownChromis,240.10739867984697,No,,,,NRL_nr,383.92410354129294,837.294767724899,27.793126961025894,21.37658130165642,0.5703155894978803,97.27423416818915,36.75106232505407,,0
3,94,No,0.5,1,2,19,4,BrownChromis,48.02610173353747,No,,,,NRL_nr,406.38279178815486,886.3523017393104,36.967593878904225,62.20966807524152,7.113396593098773,6.822089533361578,23.228322893625357,,0
3,94,No,0.5,1,2,19,5,BicolorDamselfish,34.98353428834255,No,,,,NRL_nr,307.5536982381928,1827.5779397928588,60.467669238778754,40.63392169998888,32.14897495715165,38.299196314328135,42.13090421611911,,0
3,94,No,0.5,1,2,19,6,BicolorDamselfish,38.037010803484314,No,,,,NRL_nr,262.3786729682382,1825.9013871540649,56.80458241107338,37.05715627137769,17.4594120553273,52.86807185479413,37.81549459681107,,0
3,94,No,0.5,1,2,19,7,BicolorDamselfish,42.872230208900895,No,,,,NRL_nr,118.5581176395532,1657.9264218010487,23.46741371180131,33.14262672408769,24.92198951069431,53.92307270917105,52.18890498319029,,0
3,95,No,2.0,1,2,20,1,BicolorDamselfish,54.37080053787818,No,,,,NRL_nr,0.7065976658524017,1454.5151151959888,52.613931382565184,24.03734162698963,9.15711604280316,101.1569270641264,44.39305895788106,,0
3,95,No,2.0,1,2,20,2,BrownChromis,,No,,,,NRUD,,,0.0,0.0,0.0,,,,0
3,95,No,2.0,1,2,20,3,BicolorDamselfish,49.67025554565774,No,,,,NRL_nr,174.15729882711582,1208.783536955431,92.92425825580304,29.637561824843885,16.465261190726732,118.75420868386524,41.238371569487406,,0
3,95,No,2.0,1,2,20,4,BrownChromis,,No,,,,NRTC,557.823913951932,694.616171042652,8.274429609749477,11.639840094146154,,,94.99595608358553,,0
3,95,No,2.0,1,2,20,5,BrownChromis,39.662169085250454,No,,,,NRL_nr,399.8938481638012,574.5106207318015,11.849352663185812,12.259824953800418,0.0,20.434897605529347,37.64622338746722,,0
3,95,No,2.0,1,2,20,6,BicolorDamselfish,41.85373427587929,No,,,,NRL_nr,261.642404217767,1299.712596228627,120.14970917043402,40.81309848050464,21.546586732429116,71.5402606262336,32.86499984021258,,0
3,95,No,2.0,1,2,20,7,BicolorDamselfish,29.818579604595772,No,,,,NRL_nr,179.10004752842144,1349.057067696174,118.19133111945452,45.47806100205071,5.522557243200214,155.8781132427371,34.44089116449094,,0
3,95,No,2.0,1,2,20,8,BicolorDamselfish,45.76240273063385,No,,,,NRL_nr,69.04873770084997,1816.0319358422792,19.61654789356552,21.44122652636606,20.257375279588977,158.1927559356858,35.330225886584195,,0
3,95,No,2.0,1,2,20,9,BicolorDamselfish,25.335599681988352,No,,,,NRL_nr,246.99556517162833,1082.7870969721628,52.190773692893714,25.32178299551851,2.000626271124709,129.1698400769349,45.0096967472289,,0
3,95,No,2.0,1,2,20,10,BicolorDamselfish,32.02369111073489,No,,,,NRNL_nr,237.3859540082034,1766.090942396128,7.663682959186804,11.579429494079848,,10.77645882582649,70.25699642737472,,0
3,102,No,2.0,1,2,27,1,BicolorDamselfish,29.87960531305517,No,,,,NRL_nr,267.95234006601777,1366.508515707965,52.5244502115924,34.49029339318946,5.683631438782982,53.95847564861725,30.589444101081604,,0
3,102,No,2.0,1,2,27,2,Doctorfish,,No,,,,NRUD,,,0.0,0.0,0.0,,,,0
3,102,No,2.0,1,2,27,3,BicolorDamselfish,38.68738499917355,No,,,,NRL_nr,181.30781758323204,1448.008646864258,35.65209961117044,25.954773431343597,7.982637036643948,44.422452232455285,44.361528725848686,,0
3,102,No,2.0,1,2,27,4,Wrasse,44.67284497029298,No,,,,NRL_nr,243.66240232248484,2027.7931948695912,60.33908092118491,39.135619601625976,36.00057800950028,72.65640655407816,50.42458597418746,,0
3,102,No,2.0,1,2,27,5,Wrasse,79.59059247621451,No,,,,NRL_nr,213.69417126841864,1838.9016951149224,127.65862799627384,24.08518675863681,11.886591475357031,139.36765207442403,42.39358316652759,,0
3,102,No,2.0,1,2,27,6,BicolorDamselfish,41.78355850132513,No,,,,NRL_nr,109.69228487641163,1881.9946327302528,67.33455025761548,45.95917460624941,26.92225696048965,18.949295080593068,52.25820381069244,,0
3,102,No,2.0,1,2,27,7,BicolorDamselfish,35.28132488933408,No,,,,NRNL_nr,117.63826134732533,1637.409535439935,46.1356814141136,36.03640009934339,,63.695067838982965,59.731977142792715,,0
3,102,No,2.0,1,2,27,8,BicolorDamselfish,41.44794153467737,No,,,,NRL_nr,342.5134874768717,1524.0401398688196,41.526230546516175,26.448080311133825,11.605316574614951,56.70806844388437,24.94491563968463,,0
3,102,No,2.0,1,2,27,9,BicolorDamselfish,31.11074345703501,No,,,,NRL_nr,139.22196723053742,1848.1236985560272,125.62903477625952,57.02195584530087,52.818487293329746,112.00059994065508,39.622247250281205,,0
3,102,No,2.0,1,2,27,10,BrownChromis,53.80032085519839,No,,,,NRNL_nr,320.4304336310851,1671.0997852169448,36.24351199081706,27.241826264444963,,43.15004590223975,63.17554019649716,,0
3,102,No,2.0,1,2,27,11,BicolorDamselfish,33.78551373847226,No,,,,NRL_nr,123.350883599566,1026.6753279994878,13.857272273915784,22.821577373688154,0.0,102.54344983599464,44.951391875248866,,0
3,102,No,2.0,1,2,27,12,BicolorDamselfish,31.345609533480175,No,,,,NRL_nr,429.84195720409264,1289.9698096832074,19.769547186179366,25.29718695607389,25.29718695607389,132.07815758323903,23.936132648962005,,0
3,103,No,4.0,1,2,28,1,BicolorDamselfish,34.61299426107828,No,,,,NRL_nr,279.2952952462513,1574.002602286332,39.29430734540483,26.183895928777407,7.387244148338935,36.17803653620726,27.533631251290828,,0
3,103,No,4.0,1,2,28,2,BicolorDamselfish,41.65005830299456,No,,,,NRL_nr,284.54626363033833,1065.3888208360706,26.33549794896488,16.411696337627212,6.211612617337731,76.04490371807111,26.874908325056055,,0
3,103,No,4.0,1,2,28,3,BicolorDamselfish,49.31864976312569,No,,,,NRL_nr,258.0304104611169,1493.1375032352653,49.15066494858404,21.104837209358145,14.489582274402403,75.9070712054563,34.591941747146635,,0
3,103,No,4.0,1,2,28,4,BicolorDamselfish,22.040382868177755,No,,,,NRL_nr,77.58769385604784,1284.4925674124388,40.05030281600742,23.11390130751858,8.698090501145568,49.88046797535493,36.81904244381539,,0
3,103,No,4.0,1,2,28,5,BrownChromis,39.362763067017205,No,,,,NRNL_nr,108.52080985501436,1001.2735540115276,17.413121331311466,18.592796753865187,,155.6981860773082,58.695061275988216,,0
3,103,No,4.0,1,2,28,6,BicolorDamselfish,64.96050754801948,No,,,,NRNL_nr,0.8368249550583302,1353.3150170422125,12.42411417346026,14.09356466682956,,81.35490029876304,68.15462389468166,,0
3,103,No,4.0,1,2,28,7,BicolorDamselfish,37.22966645825481,No,,,,NRL_nr,172.0016195134872,1479.8042450854737,16.629260474569406,15.786695562636709,8.72016912046201,75.44771632731512,50.19856525421992,,0
4,112,No,2.0,1,3,1,1,BicolorDamselfish,41.40001559193622,No,,,,NRL_nr,263.27771242498113,1771.9262344338665,77.53094128953329,63.6487201162075,63.6487201162075,54.36745574923659,38.21616458435414,,0
4,112,No,2.0,1,3,1,2,BicolorDamselfish,51.8639163256667,No,,,,NRL_nr,50.43145683173565,1728.560594781426,92.30147499009414,58.13987133808072,44.698198388909816,71.03134751978975,46.15361519245299,,0
4,112,No,2.0,1,3,1,3,BicolorDamselfish,47.35782299703483,No,,,,NRL_nr,130.11258862861405,1542.7400560889928,160.23862600547093,74.64925827034692,55.6996242827741,85.02107528530045,39.94198471804515,,0
4,112,No,2.0,1,3,1,4,Basslet,89.40175434349966,No,,,,NRL_nr,106.1644955979386,1522.6454673666294,114.31474367045053,66.9442458475967,42.94810072579223,27.673585898000685,42.46402941560024,,0
4,112,No,2.0,1,3,1,5,BicolorDamselfish,22.686851566635497,No,,,,NRL_nr,105.66779366666236,1421.5819830107744,171.28949174411989,82.12632371172225,45.28774676505596,87.73089882100076,39.07327126871612,,0
4,112,No,2.0,1,3,1,6,BicolorDamselfish,38.77313458433657,No,,,,NRL_nr,157.2194745371127,1173.765161781116,173.39936556334672,68.72415187667934,53.28228173916345,114.71126966522075,35.26427246775815,,0
4,112,No,2.0,1,3,1,7,BicolorDamselfish,40.820696778689054,No,,,,NRL_nr,131.11350358891607,1204.4064300630916,332.33221881832435,84.29344696792407,39.843845259088134,55.319562701799825,36.54334324383024,,0
4,112,No,2.0,1,3,1,8,BicolorDamselfish,34.27430677455385,No,,,,NRL_nr,55.81885931392478,1238.5462633909192,591.3954391256831,99.56693086699804,60.12335967225116,88.09405167082699,39.89128347407967,,0
4,112,No,2.0,1,3,1,9,BrownChromis,55.61905781295275,No,,,,NRL_nr,41.42435674608924,1107.498921380707,97.8750020959622,62.84194240907951,7.658599253108248,90.33517840373074,47.418250899718075,,0
4,112,No,2.0,1,3,1,10,BicolorDamselfish,49.7039254977912,No,,,,NRL_nr,388.9599111039365,1558.905760286498,61.984656364377905,48.495848984546875,27.253290962274004,43.54492118148744,28.54069727093166,,0
4,112,No,2.0,1,3,1,11,BicolorDamselfish,32.95947900894584,No,,,,NRNL_nr,156.4169951677637,1810.1410938099525,25.477572876687073,35.7201728142432,,21.894307759269328,67.41726831001569,,0
4,112,No,2.0,1,3,1,12,BrownChromis,70.10207113958758,No,,,,NRNL_nr,363.80473505535946,1644.65951850064,22.069544026361843,26.47034112299569,,75.06358612391436,73.15373851808458,,0
4,112,No,2.0,1,3,1,13,BicolorDamselfish,40.44715822829887,No,,,,NRL_nr,70.6027248449119,1062.8314133130652,128.843281201187,69.86763627821375,1.810892392045324,55.89031968956826,41.408469679347135,,0
4,112,No,2.0,1,3,1,14,BicolorDamselfish,19.048360649487403,No,,,,NRL_nr,3.8315367526949817,1500.133079824517,131.42018510940963,84.37407512125,75.52779416739023,40.11407917351905,48.309415440656664,,0
4,112,No,2.0,1,3,1,15,DuskyDamselfish,50.59647535617369,No,,,,NRNL_nr,468.49269272560423,1146.7839463789498,9.754191378291928,24.369802703818852,,67.64915652112761,97.78351186957671,,0
4,113,No,1.0,1,3,2,1,BrownChromis,49.02459489955049,No,,,,NRL_nr,734.0606188167701,1415.8433418121392,19.833899016545256,19.75754071425079,14.338972779535895,72.76734141717529,11.408741932015626,,0
4,113,No,1.0,1,3,2,2,BicolorDamselfish,45.58019797060602,No,,,,NRL_nr,343.46517076025464,1767.1082904915716,26.154064119064415,30.182899316034284,30.182899316034284,103.2560776821713,25.781942173316743,,0
4,113,No,1.0,1,3,2,3,BicolorDamselfish,33.46732487485704,No,,,,NRL_nr,174.97140406038866,1540.3182040611143,100.0754791653708,46.47195353432164,39.245424385241414,63.36422366015033,36.31255176622827,,0
4,113,No,1.0,1,3,2,4,BicolorDamselfish,19.36937547133508,No,,,,NRL_nr,87.64549695392121,1512.133381331677,98.36918290958374,56.81842393236078,34.09604652537202,58.03467314011569,39.989271908133496,,0
4,113,No,1.0,1,3,2,5,BicolorDamselfish,43.94976106043842,No,,,,NRL_nr,308.90380566625583,1085.3323511310766,47.684452428964654,40.13082035897551,26.324772758910065,128.23127461518388,30.87671195078714,,0
4,113,No,1.0,1,3,2,6,BicolorDamselfish,32.40019797616667,No,,,,NRL_nr,214.72929022972588,1104.7570083751991,41.154907534093105,38.84862336304109,11.217691559368136,39.02235195460413,33.26553051448842,,0
4,113,No,1.0,1,3,2,7,Basslet,119.22367041457156,No,,,,NRL_nr,171.31680884029197,1241.757775611325,40.92566129682176,35.96489529446762,19.921797168803945,66.18928538994342,44.064000029290575,,0
4,113,No,1.0,1,3,2,8,BicolorDamselfish,41.01640725268227,No,,,,NRL_nr,331.5999909193272,734.1118399638772,77.47456157833734,33.84741841221051,13.421739534394684,48.84482066468168,54.32870255692353,,0
4,113,No,1.0,1,3,2,9,BicolorDamselfish,37.516120662771144,No,,,,NRL_nr,457.0790422144699,628.0225218274708,53.96757628026901,31.327113329737102,3.003518897274757,69.53599754816146,49.368694175865755,,0
4,113,No,1.0,1,3,2,10,BrownChromis,46.56716707027499,No,,,,NRNL_nr,661.6192592883435,725.3284481077274,124.36406866157913,52.059844869459106,,44.29709092050973,101.19923052314464,,0
4,113,No,1.0,1,3,2,11,BrownChromis,60.19763739233062,No,,,,NRNL_nr,738.7342901745609,639.3679588381948,90.86167844034726,36.467501596026416,,52.100420269877354,105.06914667724917,,0
4,113,No,1.0,1,3,2,12,BicolorDamselfish,29.001376788738984,No,,,,NRNL_nr,170.20184077711738,1661.433117512487,17.299404536671453,27.743059681600975,,36.55236030495887,56.527920501707214,,0
4,113,No,1.0,1,3,2,13,BicolorDamselfish,40.59084112005125,No,,,,NRL_nr,269.64311795317764,2183.9143068699395,12.092573126042089,23.15088311654413,15.015179335878804,53.38377475760198,40.4767286244603,,0
4,114,No,0.5,1,3,3,1,BicolorDamselfish,23.79400488236255,No,,,,NRL_nr,268.16910448540585,1762.8244134040317,46.07653441389581,44.603047901049166,44.603047901049166,118.0446763192848,32.705248992158985,,0
4,114,No,0.5,1,3,3,2,Basslet,118.12362694112812,No,,,,NRL_nr,233.98634979271696,770.1486357735088,32.53561728968119,32.06539918951738,4.234891315319389,104.19725329712246,45.9149021578048,,0
4,114,No,0.5,1,3,3,3,BrownChromis,51.54134227979744,No,,,,NRL_nr,584.6397021241373,1015.5422249865072,37.007294299968635,38.18965910413069,13.15034874744772,158.63566889530406,17.56229135024999,,0
4,114,No,0.5,1,3,3,4,BicolorDamselfish,39.829855818983006,No,,,,NRL_nr,407.3537789383008,1240.6297049684736,49.21219686544535,44.11211164663566,44.11211164663566,127.62312973281284,22.92666939748246,,0
4,114,No,0.5,1,3,3,5,BicolorDamselfish,44.27071492715933,No,,,,NRL_nr,334.5779703929939,979.9314470067756,43.04189811680411,46.23117235202571,22.15193863657621,63.54705860492072,29.047695820806236,,0
4,114,No,0.5,1,3,3,6,BicolorDamselfish,57.680512225941094,No,,,,NRNL_nr,448.56698973755186,778.0288468839854,21.955482791328443,36.49940735706944,,70.51103075319637,67.2918083883996,,0
4,114,No,0.5,1,3,3,7,BicolorDamselfish,52.725829094876886,No,,,,NRL_nr,149.25028386375666,1870.9508424596415,298.8650295660742,66.27114452929855,66.27114452929855,148.66140582693018,45.45301384779966,,0
4,114,No,0.5,1,3,3,8,BicolorDamselfish,36.13502255087718,No,,,,NRL_nr,118.3344747671502,1748.0615175440444,137.32913582332571,68.41366750644968,22.4211710928534,142.26052966385438,43.932174001078096,,0
4,114,No,0.5,1,3,3,9,BicolorDamselfish,42.68577619900313,No,,,,NRL_nr,112.8471768168387,1854.934767858441,227.74518226151585,54.113008940759464,37.01083510832483,135.3169503453314,47.498896922521034,,0
4,114,No,0.5,1,3,3,10,BicolorDamselfish,31.84295873568471,No,,,,NRNL_nr,219.8573003289973,1602.7991919804288,20.397487318878063,27.222778477852724,,165.96439225717788,62.210811303594454,,0
4,114,No,0.5,1,3,3,11,BrownChromis,45.151259210320205,No,,,,NRL_nr,296.6293729976136,1146.364760427656,37.91346425799867,47.946874931315904,19.42200044861996,69.93621397127158,46.389742459026145,,0
4,114,No,0.5,1,3,3,12,BicolorDamselfish,23.646400670296003,No,,,,NRL_nr,38.57209230205844,1363.7149267481675,100.38890913488233,57.11431729630097,32.978939340909655,86.33553940333942,40.24790166319879,,0
4,114,No,0.5,1,3,3,13,BicolorDamselfish,,No,,,,NRUD,,,0.0,0.0,0.0,,,,0
4,114,No,0.5,1,3,3,14,BicolorDamselfish,15.78628025467476,No,,,,NRL_nr,27.116197664569796,1243.5930495765303,96.92752273815084,58.61119315173783,22.18003867278818,85.31758673519994,43.00582005396191,,0
4,114,No,0.5,1,3,3,15,BrownChromis,45.97370312158643,No,,,,NRL_nr,505.3121984250123,1551.0078452952578,36.3017110973515,39.53250519392909,36.293631999804155,107.67863101673152,28.288510367860606,,0
4,115,No,2.0,1,3,4,1,BicolorDamselfish,43.32043380075801,No,,,,NRL_nr,106.95368986040543,1423.0788744580989,60.04088096123281,41.70645449033636,18.163301123744695,27.20696979886956,37.58937518441552,,0
4,115,No,2.0,1,3,4,2,BrownChromis,48.86480052985739,No,,,,NRL_nr,616.1252018061783,1041.0861904970282,19.550887282348253,32.1380424824782,19.000457723316867,160.06122023491247,46.88538217571155,,0
4,115,No,2.0,1,3,4,3,BrownChromis,49.5376850292223,No,,,,NRL_nr,725.8937951594386,596.8836060373515,16.58436334125385,28.242811663732382,17.749192204780314,58.220910438650385,16.580240379210853,,0
4,115,No,2.0,1,3,4,4,Basslet,86.37823215865279,No,,,,NRNL_nr,82.02314905487233,1503.7598294049394,12.94924930905736,26.56859599197935,,7.56837131874579,76.69053293243094,,0
4,115,No,2.0,1,3,4,5,Boxfish,122.45467832079342,No,,,,NRL_nr,290.1115844482741,2029.0311495092617,19.71292444730289,16.065404073299582,16.065404073299582,75.25566595577835,44.83181688649602,,0
4,115,No,2.0,1,3,4,6,BrownChromis,,No,,,,NRUD,,,0.0,0.0,0.0,,,,0
4,115,No,2.0,1,3,4,7,BicolorDamselfish,15.983617551964173,No,,,,NRNL_nr,92.6826507765819,1840.9074640342856,14.77597016988921,32.379558724946634,,58.385045637024895,65.33218578931314,,0
4,115,No,2.0,1,3,4,8,BicolorDamselfish,54.774447159800545,No,,,,NRL_nr,3.778324554126615,1689.4580156254472,32.499988049638354,36.964763689734674,15.758143634061478,119.82751979363108,47.19859445384235,,0
4,115,No,2.0,1,3,4,9,BicolorDamselfish,14.256155625222096,No,,,,NRL_nr,25.351766743121644,1157.0800705494523,65.89730544028964,49.05434832993664,6.76282295109429,64.16440263933535,42.53369161525828,,0
4,115,No,2.0,1,3,4,10,BrownChromis,44.60157049385883,No,,,,NRNL_nr,915.4740498949128,533.819528192912,9.886670600991089,24.293757693514124,,40.85943396595616,93.686192628122,,0
4,115,No,2.0,1,3,4,11,BicolorDamselfish,50.42984871976403,No,,,,NRL_nr,305.23564010692013,1638.3471633244942,37.104948533822586,33.7459758375924,29.508094864497625,58.7373990695658,34.76321283906824,,0
4,115,No,2.0,1,3,4,12,BicolorDamselfish,61.39638110584231,No,,,,NRL_nr,246.1011244756167,1224.0735397559577,280.2481115594029,58.96511116798187,58.34174217356848,67.39561854292687,30.477327606622,,0
4,115,No,2.0,1,3,4,13,BicolorDamselfish,36.76827051275856,No,,,,NRL_nr,336.0559919247364,1081.301132575442,51.5426407310797,39.76527140991138,13.543586656576831,69.73573987498992,32.6476889787464,,0
4,115,No,2.0,1,3,4,14,BicolorDamselfish,33.34221384405827,No,,,,NRL_nr,231.4085816058588,1177.853151157575,238.8420122934337,80.89205260340677,16.700094687484636,75.92793655283185,31.976657046119236,,0
4,116,Yes,8.0,1,3,5,1,BicolorDamselfish,41.99942448718028,Yes,2416.0,27.0,3.0,SRL,295.2521909864346,722.6498155244324,30.14229442644328,22.214375541225873,5.289913031529845,160.51823393676094,47.11751094658677,541.005662230514,1
4,116,Yes,8.0,1,3,5,2,BrownChromis,28.292826094981024,Yes,2389.0,0.0,1.0,FR,411.8972626375093,781.0064800968257,30.800794035667497,25.271607436774232,15.544433371184912,92.42355936416531,35.950733076714485,702.9077320530763,1
4,116,Yes,8.0,1,3,5,3,BicolorDamselfish,33.56028435139007,No,,41.0,5.0,NRNL_r,7.6289205135491,1755.10153592091,18.65747036197881,13.099793442846948,,29.12990438482071,58.05464005485685,,0
4,116,Yes,8.0,1,3,5,4,BrownChromis,,No,,41.0,5.0,NRUD,,,0.0,0.0,0.0,,,,0
4,116,Yes,8.0,1,3,5,5,BrownChromis,45.56407510635296,No,,41.0,5.0,NRNL_r,790.8788210735645,806.3815868414215,6.699648876036239,9.733980171302218,,103.45876181362938,113.0430654553706,,0
4,116,Yes,8.0,1,3,5,6,BicolorDamselfish,33.97954821387849,Yes,2391.0,2.0,1.0,FR,399.6605128813618,1433.167062853472,21.701259488976756,14.26185566776226,14.26185566776226,58.92702368432769,25.40785480082657,1098.6636715577138,1
4,116,Yes,8.0,1,3,5,7,BrownChromis,18.21315214809974,Yes,2396.0,7.0,2.0,SRL,141.14176344045632,1260.5083893853184,30.809340220531805,19.944945809676742,10.886138722168328,48.96978586006817,35.20322436643747,860.9220264777855,1
4,116,Yes,8.0,1,3,5,8,BrownChromis,51.261890476172,No,,41.0,5.0,NRNL_r,138.80277260586405,1236.714358799304,11.370862541705565,11.865507668724158,,152.6042229842863,79.98164558363392,,0
4,116,Yes,8.0,1,3,5,9,BicolorDamselfish,29.92908330246596,Yes,2429.0,40.0,4.0,SRL,397.14476707055667,1151.766603233223,19.63371815422215,14.877239342629691,9.271769097803656,54.33531528239466,30.02273580143699,263.55291254125103,1
4,116,Yes,8.0,1,3,5,10,BicolorDamselfish,29.852122941782685,No,,41.0,5.0,NRNL_r,158.2590467981482,1624.2894423866114,20.908377076234284,13.870526197274724,,22.46325612701216,63.039432167391766,,0
4,117,No,4.0,1,3,6,1,BicolorDamselfish,51.1389363908501,No,,,,NRNL_nr,289.80259251973337,1854.175684152912,10.756391280767428,21.318386204575667,,72.33316234706899,63.07507203915185,,0
4,117,No,4.0,1,3,6,2,BrownChromis,44.94577605189712,No,,,,NRL_nr,431.4904027578785,1066.5267935586164,40.612140874430715,38.68519409667733,14.93604564991529,96.39038069552927,33.038119158316874,,0
4,117,No,4.0,1,3,6,3,BicolorDamselfish,24.536881570281544,No,,,,NRL_nr,62.96626692119997,1012.517278646239,59.153510914322794,36.59284813816635,8.054733445428855,136.0435628121873,47.61972749419089,,0
4,117,No,4.0,1,3,6,4,BrownChromis,56.06092804084523,No,,,,NRL_nr,441.2926282679152,1752.409578071957,37.54415813378379,32.82326880894217,29.44192306525494,57.53190552144594,27.732984352812757,,0
4,117,No,4.0,1,3,6,5,BicolorDamselfish,29.065306090903043,No,,,,NRL_nr,48.204663050320654,1286.470123996112,130.84706202870643,42.594764788555864,34.492870300814616,138.834085563583,39.37610062318471,,0
4,117,No,4.0,1,3,6,6,BicolorDamselfish,,No,,,,NRUD,,,0.0,0.0,0.0,,,,0
4,117,No,4.0,1,3,6,7,BicolorDamselfish,38.996393830148634,No,,,,NRL_nr,449.47046973071485,1656.7333063254612,36.9937644855155,27.963584520962755,19.282843421760468,80.2136478897101,24.836364134689543,,0
4,117,No,4.0,1,3,6,8,BicolorDamselfish,52.70117879699429,No,,,,NRL_nr,91.39420562053766,2006.3872220482256,19.498031224998176,25.260306784880942,18.09838661027712,122.6239063528274,39.75181100784144,,0
4,117,No,4.0,1,3,6,9,BicolorDamselfish,52.705279247215984,No,,,,NRL_nr,326.79090673329466,1558.2484611575123,45.85870272839632,35.34303302424793,20.006044099565365,88.13076963438641,36.37408207955856,,0
4,117,No,4.0,1,3,6,10,BicolorDamselfish,42.675290183462295,No,,,,NRL_nr,200.27386457400775,1248.72595529459,89.96520574426336,42.910285875766455,11.530049263653876,20.599902395713688,34.426727310211426,,0
4,117,No,4.0,1,3,6,11,Basslet,114.00034599024232,No,,,,NRNL_nr,116.20338082770468,1118.976948347641,29.29482797351197,29.132211772386366,,46.287334337883216,59.96034815658229,,0
4,117,No,4.0,1,3,6,12,BrownChromis,,No,,,,NRUD,,,0.0,0.0,0.0,,,,0
4,117,No,4.0,1,3,6,13,BrownChromis,,No,,,,NRUD,,,0.0,0.0,0.0,,,,0
4,117,No,4.0,1,3,6,14,DuskyDamselfish,,No,,,,NRUD,,,0.0,0.0,0.0,,,,0
4,117,No,4.0,1,3,6,15,BicolorDamselfish,20.531197180678372,No,,,,NRL_nr,23.50320727683279,1213.401185182525,149.27648776178657,50.97949023970928,6.444545809653159,68.3131412234315,42.08566669704746,,0
4,118,No,6.0,1,3,7,1,BrownChromis,55.60049015899296,No,,,,NRNL_nr,721.8696543225127,793.3223472070025,22.1071765428238,38.29933220161459,,164.21923616537168,107.8801086719972,,0
4,118,No,6.0,1,3,7,2,Basslet,126.99712014937396,No,,,,NRNL_nr,138.7476225543609,1147.5329022475153,37.366713620839505,38.4306257486527,,162.31925387730266,60.15311066474432,,0
4,118,No,6.0,1,3,7,3,BicolorDamselfish,33.10945117270307,No,,,,NRL_nr,0.4897028156272902,1419.848326269841,137.29095620499095,65.27223722711236,46.041678222219026,165.40807443552285,50.03577987107242,,0
4,118,No,6.0,1,3,7,4,BicolorDamselfish,31.81116518414823,No,,,,NRL_nr,122.88366005554366,1472.6974166716816,80.64584713341533,60.02493343387461,45.606725559644474,120.62586408761798,39.14953343221423,,0
4,118,No,6.0,1,3,7,5,BrownChromis,57.44648093747079,No,,,,NRNL_nr,367.8820678483865,1064.0310624368008,128.61373821310642,69.81126987611565,,164.48158512922262,91.28949369873044,,0
4,118,No,6.0,1,3,7,6,BicolorDamselfish,34.17644021500246,No,,,,NRL_nr,306.7278179913034,1119.146922902564,35.46144604293641,46.627235055414985,25.190298008729343,67.17859962223372,29.645909838021193,,0
4,118,No,6.0,1,3,7,7,BicolorDamselfish,45.46458694927142,No,,,,NRL_nr,21.536895213362342,1441.044905112128,234.8800231599197,75.13999799422349,43.44089687187025,49.92797626927285,44.158274240082775,,0
4,118,No,6.0,1,3,7,8,BicolorDamselfish,65.06381767342586,No,,,,NRL_nr,73.60517091412348,977.3265042892248,40.71725477909406,51.48931987927869,8.727922088725288,107.7774317470292,51.982278710512674,,0
4,118,No,6.0,1,3,7,9,BicolorDamselfish,34.696842507518106,No,,,,NRNL_nr,261.65673152805493,1814.848797752877,19.304906021224433,43.43402013845507,,121.6438602224348,62.612593315617254,,0
4,118,No,6.0,1,3,7,10,BicolorDamselfish,61.14730559186323,No,,,,NRNL_nr,404.37261964650855,2212.898510529975,12.55814581576316,31.741409903508753,,61.02565256814914,67.18243146786158,,0
4,118,No,6.0,1,3,7,11,BicolorDamselfish,29.75441994719635,No,,,,NRL_nr,339.7133133486157,1736.5228235519935,33.93450977793228,36.99095383524636,26.373166040025374,117.97954009483423,32.49836945676319,,0
4,118,No,6.0,1,3,7,12,DuskyDamselfish,58.45538864779486,No,,,,NRNL_nr,213.57978817583356,1192.4164986424526,137.6091892847114,63.28074732585409,,139.0549440627927,86.15206478792332,,0
4,118,No,6.0,1,3,7,13,BrownChromis,42.11921035821997,No,,,,NRNL_nr,267.15021190578733,1089.2553287121216,323.2754625130359,81.67867094907936,,85.10187650218124,85.43736046587586,,0
4,118,No,6.0,1,3,7,14,BicolorDamselfish,110.5081061988336,No,,,,NRL_nr,95.19634478321149,2094.841529509608,18.978521037968267,24.019951714040044,24.019951714040044,121.82385672302992,31.124478766923193,,0
4,118,No,6.0,1,3,7,15,BicolorDamselfish,35.65456118769579,No,,,,NRL_nr,3.6137745633945695,1441.0148782411034,220.0736442053396,82.81761090685669,33.63318178055776,62.2297732147934,42.46779338763444,,0
4,119,No,4.0,1,3,8,1,BrownChromis,54.31013219001723,No,,,,NRL_nr,601.1624978802583,1529.604028906023,16.529614927656247,22.752071334079066,20.723768123086717,114.67032948774671,21.40933408062008,,0
4,119,No,4.0,1,3,8,2,DuskyDamselfish,58.10719297770235,No,,,,NRNL_nr,422.2697161178321,787.4845755799863,9.557322704327902,12.238035059241536,,65.15405375916467,74.6200289358368,,0
4,119,No,4.0,1,3,8,3,BrownChromis,47.5737422143555,No,,,,NRL_nr,491.1014120085443,775.382856038909,22.17222710183884,20.62982315503215,3.681692479550366,56.22291254948191,25.331595885124287,,0
4,119,No,4.0,1,3,8,4,BicolorDamselfish,39.13223573766396,No,,,,NRL_nr,198.19309798469004,1603.9363796083494,27.664486503296388,20.498622858888655,15.322645749159278,21.14683061655817,48.70298087784779,,0
4,119,No,4.0,1,3,8,5,BicolorDamselfish,28.7208798565189,No,,,,NRL_nr,92.85820253015405,1401.4484852386313,61.642768689583946,34.03196804371318,22.478326488588166,56.758728692918574,38.57049820434315,,0
4,119,No,4.0,1,3,8,6,BicolorDamselfish,,No,,,,NRUD,,,0.0,0.0,0.0,,,,0
4,119,No,4.0,1,3,8,7,BicolorDamselfish,28.215233436541546,No,,,,NRNL_nr,90.9000546607476,1764.8526634606385,22.43738647921893,19.567526756693297,,27.495039130204056,57.163600708823715,,0
4,119,No,4.0,1,3,8,8,BicolorDamselfish,40.31137538367,No,,,,NRL_nr,682.5910963247845,1024.6264440002467,17.767268357624204,16.04289759712969,0.0,21.650545055439565,28.23398236241489,,0
4,119,No,4.0,1,3,8,9,BicolorDamselfish,38.95700387019114,No,,,,NRL_nr,64.72052372715973,1304.4150942827814,57.029614514398496,32.832486205709685,21.81057170168663,39.67244678194855,40.727019233435215,,0
4,119,No,4.0,1,3,8,10,BicolorDamselfish,40.54766611645599,No,,,,NRL_nr,148.74674090931777,1394.5905620280175,38.65211285678742,30.158984133810705,22.453925190937756,144.38117188270746,39.26665902745573,,0
4,119,No,4.0,1,3,8,11,BicolorDamselfish,44.35762018276195,No,,,,NRL_nr,240.10089448049052,2244.957596632995,9.104225402048344,13.402280525823135,9.236431574967805,27.43237684312158,39.76507005919888,,0
4,120,No,0.5,1,3,9,1,BicolorDamselfish,52.93985746402774,No,,,,NRL_nr,4.061086519834932,1649.0751606576853,162.07339134726377,53.45787992717685,50.303027745396854,124.80613082633003,48.33259753808205,,0
4,120,No,0.5,1,3,9,2,BicolorDamselfish,42.161092484865264,No,,,,NRL_nr,146.7196981274674,1755.0354457138965,110.57517434223932,42.29850499854469,36.20463369769612,61.042928966646095,43.03444865279455,,0
4,120,No,0.5,1,3,9,3,BicolorDamselfish,42.43985415535591,No,,,,NRL_nr,373.84493263812686,1129.3568480613665,20.159672657436783,24.046918411197808,0.0,161.66997376792222,26.45894734632054,,0
4,120,No,0.5,1,3,9,4,BicolorDamselfish,49.780653519573335,No,,,,NRL_nr,192.68723727940989,1032.8063206900931,26.036337258660197,22.696552248793132,13.852721392993027,57.84509429270957,35.96592319951241,,0
4,120,No,0.5,1,3,9,5,BicolorDamselfish,48.776181981780866,No,,,,NRL_nr,7.440156182577412,1653.6509184354063,352.19560346442995,63.74631482457559,39.21890959339862,54.25502843752541,46.384558579223246,,0
4,120,No,0.5,1,3,9,6,DuskyDamselfish,,No,,,,NRUD,,,0.0,0.0,0.0,,,,0
4,120,No,0.5,1,3,9,7,Basslet,103.15948645915068,No,,,,NRNL_nr,224.99597955235384,1059.194204023581,15.184954129877733,17.8204056452561,,141.8334150011983,70.16982201806654,,0
4,120,No,0.5,1,3,9,8,BicolorDamselfish,,No,,,,NRUD,,,0.0,0.0,0.0,,,,0
4,120,No,0.5,1,3,9,9,BrownChromis,64.98470410566073,No,,,,NRL_nr,883.1733224295131,1328.587931562302,10.671140283908525,18.54344245328692,7.665741631193116,51.065272274783005,22.892944980450583,,0
4,120,No,0.5,1,3,9,10,BrownChromis,54.421205019865425,No,,,,NRL_nr,691.9081412748452,1568.135459108624,11.004430476863616,21.510400204884327,21.510400204884327,133.01887190779738,49.48765714305613,,0
4,121,No,2.0,1,3,10,1,BrownChromis,46.55614913724473,No,,,,NRL_nr,262.56018927299425,1352.1871964957866,59.776778862979185,58.196186339603365,25.33802084568054,21.481479331401335,41.02909772770118,,0
4,121,No,2.0,1,3,10,2,BicolorDamselfish,53.77931309144759,No,,,,NRL_nr,207.96819329336685,1872.2896392861417,21.43556345381563,30.714098173934868,30.714098173934868,35.80972893322219,54.95688443336002,,0
4,121,No,2.0,1,3,10,3,BicolorDamselfish,42.899481779371506,No,,,,NRL_nr,303.9838613767296,1647.1076674667204,74.54401517466107,42.06739160896909,38.40152987624517,42.43914760969971,34.329917576898666,,0
4,121,No,2.0,1,3,10,4,BrownChromis,56.226319373219894,No,,,,NRL_nr,385.0923819427484,967.3884448361986,28.674739375471763,36.28734224178131,3.401378180810208,54.37331001201487,40.63502971825636,,0
4,121,No,2.0,1,3,10,5,BrownChromis,71.1479787133075,No,,,,NRL_nr,7.880598821617187,1130.6542092854802,34.990666785333396,43.52165121498667,7.610260548399136,38.51282277582192,52.24775739435852,,0
4,121,No,2.0,1,3,10,6,BicolorDamselfish,37.17803996820174,No,,,,NRL_nr,104.00903955757992,1614.3649704933557,115.26569242034294,65.26113154415195,26.038041597022687,106.8243939974916,41.79642090267806,,0
4,121,No,2.0,1,3,10,7,BicolorDamselfish,45.45452432588067,No,,,,NRL_nr,278.90761963814725,1640.8368604763878,102.33722863241296,57.36057595293111,48.866390608208405,86.23239599424343,41.24043139987274,,0
4,121,No,2.0,1,3,10,8,Basslet,126.49455813547311,No,,,,NRNL_nr,30.90332724300845,1279.187836735885,15.846114513417035,28.189413047871064,,89.76111039881707,71.33196819670655,,0
4,121,No,2.0,1,3,10,9,BicolorDamselfish,41.193447060007195,No,,,,NRL_nr,326.92260483145236,1324.7977399291506,18.207844334823733,28.029595182347776,15.15762241040375,77.04837298014722,28.80495747307165,,0
4,121,No,2.0,1,3,10,10,BicolorDamselfish,44.04930623783753,No,,,,NRL_nr,132.91871182436,1615.8705880176424,131.67362913033884,69.43759768475168,37.950056051025925,66.84684607195285,44.36651599935639,,0
4,122,Yes,8.0,1,3,11,1,BrownChromis,53.90703812537614,No,,11.0,3.0,NRL_r,459.2169262267402,1489.0638438448088,26.237330153881835,38.61435613438926,33.393874711632336,30.22062678315404,33.0449334424455,,0
4,122,Yes,8.0,1,3,11,2,BrownChromis,68.4655062195682,Yes,2144.0,0.0,1.0,FR,469.7310163207471,804.9220254856408,20.5136701655621,33.843662733561175,2.422484825515842,96.95756435342795,25.301249134743056,1049.516089030012,1
4,122,Yes,8.0,1,3,11,3,BicolorDamselfish,33.77498262199346,Yes,2154.0,10.0,2.0,SRL,67.05629207277745,1072.4376941057897,64.56252929245797,51.33541315870565,29.404306262945024,26.70349258056417,41.532179710939765,794.2376482847314,1
4,122,Yes,8.0,1,3,11,4,BrownChromis,42.84978821867987,No,,11.0,3.0,NRNL_r,715.4986703398977,781.6654708344291,60.60954072439821,37.57255202711191,,140.12403166056134,107.19427900917673,,0
4,122,Yes,8.0,1,3,11,5,Basslet,101.87814096414728,No,,11.0,3.0,NRL_r,36.33376544616072,1229.304464916041,71.26392936629638,27.38167081125501,8.01733536610822,135.64492649825624,40.47155425871084,,0
4,122,Yes,8.0,1,3,11,6,BrownChromis,35.17777951141162,No,,11.0,3.0,NRL_r,1.9846611893818824,1607.3793042175334,87.19734532639086,43.26113253144362,16.080620600944506,96.81292146422368,50.75682908827177,,0
4,122,Yes,8.0,1,3,11,7,BrownChromis,47.48529291705268,No,,11.0,3.0,NRL_r,94.99065679558304,1306.159247755417,53.95445340353317,47.65917164510202,31.451479087178583,95.674725303555,42.266368096469456,,0
4,122,Yes,8.0,1,3,11,8,BrownChromis,42.41662062968824,No,,11.0,3.0,NRL_r,205.4648774123147,1516.7752288136417,40.86274819917698,47.98089189743332,21.839297188799137,6.978518012505515,35.020692271464966,,0
4,122,Yes,8.0,1,3,11,9,BrownChromis,50.47152319899467,No,,11.0,3.0,NRNL_r,579.7624736828991,840.7386027991812,79.63455545645273,38.62416311564336,,139.689041700333,98.51352792281465,,0
4,122,Yes,8.0,1,3,11,10,BrownChromis,23.87297187555821,No,,11.0,3.0,NRL_r,70.6769253840475,1612.0723946050937,90.31663564273649,55.22255612827885,34.95858891404375,150.7836249343139,47.0441743961639,,0
4,122,Yes,8.0,1,3,11,11,BrownChromis,85.39776047238435,No,,11.0,3.0,NRNL_r,23.61061112134037,1298.3853407622682,15.463940887191908,23.27682900400707,,93.93875492821556,75.70931637440975,,0
4,123,No,1.0,1,3,12,1,BicolorDamselfish,47.98089932750088,No,,,,NRL_nr,336.05541703918834,1579.3927881774734,87.76177855370793,44.770007572771554,39.72345387030471,47.73279784880385,31.44589314054846,,0
4,123,No,1.0,1,3,12,2,BicolorDamselfish,36.05543299909489,No,,,,NRL_nr,157.86874381673078,1280.3874172511755,152.3903788844825,61.812648209764795,35.406537096273574,60.31884394375017,34.82549289182872,,0
4,123,No,1.0,1,3,12,3,BrownChromis,59.933327718618855,No,,,,NRNL_nr,522.0615840021303,816.3617889882188,19.984494182737265,24.881483212387543,,80.39825299147088,92.17538379554608,,0
4,123,No,1.0,1,3,12,4,BicolorDamselfish,33.5030665065588,No,,,,NRL_nr,103.33658949200527,1447.3878313355765,651.7175467859108,75.28995965002201,28.300403222979178,19.76563611563259,38.02929245431488,,0
4,123,No,1.0,1,3,12,5,BicolorDamselfish,19.863035359937623,No,,,,NRL_nr,77.60562613592298,1475.321291791173,474.9880300996976,79.00182431826545,20.14662542468799,40.22170908237351,39.59177210100769,,0
4,123,No,1.0,1,3,12,6,BrownChromis,40.27827988456618,No,,,,NRNL_nr,354.5739834982144,844.378639913606,44.66491186555428,42.22508684407128,,174.2063664661194,66.33335336723944,,0
4,123,No,1.0,1,3,12,7,BicolorDamselfish,34.869133918616875,No,,,,NRL_nr,148.43191710417275,931.0334326063966,128.13722609537393,56.19491705668134,12.6771607760366,131.89951786214883,54.167419352391605,,0
4,123,No,1.0,1,3,12,8,BicolorDamselfish,33.758757942235476,No,,,,NRL_nr,13.750078355997402,1057.873841411019,113.3466773759968,62.4744753244035,45.336393348768766,25.315696579026103,52.17821714601593,,0
4,123,No,1.0,1,3,12,9,BicolorDamselfish,21.5206311542538,No,,,,NRL_nr,65.66684985116862,1253.513344449582,161.73651701852864,62.18104386587363,35.76841761442267,34.514876881322856,39.83026442191629,,0
4,123,No,1.0,1,3,12,10,BicolorDamselfish,44.17994683465075,No,,,,NRL_nr,194.20310305972413,1052.7866280979415,97.2959923707627,54.95508412888064,20.427115729152284,163.40979767038837,36.5097258809729,,0
4,123,No,1.0,1,3,12,11,BicolorDamselfish,31.03731675060544,No,,,,NRL_nr,288.9533823689656,1306.9695291627231,132.07272900856535,60.79872584672229,48.44651100619216,52.19871826122861,28.762086305230618,,0
4,123,No,1.0,1,3,12,12,BrownChromis,38.93946704001456,No,,,,NRL_nr,478.7740426805954,1508.0988178245286,62.35704243079407,45.75400721385627,36.26122251596162,102.154131493971,23.57831272148128,,0
4,123,No,1.0,1,3,12,13,BicolorDamselfish,106.87077480872946,No,,,,NRNL_nr,0.3383005341663562,1442.5818673779595,23.034961796409792,31.778571926906924,,78.73682337118565,68.37157070225217,,0
4,123,No,1.0,1,3,12,14,BicolorDamselfish,86.31591562491501,No,,,,NRL_nr,414.40205414167184,1757.2357020076315,27.15590995251959,24.938492218052843,24.938492218052843,87.17113440228327,34.507601699014394,,0
4,124,No,6.0,1,3,13,1,BicolorDamselfish,38.02891112939749,No,,,,NRL_nr,97.62775562545092,1046.7123164865384,42.97205394760931,61.570386816900715,25.463492290529476,153.23816628263566,45.199857690169466,,0
4,124,No,6.0,1,3,13,2,BicolorDamselfish,36.23720136312428,No,,,,NRL_nr,91.74542388560825,1280.8179101602775,49.23458696074575,59.7428638853989,14.639528338057778,54.12475606401615,37.777521265896205,,0
4,124,No,6.0,1,3,13,3,Basslet,92.95189009358816,No,,,,NRNL_nr,180.30881687438267,1709.163302008492,16.654617647491918,28.64395676579492,,26.477865641810364,73.88499377722468,,0
4,124,No,6.0,1,3,13,4,BicolorDamselfish,41.61508665449738,No,,,,NRL_nr,222.409533362251,1474.9788314970222,76.52953553889583,63.75679296022329,30.243440107483252,88.91205910453668,33.71337248794106,,0
4,124,No,6.0,1,3,13,5,BrownChromis,62.13476079900577,No,,,,NRL_nr,595.8949516101345,1382.27864448616,28.537152357962196,43.54124252100255,32.22023550338176,32.36088430104894,18.455480600991503,,0
4,124,No,6.0,1,3,13,6,BrownChromis,39.51048526562044,No,,,,NRL_nr,458.0356929718789,902.6351255746793,44.067460882086955,54.676842038016225,14.76101018091551,109.9621706305998,38.815493659567906,,0
4,124,No,6.0,1,3,13,7,DuskyDamselfish,50.11033092964435,No,,,,NRNL_nr,171.3370467495102,1475.0500976750511,24.48058539490007,27.671840865457742,,93.50711407274848,82.27199444201926,,0
4,124,No,6.0,1,3,13,8,BicolorDamselfish,18.090697582422475,No,,,,NRL_nr,79.34991830598199,1552.419780834294,50.221564081304344,51.0603182427118,45.98227953429088,136.83693020854423,41.02745477352996,,0
4,124,No,6.0,1,3,13,9,BicolorDamselfish,61.977781129744166,No,,,,NRL_nr,397.8777363493223,1629.8388648475334,54.92394931345697,48.20764941334043,40.30645289232124,100.50815949991504,29.622987910098896,,0
4,124,No,6.0,1,3,13,10,Parrotfish,271.0740358138178,No,,,,NRL_nr,393.8006719177983,1709.1966726397866,7.158268251225583,20.71989880481294,20.71989880481294,61.69404355177764,21.47286898352871,,0
4,124,No,6.0,1,3,13,11,BrownChromis,55.00316864872988,No,,,,NRL_nr,514.3982587473428,590.6066960026591,24.269614646416407,42.39606989205218,6.366985461991744,135.9884133231825,42.14329786838267,,0
4,124,No,6.0,1,3,13,12,BrownChromis,86.7602774956757,No,,,,NRL_nr,422.2869125007474,1197.0966745057178,42.28968195478557,49.17857463571549,30.94295441898652,80.13455200341137,37.146647010098,,0
4,125,No,0.5,1,3,14,1,BicolorDamselfish,40.94531348778141,No,,,,NRL_nr,214.97207640012095,1181.1479457988848,78.04766166358087,75.48089023670141,29.914903717171786,13.50636640906173,36.13789764638476,,0
4,125,No,0.5,1,3,14,2,BicolorDamselfish,38.6608803362597,No,,,,NRL_nr,284.39515080388514,1661.111499357112,74.62633373505506,69.27666778888309,55.068360563138846,85.56448173893934,34.7304536051582,,0
4,125,No,0.5,1,3,14,3,BicolorDamselfish,51.7862865717878,No,,,,NRL_nr,321.98134167931573,934.65663648469,48.1569385188607,57.03469149621764,9.828504473080812,71.01421161857068,32.581722239209846,,0
4,125,No,0.5,1,3,14,4,BicolorDamselfish,50.82474238251495,No,,,,NRL_nr,303.27090471027407,2350.3768673278314,13.189907797332625,29.629802296373597,29.629802296373597,20.18432708049046,42.095967076192395,,0
4,125,No,0.5,1,3,14,5,BicolorDamselfish,25.736358050944975,No,,,,NRL_nr,50.38442701477265,1686.339472593255,67.53635381045663,55.09227548972272,43.37742780022714,73.172547427525,45.48098729025568,,0
4,125,No,0.5,1,3,14,6,BicolorDamselfish,33.0642703581723,No,,,,NRNL_nr,173.33700231532922,1568.5136082980343,29.23725240231641,49.119196910647744,,76.12463551184929,58.31771181490861,,0
4,125,No,0.5,1,3,14,7,BicolorDamselfish,44.881833273125174,No,,,,NRL_nr,281.19259619811083,1777.8713319192611,54.578946003727374,57.79563924273837,57.79563924273837,128.30939998610177,29.7065338634134,,0
4,125,No,0.5,1,3,14,8,BicolorDamselfish,183.817182845322,No,,,,NRL_nr,65.22666487356157,1499.697689290267,80.364433141722,49.768871692662216,41.29022846001692,73.17676300597941,46.456989920000375,,0
4,125,No,0.5,1,3,14,9,Goatfish,,No,,,,NRUD,,,0.0,0.0,0.0,,,,0
4,125,No,0.5,1,3,14,10,Basslet,,No,,,,NRUD,,,0.0,0.0,0.0,,,,0
4,125,No,0.5,1,3,14,11,Parrotfish,,No,,,,NRUD,,,0.0,0.0,0.0,,,,0
4,125,No,0.5,1,3,14,12,BrownChromis,51.59923436293912,No,,,,NRL_nr,839.5623099328373,1182.0354077837392,21.54246391089664,36.02996687265903,12.77149510475636,68.59725686548431,17.051841860099056,,0
4,125,No,0.5,1,3,14,13,BrownChromis,57.12848208754072,No,,,,NRNL_nr,640.4004510442305,697.3131410765734,54.03362297376674,48.65784997970485,,110.75737266283336,71.28907385572379,,0
4,125,No,0.5,1,3,14,14,BrownChromis,54.74129124420046,No,,,,NRNL_nr,668.3983758811607,656.3003476534221,55.639367069455865,51.34518157863501,,135.5140673990867,60.47098138107438,,0
4,125,No,0.5,1,3,14,15,BicolorDamselfish,49.189511610337824,No,,,,NRL_nr,658.9229409636233,1408.4849081229868,25.23841081668082,33.45824217901145,26.361674891473086,143.60550040981516,46.94033984738975,,0
4,125,No,0.5,1,3,14,16,BicolorDamselfish,37.053801166261735,No,,,,NRL_nr,185.9630653504992,1371.9059029504326,56.10052195563458,59.9477765764458,18.86151171051163,75.81026303668737,33.807971182869686,,0
4,125,No,0.5,1,3,14,17,BicolorDamselfish,33.75449121887832,No,,,,NRL_nr,269.62614214380073,1372.9578376804102,85.47011853954076,92.3662928044359,69.04882654889448,94.78484326345554,37.49872111413554,,0
4,126,No,6.0,1,3,15,1,BicolorDamselfish,49.41934703013243,No,,,,NRNL_nr,207.35393829398265,1015.5396726386712,24.543788976670378,34.866665787317025,,53.028495986408046,62.16198630308664,,0
4,126,No,6.0,1,3,15,2,BrownChromis,53.19922631702773,No,,,,NRL_nr,823.2297174427086,1067.5169631640997,23.059281368546316,33.65712098858705,26.55850520428887,105.66582977047956,15.637161002091831,,0
4,126,No,6.0,1,3,15,3,BicolorDamselfish,50.00086957428013,No,,,,NRL_nr,309.1461748993878,1575.2489207340311,66.82039988568354,39.42350560471557,30.456227531759925,123.80682245131212,35.39588600707787,,0
4,126,No,6.0,1,3,15,4,BrownChromis,55.3827859515078,No,,,,NRL_nr,672.1127894566918,1155.0618098809268,28.081402028110112,33.890387348577605,19.087245710828487,152.90637047566506,37.10170679770596,,0
4,126,No,6.0,1,3,15,5,BicolorDamselfish,54.64775081618501,No,,,,NRL_nr,314.8909007193573,1010.1144443874392,65.60613693439196,38.0291879452946,32.22206161400962,149.10662983469524,28.816636099504255,,0
4,126,No,6.0,1,3,15,6,BicolorDamselfish,42.70683453803811,No,,,,NRL_nr,235.19424922625163,1279.8813062552267,313.63247099766113,56.66640492698308,48.17109703605448,64.21550317407485,31.770386489171777,,0
4,126,No,6.0,1,3,15,7,BrownChromis,52.06405310602485,No,,,,NRNL_nr,879.8484435414522,501.27032297934454,10.62308151888324,20.472781039264135,,134.13667489629466,101.07093748369908,,0
4,126,No,6.0,1,3,15,8,BicolorDamselfish,49.35846087765392,No,,,,NRL_nr,339.331794111605,1765.4415267154711,50.91510080794028,30.182170052749736,22.566919267084707,53.36712555832089,40.2069155764002,,0
4,126,No,6.0,1,3,15,9,BicolorDamselfish,29.478037618795533,No,,,,NRL_nr,285.2224068971678,1612.741952336129,30.73891583561591,38.09670396283855,25.05601001367763,56.10757899954772,49.70081713686523,,0
4,126,No,6.0,1,3,15,10,BicolorDamselfish,36.61770033273375,No,,,,NRL_nr,99.08428215127296,964.2211748968972,49.265470062462775,42.74441232005341,8.593483574773536,103.84296189813703,42.612253351228986,,0
4,126,No,6.0,1,3,15,11,BicolorDamselfish,20.468516930953157,No,,,,NRL_nr,131.4967339467312,1496.318655849925,75.03533697879162,37.30960227115406,12.80384747995725,8.983756595410025,37.32953625987075,,0
4,126,No,6.0,1,3,15,12,BicolorDamselfish,24.27531777768026,No,,,,NRL_nr,176.21867941545514,1269.5799549947292,315.65325214129496,70.1511800828985,24.942871478663875,118.32773822361489,34.509881929119295,,0
4,126,No,6.0,1,3,15,13,BicolorDamselfish,85.46123385161208,No,,,,NRL_nr,165.03159664997534,2459.351425735342,9.120356898829394,14.331300516927852,14.331300516927852,78.82047563815573,38.954811067271955,,0
4,126,No,6.0,1,3,15,14,Basslet,,No,,,,NRUD,,,0.0,0.0,0.0,,,,0
4,127,No,4.0,1,3,16,1,BicolorDamselfish,28.139082102244064,No,,,,NRL_nr,457.732456880244,1600.0938610169949,76.77775335960762,30.318356954964145,0.0,6.061528706603481,25.85875015840021,,0
4,127,No,4.0,1,3,16,2,BicolorDamselfish,34.301815097935105,No,,,,NRL_nr,198.26675518815523,1953.0988971222596,19.751828643673697,22.96611462408609,22.96611462408609,98.93391684017352,27.323354342458423,,0
4,127,No,4.0,1,3,16,3,Basslet,116.08554498512744,No,,,,NRNL_nr,198.10208911310775,1163.1340975137814,51.05465032582923,27.375620222593085,,52.31474178388569,77.10361147274595,,0
4,127,No,4.0,1,3,16,4,BicolorDamselfish,41.12917913963865,No,,,,NRNL_nr,235.73602487297424,1258.429664245314,343.0741967549328,51.01676596313014,,28.123286192186864,82.5203186187633,,0
4,127,No,4.0,1,3,16,5,BicolorDamselfish,32.359619094598976,No,,,,NRL_nr,197.27892630343692,1462.7462961029091,37.66371549021991,40.250804560843065,33.81639378826418,31.195550206191225,39.82069840920643,,0
4,127,No,4.0,1,3,16,6,BicolorDamselfish,27.051704324228,No,,,,NRL_nr,343.77574084001884,1438.2761189179655,134.66287815596823,47.49847453785264,12.051020965881884,73.15727681835311,28.17650544465058,,0
4,127,No,4.0,1,3,16,7,BicolorDamselfish,38.170623633221474,No,,,,NRNL_nr,141.05108178924107,1675.26392045245,12.33747488688882,22.641041369158117,,40.44686890969247,60.241360578248134,,0
4,127,No,4.0,1,3,16,8,BicolorDamselfish,29.69578692866296,No,,,,NRL_nr,327.2131353807523,955.8271381863548,18.656863027520703,23.032739872930804,3.1742292665180027,73.25645194777603,38.75233690042428,,0
4,127,No,4.0,1,3,16,9,BicolorDamselfish,107.47874145284212,No,,,,NRL_nr,388.3000364783247,1487.6014565368157,133.98597037702683,34.41664747084932,22.719843823454443,56.98721136698683,28.019388999937306,,0
4,128,No,2.0,1,3,17,1,BicolorDamselfish,38.00170368549886,No,,,,NRNL_nr,172.41835353951413,1802.062438471648,7.832081966531077,12.225836442927635,,43.457363079655075,64.96583661914902,,0
4,128,No,2.0,1,3,17,2,BrownChromis,46.892301926458195,No,,,,NRL_nr,886.2989572120315,1110.8714192341645,13.939856142468926,17.847623251871607,9.173602178416814,31.19246026610914,6.278280615834058,,0
4,128,No,2.0,1,3,17,3,BicolorDamselfish,48.83156553202642,No,,,,NRL_nr,277.6776214669163,1442.680609480919,173.17904097946206,44.600121730053786,40.92448341724866,92.90644986943003,33.31096865935447,,0
4,128,No,2.0,1,3,17,4,BicolorDamselfish,45.12714220386383,No,,,,NRL_nr,316.4213009745544,1373.7710687616163,205.62028833671425,51.836975620724466,15.690185455589347,41.79994576198239,33.533109732870116,,0
4,128,No,2.0,1,3,17,5,BicolorDamselfish,39.1546005940846,No,,,,NRL_nr,390.1366021468239,1253.068559445382,102.26176988299324,50.8816591499061,16.41063783829633,65.26510485873405,32.42398523270131,,0
4,128,No,2.0,1,3,17,6,BicolorDamselfish,48.05493221091211,No,,,,NRL_nr,371.8245405766299,707.9433404955906,26.54377043732192,26.940047791592768,9.553471992103454,87.48146052668432,34.980170435433344,,0
4,128,No,2.0,1,3,17,7,BrownChromis,51.2995677233685,No,,,,NRL_nr,758.030845131922,359.83387341881473,35.70792407668623,31.206937481971057,16.97512735641681,133.65845039131898,25.34725964425975,,0
4,128,No,2.0,1,3,17,8,BrownChromis,58.901599180583055,No,,,,NRNL_nr,738.9945442454506,348.9032598179621,34.02463303473792,31.01062820154032,,131.27244232857907,57.6225331009239,,0
4,128,No,2.0,1,3,17,9,BrownChromis,50.18638540248973,No,,,,NRL_nr,538.7896542137332,1371.8168908057123,39.191152005305945,35.3144334400002,23.324843311859837,89.61082736230999,37.24669802961183,,0
4,128,No,2.0,1,3,17,10,BicolorDamselfish,20.857507129421332,No,,,,NRL_nr,182.46096537527868,1669.939769299813,29.23298735651364,27.569577811822803,27.569577811822803,55.659161032745104,39.46497969483336,,0
4,130,No,0.5,1,3,19,1,BicolorDamselfish,45.160032950819215,No,,,,NRL_nr,370.1553885724023,1667.8124056536922,23.072237603553617,32.22146187754972,27.459316034345616,146.02306397598903,35.51487418310767,,0
4,130,No,0.5,1,3,19,2,BicolorDamselfish,71.61494246498756,No,,,,NRL_nr,584.246469816344,1454.648578935346,26.06159653790295,28.432097450211945,5.885462201964602,45.00495707692818,18.129964260474555,,0
4,130,No,0.5,1,3,19,3,Basslet,104.9191712868633,No,,,,NRNL_nr,85.65031612579202,1455.925801766322,22.29311676317098,23.97292929797224,,36.63496771386761,64.94488673310839,,0
4,130,No,0.5,1,3,19,4,BicolorDamselfish,36.10257462040504,No,,,,NRNL_nr,177.86625393742366,1860.4331543606172,108.35259747531924,55.02216777457526,,145.27172520461352,67.63887083440517,,0
4,130,No,0.5,1,3,19,5,BicolorDamselfish,48.32057925250962,No,,,,NRNL_nr,269.7092325133605,1928.680547747561,117.16642728025282,45.38720532048796,,118.0278742049391,67.91755970193053,,0
4,130,No,0.5,1,3,19,6,BrownChromis,,No,,,,NRUD,,,0.0,0.0,0.0,,,,0
4,130,No,0.5,1,3,19,7,DuskyDamselfish,69.75815919300187,No,,,,NRNL_nr,969.834205890552,2511.3183577266655,6.006364253125202,15.021526344202991,,117.14460091043873,80.92793874255257,,0
4,130,No,0.5,1,3,19,8,BicolorDamselfish,44.068233615090435,No,,,,NRL_nr,227.28856855826535,780.3987942483502,17.520336774101363,32.886625458326165,9.134864281354512,31.053093983792724,42.21879249638163,,0
4,130,No,0.5,1,3,19,9,BicolorDamselfish,39.99251735829112,No,,,,NRL_nr,482.84053825159606,1248.2479518462771,14.18833431674994,30.661205089770014,7.000794951866844,74.09872847940082,32.7540114910688,,0
4,130,No,0.5,1,3,19,10,BrownChromis,45.22331229368709,No,,,,NRL_nr,591.6309783551269,804.977984120207,16.824157993660037,28.89138090729189,25.41576533056398,163.80018020415065,10.736307961961897,,0
4,130,No,0.5,1,3,19,11,BrownChromis,59.88338142546785,No,,,,NRL_nr,480.96357476333026,1196.185429846222,16.76246913441611,24.081651643079475,10.490039282408244,130.27609488838957,46.740465424783046,,0
4,130,No,0.5,1,3,19,12,BicolorDamselfish,31.25529411016595,No,,,,NRL_nr,16.74721104895865,1572.0140470630884,21.808136084589304,34.344393640675634,20.073012877498677,142.51987626915405,46.48819631757614,,0
4,130,No,0.5,1,3,19,13,BicolorDamselfish,53.586375606344205,No,,,,NRL_nr,471.9867332597976,1636.9182931830958,26.915370672035607,33.598191906799876,16.862094604403058,151.99523272958794,26.5415177625626,,0
4,132,No,6.0,1,3,20,1,BicolorDamselfish,41.62711283565685,No,,,,NRL_nr,341.9877735421643,1533.8767267700496,25.37740254261676,30.20426825289955,25.17071940472317,104.52059593645988,31.068606986015944,,0
4,132,No,6.0,1,3,20,2,BicolorDamselfish,32.83075288971573,No,,,,NRNL_nr,96.33159017177228,1711.6026268703683,9.548673315203102,18.027706138206575,,81.68234076713132,62.69708840389849,,0
4,132,No,6.0,1,3,20,3,BicolorDamselfish,42.212361599525906,No,,,,NRL_nr,74.97211227919396,1306.9792882739366,43.22838867529833,39.302099136739656,16.31518296274577,100.106606229632,38.562379474825995,,0
4,132,No,6.0,1,3,20,4,BicolorDamselfish,47.27364510326392,No,,,,NRL_nr,32.48975401505147,1104.27390406378,32.02841945233292,31.91785782571221,8.090525895287513,103.15542495343855,42.85192239150635,,0
4,132,No,6.0,1,3,20,5,BicolorDamselfish,47.2645729195761,No,,,,NRL_nr,89.07121798795735,1781.8521073384768,16.455484005459855,18.868807050848527,17.13604617346167,47.37775151233186,46.28880628005125,,0
4,132,No,6.0,1,3,20,6,BrownChromis,46.10813551436527,No,,,,NRNL_nr,431.7764335372541,702.3439228430449,45.266027445095446,33.03985752504608,,79.33491907277403,61.9323049945643,,0
4,132,No,6.0,1,3,20,7,BrownChromis,46.431530054523,No,,,,NRNL_nr,508.2155594938701,742.97141554509,57.465921796307576,30.74541494334371,,104.47321776820108,73.58207404239975,,0
4,132,No,6.0,1,3,20,8,BrownChromis,50.80543561402804,No,,,,NRL_nr,531.649240701949,1602.674619032182,15.92608031048228,21.49763754643429,17.497837570818447,117.15318944935368,30.2278139657676,,0
4,132,No,6.0,1,3,20,9,BrownChromis,56.601269219576096,No,,,,NRL_nr,513.2920481662615,1022.5150969134564,18.878831384654028,24.20317019772573,24.20317019772573,150.37870616279545,20.840336504969017,,0
4,133,No,4.0,1,3,21,1,BrownChromis,43.46709538695457,No,,,,NRNL_nr,676.1526528939185,689.294609589934,270.9141436091915,84.64098022273787,,75.96726221400048,89.89570464602241,,0
4,133,No,4.0,1,3,21,2,BicolorDamselfish,72.68585164509075,No,,,,NRNL_nr,272.10539949781986,1930.3075521493124,15.27856522087282,23.49758604043133,,95.35066459972452,69.05322483787347,,0
4,133,No,4.0,1,3,21,3,BicolorDamselfish,65.10605754171935,No,,,,NRNL_nr,629.7695388447335,657.6487047418406,170.010668289825,73.95404112249228,,96.9416440430951,77.28876211137862,,0
4,133,No,4.0,1,3,21,4,BrownChromis,45.40124376773595,No,,,,NRNL_nr,710.068122258124,661.3578356318662,225.1348623836196,68.94831709041159,,132.710143458347,88.63842480944635,,0
4,133,No,4.0,1,3,21,5,BrownChromis,48.36236801138371,No,,,,NRL_nr,345.9718058752323,830.2295362056511,45.22877661473125,47.30862232720011,35.145911275085595,138.54508078718766,33.964933283237784,,0
4,133,No,4.0,1,3,21,6,BicolorDamselfish,32.92599199844834,No,,,,NRL_nr,307.34795481303337,1200.2664541888428,34.02089477091227,36.34656850008305,36.34656850008305,149.34420637611734,28.179902165669596,,0
4,133,No,4.0,1,3,21,7,BicolorDamselfish,25.418467784622088,No,,,,NRL_nr,82.3876861585106,1469.638887500009,33.184474510340245,38.19638210285325,17.83281562500805,119.83740170008332,45.8535299110626,,0
4,133,No,4.0,1,3,21,8,BicolorDamselfish,51.062141210575106,No,,,,NRL_nr,226.89098480495173,905.6533215750316,81.73911900358905,55.8546558586662,54.00787611797039,144.67207885728536,36.77623387801103,,0
4,133,No,4.0,1,3,21,9,BicolorDamselfish,58.88584679962207,No,,,,NRNL_nr,60.91474191509902,1781.7184693568806,23.82744223535662,31.075390173287484,,116.06984138699067,59.37361173091536,,0
4,133,No,4.0,1,3,21,10,BicolorDamselfish,43.24742207011011,No,,,,NRL_nr,199.09089546405943,1713.4613709632092,31.47617563674979,27.110632107810684,27.110632107810684,116.2479347685377,44.07164681813237,,0
4,133,No,4.0,1,3,21,11,BrownChromis,61.70311140915314,No,,,,NRNL_nr,487.7369371814498,887.4406289724977,18.346959609206333,33.744463964542334,,51.250099516429664,89.70152828191273,,0
4,133,No,4.0,1,3,21,12,BicolorDamselfish,40.975981078364455,No,,,,NRL_nr,125.10999348734308,870.8846974853046,81.13992625425259,59.01081121197601,29.885155016190925,159.1438616209473,44.829710844234256,,0
4,133,No,4.0,1,3,21,13,BicolorDamselfish,52.846768095579755,No,,,,NRNL_nr,445.869404548721,724.6398386638105,109.68971703490772,60.19371675511094,,139.20082993053742,68.14775779411144,,0
4,133,No,4.0,1,3,21,14,BicolorDamselfish,71.03514768294947,No,,,,NRNL_nr,750.9162442966827,670.2704671561204,79.23426193952749,33.68331607740325,,106.91463823774636,79.37234032877878,,0
4,134,Yes,8.0,1,3,22,1,BicolorDamselfish,57.67388626746624,Yes,2165.0,23.0,8.0,SRNL,131.18611203224248,1471.0558257258328,173.91536396435123,66.11329424134792,,86.75354431371446,58.170069923536865,1412.2094467203272,1
4,134,Yes,8.0,1,3,22,2,BicolorDamselfish,43.591717010017824,Yes,2154.0,12.0,4.0,SRL,308.0726280072627,799.815417540374,29.83341314566686,44.61311944147633,14.420295981842385,162.12987890221933,48.74928692394415,2003.159279596042,1
4,134,Yes,8.0,1,3,22,3,BicolorDamselfish,44.06975602630469,Yes,2150.0,8.0,3.0,SRL,218.85956709361187,1456.597603852127,59.98011417326515,56.50726215081885,28.031832182739823,121.17659455471971,33.34427643785704,1961.177138045757,1
4,134,Yes,8.0,1,3,22,4,BrownChromis,31.878495302740685,Yes,2155.0,13.0,5.0,SRL,268.81569888882893,1570.8160329304358,73.21935067060963,60.732216506271946,52.46684616124794,51.31897091387168,35.01986133732312,873.5570628563087,1
4,134,Yes,8.0,1,3,22,5,BrownChromis,55.204748869218776,Yes,2205.0,63.0,9.0,SRL,975.818487414594,960.1308370409251,13.141580702984935,29.912781952550244,21.789334226947116,100.19963455508228,12.661315390195837,609.1362215482135,1
4,134,Yes,8.0,1,3,22,6,BicolorDamselfish,46.893026859724905,Yes,2148.0,6.0,2.0,SRL,406.58994001307656,1721.430232938364,47.65438214826451,46.38584479445131,36.18178978166601,128.29706945361946,31.93426034653082,1571.562479711072,1
4,134,Yes,8.0,1,3,22,7,BrownChromis,47.55964189484916,Yes,2154.0,12.0,4.0,SRNL,994.443507815253,512.607796167696,14.971548130692566,25.70315536182478,,140.44872502982994,99.52315912505584,3150.3815911984616,1
4,134,Yes,8.0,1,3,22,8,BicolorDamselfish,39.85292942501848,Yes,2161.0,19.0,6.0,SRNL,339.57871173215057,1810.236183473492,24.016702333718925,36.1272543171487,,31.6528034525245,60.09982868724759,1230.1092213943664,1
4,134,Yes,8.0,1,3,22,9,BrownChromis,57.57133767028259,Yes,2148.0,6.0,2.0,SRL,742.8605103601076,1250.4605210559191,30.111152583041093,40.61070983320684,19.270214684608018,144.74485648141888,30.01142386913913,2322.9665540516053,1
4,134,Yes,8.0,1,3,22,10,BrownChromis,42.61419429755338,Yes,2155.0,13.0,5.0,SRNL,735.0127759806023,641.5616937554955,25.06654256019292,33.76975999431163,,88.9776538559395,61.64764656998999,2584.4996461038177,1
4,134,Yes,8.0,1,3,22,11,BrownChromis,40.86647953820241,Yes,2148.0,6.0,2.0,SRL,194.0225368589679,1033.9889773189936,27.99707293652322,38.75268835909901,32.65129972384388,137.79777069821617,35.73164774853283,1254.2518013019078,1
4,134,Yes,8.0,1,3,22,12,DuskyDamselfish,55.69750162654722,Yes,2163.0,21.0,7.0,SRNL,161.9360555616846,1429.274283129462,491.716131854675,78.02804872532083,,159.02606912479538,55.45858290446729,781.9080920989728,1
4,134,Yes,8.0,1,3,22,13,Basslet,83.75029476638777,Yes,2142.0,0.0,1.0,FR,437.9612040404776,1339.6462721420032,44.62157107583516,39.78104886956391,5.406862277631826,166.69260850448168,22.574896397240945,1513.31053551712,1
4,134,Yes,8.0,1,3,22,14,BicolorDamselfish,49.61025252853522,Yes,2148.0,6.0,2.0,SRL,373.9778840139702,1252.6810275018884,51.30390368820488,57.31996831186149,22.187624651536833,56.452015991708095,36.66492436222791,972.7895593837948,1
4,135,No,2.0,1,3,23,1,BicolorDamselfish,45.40041076320816,No,,,,NRNL_nr,144.21256119733303,1657.5641505227786,11.215803021645067,21.618512997365425,,52.48189765826062,66.73835416928009,,0
4,135,No,2.0,1,3,23,2,Basslet,104.07368930056568,No,,,,NRL_nr,83.5165379726656,1100.0657754912563,35.03433950608916,29.74260119625924,11.378420687023809,108.3365114023105,48.202323060600634,,0
4,135,No,2.0,1,3,23,3,BicolorDamselfish,64.70250481334239,No,,,,NRL_nr,96.29250916031933,1521.3815999872313,47.08193783318782,48.0876634804668,36.91285928665181,42.65679451830097,39.758084222349424,,0
4,135,No,2.0,1,3,23,4,BicolorDamselfish,38.9586352974586,No,,,,NRL_nr,358.24885148495656,1499.0012203642204,47.20929733027118,50.95800579884052,17.923138984217314,32.434376671495144,33.25105435413575,,0
4,135,No,2.0,1,3,23,5,BicolorDamselfish,42.84635859163399,No,,,,NRL_nr,201.39553113626556,1594.3251076732813,42.98083689421183,48.51766201572253,46.54480626609407,13.92017282116009,43.50412905911744,,0
4,135,No,2.0,1,3,23,6,BicolorDamselfish,60.70887128054307,No,,,,NRNL_nr,493.2755057816982,671.2288807851173,14.330900302346558,28.48870990069664,,13.084058401141732,79.75164759179108,,0
4,135,No,2.0,1,3,23,7,BicolorDamselfish,45.966766942921616,No,,,,NRL_nr,307.90000394963226,746.5960224910833,28.794272040463852,38.01821026384884,13.588619728695512,126.367768522133,41.49255449578588,,0
4,135,No,2.0,1,3,23,8,BrownChromis,51.98541097643413,No,,,,NRL_nr,564.7165401701022,742.0570043106816,27.15052485411762,38.81381718553703,7.794573824709698,21.55162573597295,22.165004768852953,,0
4,135,No,2.0,1,3,23,9,BicolorDamselfish,44.88008017460662,No,,,,NRL_nr,408.80585023919144,1167.550282328939,49.94159282003933,38.54601747564748,13.999140018086662,46.07516965461637,23.66245811257491,,0
4,135,No,2.0,1,3,23,10,BrownChromis,52.75689182832309,No,,,,NRL_nr,515.888910678085,1208.758644428779,34.285867694810044,41.930578929663,25.781704649555984,32.687977148304256,32.242602637783946,,0
4,135,No,2.0,1,3,23,11,BicolorDamselfish,46.872129614824765,No,,,,NRL_nr,375.0530814985945,1068.5158346026512,61.28233233551343,37.48202802812206,13.116833892048582,97.15563587931106,29.625106004848103,,0
4,136,No,1.0,1,3,24,1,BrownChromis,57.41329064814639,No,,,,NRL_nr,292.28297185745726,990.5068663784238,37.548523886308224,54.52214538582734,34.07854957967329,138.4533950225926,45.70341216148726,,0
4,136,No,1.0,1,3,24,2,BrownChromis,55.09226813333549,No,,,,NRL_nr,667.2542072550539,796.0436069466442,23.569363029768237,38.54689028540644,8.648365808872818,97.97411668862074,44.484699751519855,,0
4,136,No,1.0,1,3,24,3,BicolorDamselfish,28.146313807894742,No,,,,NRL_nr,243.3925995932349,807.6436070506685,38.75292719043301,42.8823505964299,34.163336507553964,148.28634042132634,37.14171687559258,,0
4,136,No,1.0,1,3,24,4,BicolorDamselfish,40.62247043894673,No,,,,NRL_nr,141.76541564604997,1461.6964162040365,48.525557150282495,37.74404163509416,15.320471070596836,133.56689491908665,36.594666532060685,,0
4,136,No,1.0,1,3,24,5,BicolorDamselfish,38.48276749908005,No,,,,NRL_nr,325.25596891972015,1494.6135011999877,50.34005405807599,37.5388349189241,14.273832409776304,132.24258453546716,31.72510227604208,,0
4,136,No,1.0,1,3,24,6,Basslet,102.86273495544316,No,,,,NRL_nr,223.72355989449463,1721.1952974518156,39.05343438055925,37.44235508165188,37.44235508165188,71.24825844479663,43.902606794346234,,0
4,136,No,1.0,1,3,24,7,BrownChromis,44.224052659320726,No,,,,NRL_nr,612.5547497478261,1017.2189474122938,29.22357379160413,44.9161688663487,40.617360288689795,134.1737446040108,16.781708796489756,,0
4,136,No,1.0,1,3,24,8,BicolorDamselfish,48.41089129871345,No,,,,NRL_nr,367.2209624388289,1210.9607002959658,29.83984974843223,41.38022736890971,41.38022736890971,130.06342861437875,27.714640685612395,,0
4,136,No,1.0,1,3,24,9,BrownChromis,44.641722185567936,No,,,,NRNL_nr,750.2170701181649,553.1088360526569,10.87503374328971,27.314097053511556,,136.2064500234833,100.35624622399004,,0
4,136,No,1.0,1,3,24,10,BicolorDamselfish,60.203794455313655,No,,,,NRNL_nr,168.44280132929856,1508.5317164000835,11.106634637271302,30.454755800971675,,91.51174288984696,80.98684132253499,,0
4,136,No,1.0,1,3,24,11,BicolorDamselfish,54.98237170076575,No,,,,NRL_nr,164.95181370792122,1776.0180250337478,39.8435937920801,44.91874931678697,19.804614834783298,66.0056279407479,42.75717919801098,,0
4,136,No,1.0,1,3,24,12,BicolorDamselfish,65.0746584558522,No,,,,NRNL_nr,176.43958603424886,1826.2746570742845,12.77814447643346,28.2096687301606,,69.40457534101603,66.70281440738974,,0
4,136,No,1.0,1,3,24,13,BicolorDamselfish,48.82207907474937,No,,,,NRL_nr,100.45544898135608,1038.35581973366,51.32542718616784,51.001044826290695,30.347420600814775,145.3859236636262,41.22375933392742,,0
4,137,No,0.5,1,3,25,1,Basslet,115.43203915748676,No,,,,NRNL_nr,927.8934571265272,643.6056613049986,11.864473028345602,17.743094759018504,,96.25493651807405,86.33632579108288,,0
4,137,No,0.5,1,3,25,2,BrownChromis,57.9735285286484,No,,,,NRL_nr,617.9748594036118,539.8686918931046,14.603632762360686,31.94689786317089,16.528022162749487,44.22167401193555,33.085110599338826,,0
4,137,No,0.5,1,3,25,3,BrownChromis,52.1263608200699,No,,,,NRL_nr,559.0422654938368,1125.57560344366,17.734834670852692,31.66232988531626,20.934341482640683,160.44963117864432,41.03663489598888,,0
4,137,No,0.5,1,3,25,4,BrownChromis,50.586631130590305,No,,,,NRNL_nr,805.6303579542232,796.519031080096,16.210989410916632,24.53848506007577,,76.27797394470518,107.7167489440726,,0
4,137,No,0.5,1,3,25,5,BrownChromis,52.04204855565452,No,,,,NRNL_nr,820.55757143789,418.5631913169164,16.541949840570215,28.192578817567128,,67.76816498086136,96.68478425042964,,0
4,137,No,0.5,1,3,25,6,DuskyDamselfish,42.86097857068666,No,,,,NRNL_nr,814.5248908872516,2298.78821178628,8.291525988750541,17.597732680011955,,116.266508637158,81.6462064874295,,0
4,137,No,0.5,1,3,25,7,BicolorDamselfish,34.404582217113294,No,,,,NRNL_nr,276.3891526087558,1931.7876433797337,12.028244441919428,23.206243853926733,,8.736754909428699,65.87341173914066,,0
4,137,No,0.5,1,3,25,8,BicolorDamselfish,62.43508916798571,No,,,,NRNL_nr,408.48566813403727,1699.843076076563,11.990963385319557,22.831210142745224,,45.105944650278936,83.68183273158897,,0
4,137,No,0.5,1,3,25,9,BicolorDamselfish,42.54673554153492,No,,,,NRL_nr,125.4971066687764,971.3747079548642,23.01937182080412,40.58789450256723,24.79145601820582,106.22628221505884,41.97880983659266,,0
4,137,No,0.5,1,3,25,10,BicolorDamselfish,36.5759859499916,No,,,,NRL_nr,0.5974497720486721,1446.4097875720768,38.861027452886844,35.050122158732144,25.34786792759676,59.92257104993492,48.67272130113093,,0
4,137,No,0.5,1,3,25,11,BicolorDamselfish,,No,,,,NRUD,,,0.0,0.0,0.0,,,,0
4,137,No,0.5,1,3,25,12,Goatfish,208.63624075570505,No,,,,NRNL_nr,1723.7589422002277,1210.227000291639,4.5617511547610405,14.466105720355834,,79.19338013302979,103.07608611461168,,0
4,137,No,0.5,1,3,25,13,BicolorDamselfish,40.81007314867306,No,,,,NRL_nr,384.8104934159851,1366.4420871966092,29.76146132341048,35.13461418591734,35.13461418591734,76.72509310787628,28.26573434459585,,0
4,137,No,0.5,1,3,25,14,BicolorDamselfish,34.4539311916201,No,,,,NRL_nr,161.59925777528858,1506.3889152350107,42.92838704974021,36.38783941436045,31.32528937960112,90.90939381464844,36.428953488454916,,0
4,137,No,0.5,1,3,25,15,BicolorDamselfish,,No,,,,NRTC,80.55464417337998,1632.5849984661763,44.979955476035926,39.18779431443422,39.18779431443422,,44.59965772945897,,0
4,139,No,2.0,1,3,26,1,BicolorDamselfish,23.8594582038563,No,,,,NRL_nr,68.57053853202802,1551.735089491287,47.360893826113426,52.345166624465485,29.1036448930712,15.80737385294504,41.407380856235,,0
4,139,No,2.0,1,3,26,2,BicolorDamselfish,,No,,,,NRUD,,,0.0,0.0,0.0,,,,0
4,139,No,2.0,1,3,26,3,BicolorDamselfish,43.47763091186502,No,,,,NRL_nr,308.4977142541419,1222.3485626738388,129.21676321222515,75.95071511480975,28.440568438280277,119.44650367478802,27.45370392403376,,0
4,139,No,2.0,1,3,26,4,BicolorDamselfish,56.56931702811705,No,,,,NRL_nr,312.03472659589085,1500.6301436555275,64.97033931463957,54.230994694203154,29.066785751354946,38.71267822590794,30.53444166888992,,0
4,139,No,2.0,1,3,26,5,BicolorDamselfish,40.358650829622206,No,,,,NRL_nr,294.99986751560857,1299.132586947686,108.30863974056344,64.82373829758438,34.13151169623162,126.50184117093112,28.743676118801197,,0
4,139,No,2.0,1,3,26,6,DuskyDamselfish,61.78433909556956,No,,,,NRNL_nr,248.61902985311593,1468.605732753467,12.507234698597058,23.864429786955068,,43.60881452746958,86.35399263973851,,0
4,139,No,2.0,1,3,26,7,BrownChromis,45.21094364611599,No,,,,NRL_nr,849.9645856518181,1539.5563675392473,27.092473471529814,36.9596036139368,20.984514810374577,33.94315674635083,8.173033463944655,,0
4,139,No,2.0,1,3,26,8,Basslet,118.78772308188714,No,,,,NRNL_nr,781.6978794100872,1891.0921370093477,7.844933351713158,18.34731331486247,,152.15832907617147,97.21453496773428,,0
4,139,No,2.0,1,3,26,9,BrownChromis,44.44477294287371,No,,,,NRNL_nr,1067.3048954535848,210.68593407949257,47.9086410996854,19.40437913383234,,39.38577372641105,142.93296283348752,,0
4,139,No,2.0,1,3,26,10,BrownChromis,,No,,,,NRTC,1113.2249079378237,247.99684403253195,47.473298603474674,35.30383687682837,,,161.03559634271005,,0
4,139,No,2.0,1,3,26,11,BicolorDamselfish,32.59022164785627,No,,,,NRL_nr,106.39568527728134,1651.241038884928,34.10489656395041,41.78434252690485,28.88874874251609,55.714362566695186,46.29579569242987,,0
4,139,No,2.0,1,3,26,12,BicolorDamselfish,24.60387222369747,No,,,,NRNL_nr,193.44883234568803,1858.5139185062972,10.699273920433944,26.232351143674443,,95.04234280513668,68.30622787506348,,0
4,139,No,2.0,1,3,26,13,BicolorDamselfish,102.3751819110678,No,,,,NRL_nr,395.706123816832,1747.449807904079,32.20413686530599,35.13919476883882,18.376702028871584,128.27572616639895,29.75092949509934,,0
4,139,No,2.0,1,3,26,14,BicolorDamselfish,35.50970372786245,No,,,,NRL_nr,535.3212175639799,1384.0551037565665,71.5399892780409,58.26867258535785,51.4747872080782,63.94932138542837,19.162849381913293,,0
4,139,No,2.0,1,3,26,15,BicolorDamselfish,82.66912041165949,No,,,,NRL_nr,395.9743541676097,1131.5189581258098,99.76509424570406,54.941413005706536,5.855944930072127,101.35357927542472,24.18812911799634,,0
4,140,No,0.5,1,3,27,1,BicolorDamselfish,47.49811227191666,No,,,,NRNL_nr,77.83451781910613,1472.5611838668258,25.307957362016296,32.748954121402676,,112.81144841814142,66.65338339156564,,0
4,140,No,0.5,1,3,27,2,BicolorDamselfish,37.77651442349745,No,,,,NRL_nr,276.9387326594635,1043.4720692501617,55.87043627059472,43.63268462573077,18.14239462648903,153.83361739299204,35.25638775909392,,0
4,140,No,0.5,1,3,27,3,BicolorDamselfish,33.74867954746112,No,,,,NRNL_nr,342.9228416520739,2088.217721450932,20.917057013217033,23.232384830891498,,146.1626495548046,62.6412900986376,,0
4,140,No,0.5,1,3,27,4,BicolorDamselfish,30.695503314485105,No,,,,NRL_nr,46.760877907813715,1464.2241040511983,140.48674427858245,58.41389040234453,25.443736525814753,57.5663587610693,40.461349247898674,,0
4,140,No,0.5,1,3,27,5,BicolorDamselfish,26.24406112462464,No,,,,NRL_nr,122.8434663226831,1546.325651294475,136.12328337746234,57.412488366527704,42.61317469501511,56.04586361863485,38.893589900627106,,0
4,140,No,0.5,1,3,27,6,BicolorDamselfish,35.66204621575863,No,,,,NRNL_nr,68.71582211689176,1825.5779839579936,30.571324555236743,30.003482419711975,,155.36378328782487,63.08403269278976,,0
4,140,No,0.5,1,3,27,7,BicolorDamselfish,41.8696026012867,No,,,,NRL_nr,327.8329429536798,726.0226199789852,45.0003534470046,46.48731080552975,29.545073016995048,147.02614279918106,34.36211486242245,,0
4,140,No,0.5,1,3,27,8,BicolorDamselfish,34.80219497352236,No,,,,NRL_nr,266.2223282794996,1058.97902184625,55.468022580904936,49.536260080078314,17.88399594568582,64.60441984139972,30.7187234386426,,0
4,140,No,0.5,1,3,27,9,BicolorDamselfish,46.97971038100443,No,,,,NRL_nr,747.2196894052263,1588.5050993392383,22.57161048090321,27.838467004323643,16.71933888425523,49.529818075068064,13.953657299460623,,0
4,140,No,0.5,1,3,27,10,BicolorDamselfish,47.11269599715811,No,,,,NRL_nr,407.5560353158056,1615.663820279673,35.9529697942088,36.584574733815565,34.51202364858328,106.19384530151588,37.09567973722736,,0
4,140,No,0.5,1,3,27,11,BicolorDamselfish,41.51540858850875,No,,,,NRL_nr,530.7990311065159,1159.6532196739372,44.97250662705439,41.447577233607085,17.701787474421753,135.13129636030325,16.598386181986875,,0
4,140,No,0.5,1,3,27,12,BrownChromis,48.4715960100736,No,,,,NRL_nr,705.0470193475591,335.25202330175085,117.46245132129624,56.66397667309961,30.308684491188465,45.37142292140749,30.445040317875247,,0
4,140,No,0.5,1,3,27,13,BrownChromis,46.74147449854101,No,,,,NRL_nr,799.8098280385677,301.84573399259006,113.62673308135184,52.58465604529534,4.531689593965606,168.75340990275828,24.986065909884086,,0
4,140,No,0.5,1,3,27,14,BrownChromis,37.89286323879066,No,,,,NRL_nr,676.9920827809668,580.0701022972975,31.509355738619615,35.667719683953074,35.667719683953074,153.67211212084504,26.60216100641094,,0
4,140,No,0.5,1,3,27,15,BrownChromis,48.22208341282374,No,,,,NRL_nr,694.9084739583561,1363.849417151988,28.07078397779364,34.15940880288517,29.8634474546075,108.2325437142031,29.51527078936669,,0
4,140,No,0.5,1,3,27,16,Basslet,86.63038760260349,No,,,,NRNL_nr,299.53100481337356,1222.7121423946708,12.498768275347976,22.644675180722945,,122.45217132545088,89.08701654693247,,0
4,141,No,4.0,1,3,28,1,BicolorDamselfish,39.53795492455773,No,,,,NRL_nr,261.1432433472358,1118.3468471303745,38.75317920253788,40.25921347836963,22.29308782288033,147.19633417021055,41.47009282973258,,0
4,141,No,4.0,1,3,28,2,BicolorDamselfish,45.733799615296306,No,,,,NRL_nr,333.56963134717137,958.378206232325,45.582103144789215,42.86186323437347,13.018911878698596,139.79235026951577,27.4325574572719,,0
4,141,No,4.0,1,3,28,3,BrownChromis,42.226111851656526,No,,,,NRL_nr,633.4371333558751,783.0486364782049,36.76554133140747,37.25860016747676,16.72204376371522,95.12236957662716,22.22537982040259,,0
4,141,No,4.0,1,3,28,4,BicolorDamselfish,32.84172280180155,No,,,,NRL_nr,546.6741087916423,1247.237186354827,24.882736131951255,34.157459310257835,34.157459310257835,165.69239995539252,24.77558706854207,,0
4,141,No,4.0,1,3,28,5,BicolorDamselfish,36.458869770570274,No,,,,NRL_nr,441.6110719115395,672.2879181075889,34.992614017702266,38.24710720694572,12.155688867461777,81.06787831533526,27.93236657634586,,0
4,141,No,4.0,1,3,28,6,BicolorDamselfish,49.27201159128017,No,,,,NRNL_nr,228.03194903369965,2148.578886751644,13.34490553519668,23.97259578992272,,117.16696413552184,56.707475636375115,,0
4,141,No,4.0,1,3,28,7,Basslet,96.94048222841312,No,,,,NRNL_nr,142.60418492290532,1543.2090722607986,18.20899881808336,21.583985925555016,,150.70935066089442,68.66234384196626,,0
4,141,No,4.0,1,3,28,8,BrownChromis,47.16730105037398,No,,,,NRL_nr,659.5149415097551,487.9939849846011,32.46332169572129,34.285740451760354,0.0,78.3230448839903,48.73484608882385,,0
4,141,No,4.0,1,3,28,9,BrownChromis,51.60753116141815,No,,,,NRL_nr,463.22391199058853,808.7126989721727,36.5552451759631,34.33273600039124,7.132917734895553,103.16646544502424,54.42645486487691,,0
4,141,No,4.0,1,3,28,10,BicolorDamselfish,60.530246534915726,No,,,,NRL_nr,384.9097717888872,1576.1881320333323,30.202483470882704,36.2525705471996,33.796233776965465,88.60626375051427,33.478741600544,,0
4,141,No,4.0,1,3,28,11,BicolorDamselfish,28.37028763773165,No,,,,NRL_nr,306.18697972621914,1349.3260786640278,38.69495033567436,46.212469129025024,19.058223176838982,154.77631553985674,28.309813507539793,,0
4,141,No,4.0,1,3,28,12,BicolorDamselfish,33.73484143916485,No,,,,NRNL_nr,296.93516545125266,1786.9653792454346,24.561686759093053,26.15615959371839,,110.9604136310458,59.423599048171255,,0
4,141,No,4.0,1,3,28,13,BicolorDamselfish,37.115737995237566,No,,,,NRL_nr,122.36296166817064,1526.920578214007,37.64232828661368,43.2462452236863,16.745876505155657,137.79136393106344,38.25335723807837,,0
4,142,No,1.0,1,3,29,1,BrownChromis,41.588011616618616,No,,,,NRNL_nr,417.6526905001422,767.0874682323678,20.77633603403802,56.015531718590466,,116.12559175731488,70.21750260325015,,0
4,142,No,1.0,1,3,29,2,BicolorDamselfish,40.3351859758449,No,,,,NRL_nr,44.44465146090857,1468.1185865822804,72.74489194715675,72.02299823223555,60.11896712536127,89.17962372911714,41.72399468394258,,0
4,142,No,1.0,1,3,29,3,BicolorDamselfish,53.03998011294327,No,,,,NRL_nr,106.93321579901776,1703.4412208510553,73.0817007286559,60.79055270319029,60.79055270319029,108.4849989159804,43.46522414693499,,0
4,142,No,1.0,1,3,29,4,Doctorfish,119.8508580239672,No,,,,NRL_nr,654.3062008902302,2047.8899329640424,2.08494782950256,15.196190436031548,15.196190436031548,140.01069577623218,51.23266795677943,,0
4,142,No,1.0,1,3,29,5,BicolorDamselfish,55.433943055542834,No,,,,NRL_nr,13.090614472622423,1557.5654953614785,101.3508368531521,70.35425215524977,40.831960848120715,49.33167928641863,46.92788160698609,,0
4,142,No,1.0,1,3,29,6,Basslet,106.86224418470604,No,,,,NRNL_nr,266.60202852187393,1841.5730858818804,81.3003260028084,98.95373367921565,,164.19211309468838,74.6336702048559,,0
4,142,No,1.0,1,3,29,7,BrownChromis,71.11404224600072,No,,,,NRL_nr,1.4568392992037411,1767.2185345524945,40.78868091111435,58.97812934713283,50.787910960373296,97.12396540185978,54.144383396641615,,0
4,142,No,1.0,1,3,29,8,BrownChromis,51.05507044017343,No,,,,NRL_nr,193.7596184878776,1186.6922549777175,45.33118980556726,67.88921604013682,34.30587691613767,171.8342201024566,49.493203041743534,,0
4,142,No,1.0,1,3,29,9,BrownChromis,110.63379435572524,No,,,,NRL_nr,116.68343939261251,1017.9150230186953,73.84154888952155,64.0912165554456,38.46926710209027,94.91578511398332,44.836349745597424,,0
4,142,No,1.0,1,3,29,10,BicolorDamselfish,31.845416400817975,No,,,,NRL_nr,0.4965413706946755,1101.9428509935722,91.31144552024269,59.22522929115324,3.157501908822217,137.58448714761164,46.07891002418984,,0
4,142,No,1.0,1,3,29,11,BicolorDamselfish,26.15434263267602,No,,,,NRL_nr,49.211220685284886,1230.856235146082,85.72789219810636,67.50096352963405,28.34610529196557,32.107983160640806,39.95206730748112,,0
4,142,No,1.0,1,3,29,12,Parrotfish,142.48936907190543,No,,,,NRNL_nr,419.1848888153939,1887.6513079634028,43.49723251592408,60.12850977825855,,167.0439236406671,81.16780735305885,,0
4,142,No,1.0,1,3,29,13,Goatfish,182.71387577548063,No,,,,NRNL_nr,638.3708702004989,2178.7358464011163,25.397120281200447,59.89975847966501,,159.5677500080851,80.05175059577587,,0
4,142,No,1.0,1,3,29,14,DuskyDamselfish,57.57707276039945,No,,,,NRNL_nr,57.89085605068571,1534.2443748275618,32.71298063741663,86.79372067856458,,126.72189387225733,74.61846815095979,,0
4,143,Yes,7.0,1,3,30,1,Basslet,122.5040527101332,Yes,2157.0,1.0,1.0,FR,202.64968395786673,1257.9349170218577,46.68977779140353,44.775305144639496,12.87593266020412,58.78563160495718,32.83248961117903,695.234574518839,1
4,143,Yes,7.0,1,3,30,2,BicolorDamselfish,60.58854374598205,Yes,2156.0,0.0,1.0,FR,284.03725762068353,1957.6331160978705,21.934173075637823,35.98067103141507,25.211543867682806,150.5781041708141,31.9276774053513,1982.956261276889,1
4,143,Yes,7.0,1,3,30,3,BicolorDamselfish,30.872482420587406,Yes,2169.0,13.0,3.0,SRL,67.84452824097164,1553.6065340710538,121.16504699733647,81.28773989632103,27.996212677587735,138.57168166383457,41.4817493479087,656.7894469617629,1
4,143,Yes,7.0,1,3,30,4,BicolorDamselfish,58.23192937314956,Yes,2167.0,11.0,2.0,SRL,32.07692263872663,1432.404876043026,129.4506847694087,79.0061671689889,44.46113251417783,89.96053157568166,41.890287498661294,456.3913956355341,1
4,143,Yes,7.0,1,3,30,5,BrownChromis,44.06138294296403,No,,14.0,4.0,NRL_r,492.73548688663624,906.3097697312778,44.10369409769358,49.561524013475946,6.789565723275005,170.64560608965144,36.27964988190129,,0
4,143,Yes,7.0,1,3,30,6,BrownChromis,53.68013873838743,No,,14.0,4.0,NRNL_r,214.07892781102612,966.4399528262982,25.47959463109949,38.208048074695085,,157.96331916702297,68.36986842851692,,0
4,143,Yes,7.0,1,3,30,7,BicolorDamselfish,41.9605367002929,No,,14.0,4.0,NRNL_r,201.56469185888668,1602.0839910478562,59.11794516279788,56.2037004406329,,114.1641129118579,62.56608844899873,,0
4,143,Yes,7.0,1,3,30,8,BrownChromis,43.401573958704496,No,,14.0,4.0,NRL_r,502.1954159033557,992.3168276329368,43.960599035364936,46.02332385252362,22.09071540796636,137.45057026062227,49.06177717646651,,0
4,143,Yes,7.0,1,3,30,9,BicolorDamselfish,42.40092618147726,No,,14.0,4.0,NRL_r,238.8520511680344,1533.443638208803,91.9051365278919,78.68375274341676,53.73432413941134,51.49152812240585,37.16814931736656,,0
4,143,Yes,7.0,1,3,30,10,BrownChromis,47.3133150115979,No,,14.0,4.0,NRNL_r,830.0861207574865,529.5447400313554,21.917845591780893,30.141107143651613,,90.45723642303322,101.34496570280474,,0
4,143,Yes,7.0,1,3,30,11,BrownChromis,42.91913712615226,No,,14.0,4.0,NRNL_r,807.6715884729059,551.6075756483312,25.66864868707855,33.96560089855314,,112.17173072182467,76.631062558932,,0
4,143,Yes,7.0,1,3,30,12,BicolorDamselfish,64.5669238191696,No,,14.0,4.0,NRNL_r,188.85359237839955,1577.081823357859,75.57558695744534,57.22774763609436,,98.68343378212516,56.69513547427436,,0
4,143,Yes,7.0,1,3,30,13,BicolorDamselfish,35.907306297868175,No,,14.0,4.0,NRL_r,301.9331544851138,1503.925257367202,81.00878136729399,68.87336371689405,37.590087666643285,151.00698013619072,44.30355841443805,,0
4,143,Yes,7.0,1,3,30,14,BicolorDamselfish,42.20580790348784,No,,14.0,4.0,NRL_r,111.0016918427485,1571.4203159307085,85.17207211599654,66.4880792306815,51.25707742454329,166.99076430104532,48.40145078427388,,0
4,144,No,1.0,1,3,31,1,BrownChromis,51.363736950049685,No,,,,NRL_nr,556.0186429095851,803.8945634416642,38.85521779699141,37.96360559803676,5.144669514746362,64.12900056877574,41.215186558320134,,0
4,144,No,1.0,1,3,31,2,BicolorDamselfish,69.40744966141695,No,,,,NRL_nr,426.3649497997345,1635.4027988982516,33.25421034190168,46.85263689855331,44.01055520089571,59.08218711786751,27.806401628984585,,0
4,144,No,1.0,1,3,31,3,BicolorDamselfish,71.8014068931215,No,,,,NRL_nr,369.40142725814854,1955.9131085907711,30.64018664103167,38.373555242637345,36.61786469023878,31.48194050853359,43.34016711965347,,0
4,144,No,1.0,1,3,31,4,BicolorDamselfish,68.7385559324996,No,,,,NRL_nr,144.53200271986452,1276.3501992524548,67.68699473422845,66.02846166055363,30.068269346669577,46.63125678535821,42.86461301872031,,0
4,144,No,1.0,1,3,31,5,BicolorDamselfish,33.43036942467232,No,,,,NRL_nr,416.49633911936047,1272.5359670194046,23.373798080129397,46.28905001715033,15.127950032429492,68.05841707618552,26.227614464796087,,0
4,144,No,1.0,1,3,31,6,BrownChromis,41.6731694179814,No,,,,NRL_nr,636.6955550677043,1267.7779555728562,61.6849888766871,57.861154280309464,49.04532788653381,27.251796406674533,23.089256436934292,,0
4,144,No,1.0,1,3,31,7,BicolorDamselfish,42.28361252085725,No,,,,NRL_nr,456.5379076483354,1077.8631397363042,65.81449064662212,61.420288554836,12.070488911654255,43.28356145357242,25.668351921761317,,0
4,144,No,1.0,1,3,31,8,BrownChromis,41.819380641526394,No,,,,NRL_nr,428.2108148395148,1283.2353357892027,93.93641089822545,74.65815208335292,49.93416855367094,161.67177123404522,38.53538715148673,,0
4,144,No,1.0,1,3,31,9,BicolorDamselfish,19.82856265240916,No,,,,NRL_nr,42.03437347124213,1720.4779358712217,341.74742072678083,46.20713243354092,27.45623522064417,88.52407566491974,46.354052350185825,,0
4,144,No,1.0,1,3,31,10,BicolorDamselfish,46.130729460250826,No,,,,NRL_nr,18.48410971468917,1692.646257106683,505.3687797859728,67.42206870478013,37.8625986115108,59.5866213083409,46.832760453767335,,0
4,144,No,1.0,1,3,31,11,BicolorDamselfish,64.50446178727591,No,,,,NRNL_nr,275.8100722154248,968.4123903018916,31.344322688121228,34.76050553157791,,84.15779400361669,63.0188169180861,,0
4,144,No,1.0,1,3,31,12,BicolorDamselfish,35.32006922489102,No,,,,NRL_nr,229.39806221699763,1409.2736271695107,67.79413576213307,65.8787969385295,52.41932206249323,169.44632633375508,47.905069675140346,,0
4,144,No,1.0,1,3,31,13,BicolorDamselfish,28.654341503401003,No,,,,NRNL_nr,131.7074470048832,1763.094163966546,31.501799928427943,41.98141057285251,,39.39817252549437,58.18580008622227,,0
4,144,No,1.0,1,3,31,14,BandedButterflyfish,110.68884826165792,No,,,,NRNL_nr,1117.4873545575333,495.0587991499594,6.099557100072468,18.341102274300937,,95.63030175832736,82.53362520053086,,0
4,144,No,1.0,1,3,31,15,BrownChromis,47.28274852677908,No,,,,NRL_nr,621.9399987064825,1172.8232606437368,72.67542437490073,66.02478906203474,41.02445125829634,110.21516295276692,34.14620384789936,,0
5,145,No,8.0,1,4,1,1,BrownChromis,54.42845350512747,No,,,,NRL_nr,597.905003378481,1648.2509939727945,21.931757202168725,18.83402803242669,11.152572927252802,155.32371089517872,48.94828795806403,,0
5,145,No,8.0,1,4,1,2,BicolorDamselfish,24.02242656002196,No,,,,NRL_nr,146.18237789127636,1457.0322167368215,130.60529696197875,30.9650975816159,16.38047786761016,125.98342335804482,48.695641328786785,,0
5,145,No,8.0,1,4,1,3,BicolorDamselfish,31.16670567197587,No,,,,NRL_nr,92.53538802400544,1285.402164018078,14.585238146203569,16.64522878173092,3.497410976425837,157.6307654410709,34.03609236864843,,0
5,145,No,8.0,1,4,1,4,Basslet,75.12371271210708,No,,,,NRNL_nr,330.6847145322587,1537.7322353495883,9.06116342770148,12.089007959747644,,102.99724912254918,81.75745118551285,,0
5,145,No,8.0,1,4,1,5,Basslet,45.67466795255896,No,,,,NRL_nr,125.03246765709318,864.9778731013695,9.85203080356413,10.84281244318936,0.0,137.928546771569,48.70365925032957,,0
5,145,No,8.0,1,4,1,6,BicolorDamselfish,38.67968348120227,No,,,,NRL_nr,131.28739072875013,1367.3758663339445,129.0958673447399,34.404075761765924,15.171063482934429,87.12491821105387,48.11664607491956,,0
5,145,No,8.0,1,4,1,7,BicolorDamselfish,40.791803617967275,No,,,,NRNL_nr,276.26872222298937,1593.8890153071118,21.94995595528757,21.759761193195057,,154.89872633059687,62.357808154590565,,0
5,145,No,8.0,1,4,1,8,BrownChromis,55.91716814732351,No,,,,NRNL_nr,777.2436168498572,807.501131612129,8.054387584244253,14.370450332524374,,56.201550686503346,77.5414724498757,,0
5,145,No,8.0,1,4,1,9,BrownChromis,,No,,,,NRTC,565.3670424636042,1976.42856473282,17.559472268726058,21.432518243076135,21.432518243076135,,46.127304814486266,,0
5,146,No,1.0,1,4,2,1,BrownChromis,55.41647230836166,No,,,,NRNL_nr,767.9023772580618,606.6782757603166,9.064181419270474,14.945070283490756,,148.0481981576026,108.92668657865516,,0
5,146,No,1.0,1,4,2,2,BrownChromis,,No,,,,NRUD,,,0.0,0.0,0.0,,,,0
5,146,No,1.0,1,4,2,3,BicolorDamselfish,31.887171120942952,No,,,,NRL_nr,70.59924472264535,1419.5604198318856,40.47971615324824,32.63342914922469,13.398384837461611,101.28267809047408,44.655902754268375,,0
5,146,No,1.0,1,4,2,4,BicolorDamselfish,18.79154053352012,No,,,,NRL_nr,4.509482110926334,1413.243316029095,64.46605189638409,35.33348622002774,31.439771285316716,44.496591356921414,41.7345994831696,,0
5,146,No,1.0,1,4,2,5,Basslet,,No,,,,NRUD,,,0.0,0.0,0.0,,,,0
5,146,No,1.0,1,4,2,6,Basslet,55.28907924295394,No,,,,NRL_nr,230.6174961532792,779.5935362695479,10.053815897708784,13.161360930659256,4.396549983087061,81.73837128414033,53.00240672120781,,0
5,146,No,1.0,1,4,2,7,Basslet,53.346099532756774,No,,,,NRL_nr,27.57183761357857,1548.639046205664,62.80357654402318,25.84955168916515,8.727361817653275,10.383756392347175,45.48336311114449,,0
5,146,No,1.0,1,4,2,8,BicolorDamselfish,38.81772726725288,No,,,,NRL_nr,208.46068277159227,1876.5823320452976,17.971975340525592,19.002174822787016,19.002174822787016,87.83492305715149,39.596796623965645,,0
5,146,No,1.0,1,4,2,9,BicolorDamselfish,32.02769375780078,No,,,,NRNL_nr,299.8493456646598,1744.76530542356,10.513369224946178,19.699753037740564,,148.7518940046975,67.94554361049796,,0
5,146,No,1.0,1,4,2,10,BrownChromis,54.40766964688454,No,,,,NRL_nr,714.2956990300436,1515.3337086878464,8.877423804449386,15.318416042390416,13.675130104067962,116.33316822138488,52.75267411227683,,0
5,146,No,1.0,1,4,2,11,BrownChromis,88.13439660631997,No,,,,NRNL_nr,857.612085619498,1545.8750331782926,7.511546347189991,11.00446577883099,,112.79962450038076,84.41422370699465,,0
5,147,No,6.0,1,4,3,1,BicolorDamselfish,48.97418939333882,No,,,,NRL_nr,269.0516041128651,1536.0242850079908,157.14683410032606,100.43171659763296,93.54738766746738,100.37336598273224,29.838011859794143,,0
5,147,No,6.0,1,4,3,2,BicolorDamselfish,43.80605494242027,No,,,,NRL_nr,111.7441219996622,1527.3346934022206,129.85682488510037,75.88368758727414,21.055036883545295,109.30600852992929,40.54731460978322,,0
5,147,No,6.0,1,4,3,3,BicolorDamselfish,37.024477902734645,No,,,,NRL_nr,167.26664032682842,1527.9124559638178,57.71899441566463,60.689352983049034,55.132559303037326,154.2406415844106,48.76431029881698,,0
5,147,No,6.0,1,4,3,4,Wrasse,62.715678832566006,No,,,,NRL_nr,127.38941794980344,1395.5026120461123,344.18358123059284,81.62704914932857,40.327895780938206,93.92392561739418,34.3396608980135,,0
5,147,No,6.0,1,4,3,5,Wrasse,50.14243516980011,No,,,,NRL_nr,131.16465318459112,1506.824214751177,890.4994042640444,164.38229664140337,147.2538786730098,80.86819649565923,35.065847553640204,,0
5,147,No,6.0,1,4,3,6,Wrasse,33.549658989651164,No,,,,NRL_nr,94.24972728156152,1545.526232547167,376.9986982990864,135.49445714723757,95.17628832574948,72.78142677927714,37.40217820979675,,0
5,147,No,6.0,1,4,3,7,Wrasse,68.76473200218418,No,,,,NRL_nr,93.0444957497558,1464.111260678753,682.933276744796,108.42684154723004,65.18500311276536,92.1633091199582,35.59263264038103,,0
5,147,No,6.0,1,4,3,8,Wrasse,41.486259783742526,No,,,,NRL_nr,204.48813394612253,1303.368213013863,174.4112486024033,90.0131700230253,71.0534543810034,143.0412262125527,34.309115505624405,,0
5,147,No,6.0,1,4,3,9,BicolorDamselfish,35.775614472503044,No,,,,NRNL_nr,126.41714776522164,1561.3888464224597,34.73074113183284,46.249653872923695,,162.1449511734956,60.05227896561379,,0
5,147,No,6.0,1,4,3,10,BicolorDamselfish,37.76208168464879,No,,,,NRL_nr,66.45463663739355,1279.453795018338,141.73015107962215,102.31886955820474,32.34774999332118,95.92007913503195,35.0517884002353,,0
5,147,No,6.0,1,4,3,11,BicolorDamselfish,37.79719668327332,No,,,,NRL_nr,281.8332513099679,1098.4373982893078,85.50091478271264,68.4120815168606,47.56218644235717,110.6870373144748,27.346927882436933,,0
5,147,No,6.0,1,4,3,12,Wrasse,,No,,,,NRUD,,,0.0,0.0,0.0,,,,0
5,147,No,6.0,1,4,3,13,Basslet,39.426920016634526,No,,,,NRNL_nr,0.6661917935145328,1420.3701143370515,27.84493999289416,52.12365300982752,,119.10350421657812,66.59853697564527,,0
5,147,No,6.0,1,4,3,14,Basslet,45.28006105743705,No,,,,NRNL_nr,795.1990861499753,622.4452935934909,168.11386514226237,62.84252449014538,,123.270396832586,96.7077801497575,,0
5,147,No,6.0,1,4,3,15,BrownChromis,49.827127259824714,No,,,,NRNL_nr,735.3641838082535,604.7550237437201,316.1955444620798,85.72729608234098,,128.81104083518542,89.10780267695144,,0
5,147,No,6.0,1,4,3,16,BrownChromis,75.20580047457999,No,,,,NRNL_nr,536.2555670219026,545.63654135087,269.25568548010256,74.85069253840479,,45.7580524632151,71.11348625205038,,0
5,147,No,6.0,1,4,3,17,BrownChromis,54.766921372109216,No,,,,NRNL_nr,455.5331792722782,593.171148234382,113.14770618078116,67.95645342816658,,23.838193943366583,61.09323786640323,,0
5,147,No,6.0,1,4,3,18,BrownChromis,61.87691170174399,No,,,,NRNL_nr,574.6812635784543,665.7675750662396,23.69574878060527,48.14939778017669,,162.4888995783798,69.8542538032924,,0
5,147,No,6.0,1,4,3,19,BicolorDamselfish,36.658366697258415,No,,,,NRL_nr,216.98261433709513,1682.8617797311854,148.7906632834339,85.4459118839471,81.96383443193345,124.32865460150556,35.29418487466257,,0
5,147,No,6.0,1,4,3,20,BicolorDamselfish,52.51689394767351,No,,,,NRL_nr,113.88371754710178,1102.803203546894,106.64309272904246,78.397750863754,15.31086426141918,100.0467788018794,34.74627327331848,,0
5,149,No,0.5,1,4,4,1,BicolorDamselfish,27.484279414306876,No,,,,NRL_nr,1.2334954881191031,1454.817844588075,998.838087383422,113.84348203234184,57.69387127727991,145.57394570341634,40.85531182346934,,0
5,149,No,0.5,1,4,4,2,BrownChromis,48.46097762070466,No,,,,NRL_nr,149.1830683075797,876.4714342305845,127.02866410847147,84.20829995243788,25.188405774153576,31.71576843357277,54.04942934695755,,0
5,149,No,0.5,1,4,4,3,BrownChromis,147.8838913491085,No,,,,NRNL_nr,7.674874082320866,1054.6233234995334,249.50222863906015,52.67506528507527,,97.97006807586553,58.50674488134347,,0
5,149,No,0.5,1,4,4,4,BicolorDamselfish,35.474041556668524,No,,,,NRNL_nr,13.301077175647706,1008.8638394163788,274.9281864802528,129.35535412900052,,89.58470605815201,55.47176291978666,,0
5,149,No,0.5,1,4,4,5,Basslet,48.19022481132644,No,,,,NRL_nr,97.49505953706536,1097.4839398665847,68.30618073015903,52.415594337945336,50.79562157837765,139.1246972554374,53.49292188923046,,0
5,149,No,0.5,1,4,4,6,BrownChromis,60.13807242084267,No,,,,NRL_nr,103.12567068041938,1446.7951791700714,303.78911919737664,72.8328831271088,9.449778238738284,159.44571337334767,36.6717853475332,,0
5,149,No,0.5,1,4,4,7,BicolorDamselfish,36.861520708697206,No,,,,NRL_nr,30.439382382149574,1588.4443640164186,515.4955122843872,133.60592533231042,101.905464661874,36.61524148623318,40.95189310378435,,0
5,149,No,0.5,1,4,4,8,BicolorDamselfish,56.04042369442106,No,,,,NRL_nr,14.454588088205789,1617.6849486940316,362.5409769391639,101.18479553080088,87.75195574243415,64.40504101468265,42.063261409670794,,0
5,149,No,0.5,1,4,4,9,BicolorDamselfish,22.105734137326273,No,,,,NRL_nr,29.03826508123777,1379.438842588057,301.57306706892547,89.2650043084511,60.60915408914373,118.03991641709032,40.28403169183862,,0
5,149,No,0.5,1,4,4,10,BicolorDamselfish,18.118105489005625,No,,,,NRL_nr,0.910806188907891,1425.8134846384844,782.6559794007807,109.18089953169688,80.10431077010236,137.8331367204884,40.88173086030018,,0
5,149,No,0.5,1,4,4,11,BicolorDamselfish,22.53737774980721,No,,,,NRNL_nr,97.83096070044404,1859.0028312849704,17.04752859064405,35.6114985232014,,10.32203920408416,62.47436605987104,,0
5,149,No,0.5,1,4,4,12,BrownChromis,78.76442745181458,No,,,,NRL_nr,4.94355484096668,1563.6278705310935,203.4365609304459,80.29510705211784,74.17294073432866,109.0982272791998,45.7357716099116,,0
5,150,No,4.0,1,4,5,1,BicolorDamselfish,40.747246079326885,No,,,,NRL_nr,318.9212553269083,1462.772030685997,29.73375728650891,28.442310520123172,15.427383937026203,107.26978674501892,52.46011378668127,,0
5,150,No,4.0,1,4,5,2,BicolorDamselfish,34.483200742068526,No,,,,NRL_nr,193.9235743923995,1750.1406290990642,47.200502936251624,33.91564776554785,28.93495967115615,164.66427311978603,37.79202958959413,,0
5,150,No,4.0,1,4,5,3,BrownChromis,55.38410325741699,No,,,,NRNL_nr,730.5012778275632,598.6473326463724,12.995776436407407,19.026404016407604,,153.39075941143972,85.07986445091389,,0
5,150,No,4.0,1,4,5,4,BicolorDamselfish,47.19098414430658,No,,,,NRNL_nr,341.348235626026,1969.7000980234172,62.71779090249438,34.290620142692916,,96.67585025381857,72.10230216513442,,0
5,150,No,4.0,1,4,5,5,BicolorDamselfish,21.03723895437219,No,,,,NRL_nr,25.667921274129423,1355.1665844849597,111.02194307055473,39.94123328729295,34.87806140974295,50.37008150668757,38.92501077538234,,0
5,150,No,4.0,1,4,5,6,BicolorDamselfish,35.5605112507473,No,,,,NRL_nr,177.08920146330502,1052.6807848929204,88.601421642905,47.05369213785598,10.969316256227254,104.62156685136657,38.461371194342625,,0
5,150,No,4.0,1,4,5,7,BrownChromis,52.936405387039045,No,,,,NRL_nr,481.0678675154723,875.3798250415477,40.75527292270818,33.12145527972122,19.19728464754232,164.6689522233235,46.076775295326705,,0
5,150,No,4.0,1,4,5,8,BrownChromis,46.68623001136456,No,,,,NRL_nr,278.161334509754,1068.4765003414875,83.60022883765234,42.0873142016243,22.765793009036994,29.884495634551637,40.63739792099721,,0
5,150,No,4.0,1,4,5,9,BrownChromis,59.63695858816624,No,,,,NRNL_nr,484.7398193190757,2000.2912410784263,42.77764128137876,27.82526729015654,,130.15539357477613,75.78139055881482,,0
5,150,No,4.0,1,4,5,10,BicolorDamselfish,33.803395982841785,No,,,,NRL_nr,0.759726765536373,1485.7521730759756,130.34175696604973,49.770284608354224,21.94445495545804,68.47857065307734,43.76127780448961,,0
5,150,No,4.0,1,4,5,11,BicolorDamselfish,41.38785160609621,No,,,,NRL_nr,12.089370956566434,1470.3599872047937,183.53665220837317,55.97424497601923,27.118706585291825,132.4346933559214,46.7457406394973,,0
5,150,No,4.0,1,4,5,12,BicolorDamselfish,36.26080414257075,No,,,,NRL_nr,23.951443969282316,1551.771171408071,223.6449064193121,57.51122941750888,40.796012113196085,77.0287968484197,44.67140653343142,,0
5,150,No,4.0,1,4,5,13,BicolorDamselfish,30.91904879117248,No,,,,NRL_nr,135.37677790307998,1174.0308795829935,59.31872914680626,34.40407108511192,23.19054506821381,96.82471204053624,32.88080548922658,,0
5,151,No,8.0,1,4,6,1,BicolorDamselfish,35.86540041152698,No,,,,NRL_nr,399.24717357234607,1401.4828229016591,8.905267787379149,22.227889955237977,0.0,13.794786759370302,26.977413523555818,,0
5,151,No,8.0,1,4,6,2,BicolorDamselfish,36.32420707858487,No,,,,NRNL_nr,225.03300932003447,1753.3738469172145,18.64171773298984,29.551379423032753,,132.4245797480635,65.37463254548426,,0
5,151,No,8.0,1,4,6,3,DuskyDamselfish,62.337274438618905,No,,,,NRNL_nr,669.8121005039313,1918.810584132169,8.289872195427655,20.005316015344984,,158.0541454674823,85.51276551353351,,0
5,151,No,8.0,1,4,6,4,BicolorDamselfish,82.6879107225967,No,,,,NRNL_nr,594.8252777669602,2390.206135783541,7.800428136086973,21.175575168244524,,86.43178628401644,57.01135875722392,,0
5,151,No,8.0,1,4,6,5,BicolorDamselfish,31.971455997666993,No,,,,NRL_nr,70.54732175023634,1748.76392494149,405.373896980447,50.93441418550678,25.819366364048292,46.718244559654515,42.144765491090865,,0
5,151,No,8.0,1,4,6,6,BicolorDamselfish,50.01404404256214,No,,,,NRL_nr,479.1863454102238,1910.951487090859,47.549910251128026,49.6018520947139,43.135425569681146,79.26557616277726,45.73951324659471,,0
5,151,No,8.0,1,4,6,7,Wrasse,73.57004004259235,No,,,,NRL_nr,536.2684911685715,1660.399797242946,35.67608673206095,34.75475321048603,17.16050682551247,102.75697873827434,51.79759884147034,,0
5,151,No,8.0,1,4,6,8,BrownChromis,69.89941288075335,No,,,,NRNL_nr,697.8772021762642,1442.719535814396,12.924995261977312,27.071685255307408,,98.94367044203196,72.23362531448743,,0
5,151,No,8.0,1,4,6,9,BicolorDamselfish,46.51333555061671,No,,,,NRL_nr,402.7671790903043,2087.4545429498985,23.864990578492325,34.96960271960933,9.668467161730227,29.334865757026066,40.95738737722479,,0
5,151,No,8.0,1,4,6,10,BrownChromis,41.33304484887898,No,,,,NRNL_nr,889.5633122351239,462.3523326271154,6.80616846849727,19.40396070365678,,45.04652218908312,105.42785067492456,,0
5,151,No,8.0,1,4,6,11,BicolorDamselfish,45.84841718188817,No,,,,NRL_nr,268.1542672507722,731.1963929386751,10.386471518122969,23.147098603848423,2.70709883528149,52.34492271041948,48.64802945282662,,0
5,151,No,8.0,1,4,6,12,BicolorDamselfish,23.209095930259597,No,,,,NRL_nr,24.997774470928995,1690.8355696868357,640.6244314846016,56.277395989610554,6.6495358661369,156.01371712787437,42.888376093251736,,0
5,151,No,8.0,1,4,6,13,BrownChromis,57.84821959028838,No,,,,NRL_nr,556.82698438075,1754.98025864213,55.74827169732512,44.917256491731315,33.97838941407684,138.65704620541277,44.0709706777663,,0
5,152,No,6.0,1,4,7,1,BrownChromis,39.24317921473009,No,,,,NRNL_nr,785.5464522103229,1589.81094567426,27.16025057972979,28.4786996352711,,101.5746774203698,61.61776756745048,,0
5,152,No,6.0,1,4,7,2,BicolorDamselfish,42.985618262140456,No,,,,NRL_nr,510.1746107968577,1846.6870613347503,39.27340610744961,27.553372232886232,21.683556906877847,115.4505897078926,52.9468414788691,,0
5,152,No,6.0,1,4,7,3,BicolorDamselfish,35.6720049042249,No,,,,NRL_nr,501.8159926421209,1738.1528128042485,61.37757957138911,35.51332733459174,28.311596266686937,117.7590260565738,40.559458299607066,,0
5,152,No,6.0,1,4,7,4,BicolorDamselfish,38.72682312316939,No,,,,NRL_nr,428.8353171274332,1594.1679950125,63.99641257479954,35.87893920054878,12.40446536285275,76.64989510447482,45.27025249076186,,0
5,152,No,6.0,1,4,7,5,BicolorDamselfish,29.31363017970394,No,,,,NRL_nr,142.7576047968127,1627.6702461672814,39.28349311099436,37.043746112141235,21.212719498050166,95.96832318869038,45.425366556965905,,0
5,152,No,6.0,1,4,7,6,BicolorDamselfish,23.44345399503052,No,,,,NRL_nr,44.66226402042541,1216.247885485878,21.966450574250903,26.445309731885597,20.65329205326393,33.2368256520914,37.072508011073275,,0
5,152,No,6.0,1,4,7,7,BicolorDamselfish,44.17766800276933,No,,,,NRNL_nr,209.635817998748,1148.6405133768037,13.368682420761097,23.58502698590285,,91.93783281987606,71.54122975106046,,0
5,152,No,6.0,1,4,7,8,BrownChromis,56.811991386390574,No,,,,NRNL_nr,789.9382175200511,1787.9189100367205,35.515432720103796,29.191037809980017,,92.044983595835,55.87679318355192,,0
5,152,No,6.0,1,4,7,9,BicolorDamselfish,56.57294523799679,No,,,,NRL_nr,392.3262694639428,1935.765959852038,32.50507315411012,29.267597580801542,29.267597580801542,106.51291367992305,39.00820075125229,,0
5,152,No,6.0,1,4,7,10,BrownChromis,34.985835093201885,No,,,,NRL_nr,324.5410014039621,1310.971644592929,39.65102609447905,28.860263114130625,18.40581628511905,105.0127032167004,23.57035920185705,,0
5,152,No,6.0,1,4,7,11,BrownChromis,39.02337863587718,No,,,,NRL_nr,416.47803180728744,1159.226330219725,35.81005842390259,26.26862909836209,18.605479978588452,130.03223734709798,21.866806827669368,,0
5,152,No,6.0,1,4,7,12,BrownChromis,44.74947293118713,No,,,,NRNL_nr,805.0278971363523,651.3987582402215,7.249783114059288,17.424808408417583,,32.100768499617764,102.14577101804488,,0
5,153,No,2.0,1,4,8,1,BrownChromis,,No,,,,NRUD,,,0.0,0.0,0.0,,,,0
5,153,No,2.0,1,4,8,2,BicolorDamselfish,42.526161477028616,No,,,,NRNL_nr,519.1279489137994,1767.8464686602852,6.480147855642499,8.486670524813611,,134.02919632317747,75.05172637504033,,0
5,153,No,2.0,1,4,8,3,BrownChromis,51.53044386415765,No,,,,NRL_nr,515.7062572875748,1373.397865163997,28.88977015548708,23.41793782437708,7.8625865309945615,174.92002831046378,39.435649194305945,,0
5,153,No,2.0,1,4,8,4,BicolorDamselfish,49.73444642018064,No,,,,NRL_nr,56.345540084960376,2022.0153475317973,7.3435389148768575,12.401036168310204,4.653188208026799,170.2485714428854,37.169308841896104,,0
5,153,No,2.0,1,4,8,5,BicolorDamselfish,36.85280474940147,No,,,,NRL_nr,288.99111097867933,1460.4980954828136,31.93584609921052,25.963442503418527,23.391367434814494,89.47122441823245,40.89598164006174,,0
5,153,No,2.0,1,4,8,6,BicolorDamselfish,38.29550807703748,No,,,,NRL_nr,346.7017360331869,671.0628360982071,13.891941112807396,18.005239504323423,0.0,117.624468664935,40.93088290144367,,0
5,153,No,2.0,1,4,8,7,BicolorDamselfish,40.253592152844874,No,,,,NRNL_nr,303.4289920113807,1190.2962536233435,23.292881583309,15.876564129186251,,55.538410970374095,55.34044690966417,,0
5,153,No,2.0,1,4,8,8,BrownChromis,,No,,,,NRUD,,,0.0,0.0,0.0,,,,0
5,153,No,2.0,1,4,8,9,BrownChromis,55.442287700118555,No,,,,NRL_nr,612.3243476681213,768.1909445953518,16.478730010523314,17.500483298175492,9.216987435408956,102.55832656245956,37.45737045419247,,0
5,153,No,2.0,1,4,8,10,BicolorDamselfish,19.64363974935323,No,,,,NRL_nr,4.726284333660082,1322.6693603895806,20.086459088515777,19.72866569803153,9.846583937948736,103.24768939467906,46.893097036554494,,0
5,154,No,0.5,1,4,9,1,BrownChromis,64.16391317142366,No,,,,NRNL_nr,662.8173228019061,1790.6935678179325,12.251930790610716,21.245110411329065,,114.13257022011318,71.63022266461273,,0
5,154,No,0.5,1,4,9,2,BicolorDamselfish,42.14060289932359,No,,,,NRL_nr,196.46652792576424,838.1179643605053,7.593405525466823,16.248440013452807,16.248440013452807,138.72100829027582,41.35820611280395,,0
5,154,No,0.5,1,4,9,3,BrownChromis,48.00994643451244,No,,,,NRL_nr,487.7265951839915,1537.0575945452983,27.94557461693686,27.45646888721811,19.20104521105505,78.21383327990974,48.6167863368661,,0
5,154,No,0.5,1,4,9,4,Basslet,62.951974529573974,No,,,,NRNL_nr,182.17025785479512,1241.6457185013758,8.1958161847283,23.24017981097719,,109.79939082701172,84.25192084893013,,0
5,154,No,0.5,1,4,9,5,BicolorDamselfish,33.48383341960704,No,,,,NRNL_nr,240.66772216020328,1683.728803889428,32.44308235634929,34.34426056992573,,160.35058587531174,58.64194675223549,,0
5,154,No,0.5,1,4,9,6,BicolorDamselfish,49.8046579798252,No,,,,NRL_nr,282.1829090728911,1748.6353861968175,32.871037883582744,26.00724757444685,26.00724757444685,113.53329531031464,41.51532081632474,,0
5,154,No,0.5,1,4,9,7,BicolorDamselfish,30.70928733952571,No,,,,NRL_nr,112.42710056643963,1469.7804961153558,39.33601395564035,33.91291338254203,25.400535064800515,77.6311951948334,40.305374511383945,,0
5,154,No,0.5,1,4,9,8,BrownChromis,,No,,,,NRUD,,,0.0,0.0,0.0,,,,0
5,154,No,0.5,1,4,9,9,BicolorDamselfish,21.114344479501057,No,,,,NRL_nr,111.1891809218064,1546.181893748201,47.89228221497716,40.91431555139684,13.126198095399303,48.0556545835387,50.422658232695376,,0
5,154,No,0.5,1,4,9,10,Snapper,,No,,,,NRUD,,,0.0,0.0,0.0,,,,0
5,154,No,0.5,1,4,9,11,Snapper,179.6451459320511,No,,,,NRNL_nr,1329.3920713653072,2460.8073060477145,2.832779466705043,8.365820201592598,,130.57488885392473,98.04214949236405,,0
5,154,No,0.5,1,4,9,12,BicolorDamselfish,34.961729403240845,No,,,,NRL_nr,244.61172933589845,1229.993246134149,34.240853297871915,32.90407375004969,13.35045922159807,95.00839893955715,42.78643723105684,,0
5,154,No,0.5,1,4,9,13,BrownChromis,,No,,,,NRUD,,,0.0,0.0,0.0,,,,0
5,155,No,1.0,1,4,10,1,DuskyDamselfish,64.18347934113399,No,,,,NRNL_nr,450.1796967870581,1590.7701186832544,12.71084908930527,21.80782107985449,,156.35821622233448,80.12295770690461,,0
5,155,No,1.0,1,4,10,2,BicolorDamselfish,52.29157708839852,No,,,,NRL_nr,219.95073902993025,1781.936754436818,74.46752075131901,48.092558601892016,34.79024640306085,69.34276808797996,50.53771375466975,,0
5,155,No,1.0,1,4,10,3,BicolorDamselfish,44.72421028589514,No,,,,NRL_nr,382.35538143243986,596.0541956622646,6.964404353118062,26.01348212481675,11.93236989634643,62.68561631359391,48.23562052645346,,0
5,155,No,1.0,1,4,10,4,BrownChromis,57.22405388809263,No,,,,NRL_nr,283.7800094612689,2026.0302181107088,40.5105039824126,35.68335915884677,35.68335915884677,117.67924341763792,46.617382977694106,,0
5,155,No,1.0,1,4,10,5,BrownChromis,,No,,,,NRUD,,,0.0,0.0,0.0,,,,0
5,155,No,1.0,1,4,10,6,BrownChromis,,No,,,,NRUD,,,0.0,0.0,0.0,,,,0
5,155,No,1.0,1,4,10,7,BicolorDamselfish,27.989245968610778,No,,,,NRL_nr,46.734763178984224,1562.9357506275264,64.47491465919725,40.177936458191304,17.77307579868421,132.46489838616404,51.12880432557586,,0
5,155,No,1.0,1,4,10,8,BicolorDamselfish,17.5440839864136,No,,,,NRL_nr,4.490426899388032,1348.2178771994188,29.15958776701399,35.057526349003034,13.451216726801311,102.12554590223591,47.989758700532015,,0
5,155,No,1.0,1,4,10,9,Snapper,211.34016238924735,No,,,,NRNL_nr,1155.254056774698,980.2304015912212,2.978344280756432,10.166563326046454,,131.49657840102216,77.77350632149697,,0
5,155,No,1.0,1,4,10,10,BicolorDamselfish,41.61389283905761,No,,,,NRNL_nr,161.11398213107245,1811.5425071817208,242.3912160691422,59.5256203726905,,134.67951309071125,60.35845040541018,,0
5,155,No,1.0,1,4,10,11,BicolorDamselfish,34.714745707444536,No,,,,NRNL_nr,229.74526559598348,1878.832059171642,171.14345348337227,43.734520360427695,,148.86882530262915,61.73131938641141,,0
5,155,No,1.0,1,4,10,12,BicolorDamselfish,44.58118023273491,No,,,,NRL_nr,196.52714372373163,1837.6273112359652,33.80600925560921,32.22108240283451,12.15662383345694,147.54343343281766,40.21537404786002,,0
5,155,No,1.0,1,4,10,13,BrownChromis,54.3062620937253,No,,,,NRL_nr,400.06401544061106,1663.3393854675714,42.61720428443984,42.551880651486634,19.960292568153264,132.9354414676099,50.51000400060495,,0
5,157,No,2.0,1,4,12,1,BicolorDamselfish,33.50117129463724,No,,,,NRL_nr,155.9943899529256,1026.874273848969,24.06647290679725,21.92370252026852,10.20342434319028,36.148675757328405,35.01926654836084,,0
5,157,No,2.0,1,4,12,2,BrownChromis,36.00486330723254,No,,,,NRNL_nr,624.8373557944959,1790.9629989306995,10.743196542681348,19.630937265140545,,150.9149724533018,71.44377725359176,,0
5,157,No,2.0,1,4,12,3,BicolorDamselfish,40.51494802630488,No,,,,NRL_nr,537.7517760949421,1557.4099831778817,7.661257836897576,14.183022046566274,12.02193304423822,82.95981563796474,24.23935175138268,,0
5,157,No,2.0,1,4,12,4,BicolorDamselfish,44.5837525166252,No,,,,NRL_nr,281.14594164834057,712.6373007732864,18.07795996259489,16.36997858378217,0.0,129.71201217239033,42.73307765295036,,0
5,157,No,2.0,1,4,12,5,BicolorDamselfish,52.6068805707502,No,,,,NRNL_nr,225.5338444551502,1827.8192981672369,15.98077571684785,19.913507324624906,,111.4817803268153,62.84523202605427,,0
5,157,No,2.0,1,4,12,6,BicolorDamselfish,22.150809096876262,No,,,,NRL_nr,228.72215498379103,1560.604894481604,23.9445098487852,26.788671345325472,8.386687357623217,55.930408593286685,51.586532410603446,,0
5,157,No,2.0,1,4,12,7,BicolorDamselfish,59.84293857091543,No,,,,NRL_nr,311.40821318605566,1785.3052298211906,16.958564112456397,17.840735352116184,16.86765644395247,64.2883613767948,40.9779049462087,,0
5,157,No,2.0,1,4,12,8,BrownChromis,66.1947849580285,No,,,,NRL_nr,594.8289376907236,1036.3673071342344,12.698046468538148,15.671560307068988,11.683629728146755,132.6602605010532,49.17438431693147,,0
5,157,No,2.0,1,4,12,9,BicolorDamselfish,38.65292955682307,No,,,,NRL_nr,8.353339476476553,1344.982650828252,21.039489135326104,24.01244776193146,13.868868035399217,112.95138779802154,46.75993847096293,,0
5,158,No,0.5,1,4,13,1,DuskyDamselfish,75.22616145227009,No,,,,NRNL_nr,43.2855164665551,1296.5114768664748,30.742155634132867,48.86271739071904,,96.60531078882988,75.0425465931728,,0
5,158,No,0.5,1,4,13,2,Soapfish,119.14010256352664,No,,,,NRNL_nr,196.86776144017088,1098.9106140304905,48.492203434501974,48.463114290478806,,117.50946114429794,70.37005182592495,,0
5,158,No,0.5,1,4,13,3,BicolorDamselfish,33.54799522922272,No,,,,NRL_nr,7.978696876055039,1099.0140443594432,33.7183528109009,36.00656319437611,9.442277259240404,52.57974638108454,44.784836012797875,,0
5,158,No,0.5,1,4,13,4,BrownChromis,70.24143450573426,No,,,,NRNL_nr,106.01504574696172,1145.444795669816,63.84447144656147,71.75455687593164,,114.78390966633717,59.264890318227934,,0
5,158,No,0.5,1,4,13,5,BicolorDamselfish,38.70798928418005,No,,,,NRL_nr,111.02473789966294,1527.7051990387656,87.23749157840763,49.04332981842589,12.327202397821118,55.233945725397625,36.40663574623739,,0
5,158,No,0.5,1,4,13,6,BrownChromis,56.508388555087585,No,,,,NRL_nr,263.60280350398983,1583.0205836071575,69.10827669880895,49.58355638316387,41.23135480879191,118.8961600364834,52.590178917635214,,0
5,158,No,0.5,1,4,13,7,BrownChromis,59.85823040811505,No,,,,NRL_nr,324.36377528278865,1319.083408000322,57.44776041719733,57.140221305158086,28.19687963314376,97.90716064888066,46.53473714938492,,0
5,158,No,0.5,1,4,13,8,BicolorDamselfish,38.645675779385535,No,,,,NRL_nr,123.45611199674327,1501.3921035909698,72.48618462766957,63.26774005515829,38.895548501189886,111.85854223467518,46.47616664999374,,0
5,158,No,0.5,1,4,13,9,BicolorDamselfish,,No,,,,NRTC,496.9851677822544,1656.1111775047748,22.0180357468507,24.018471841058453,24.018471841058453,,22.019127255275137,,0
5,158,No,0.5,1,4,13,10,BicolorDamselfish,35.05438873450467,No,,,,NRL_nr,263.5878639663854,1730.472636048111,55.562473220801245,34.90633130613212,34.90633130613212,108.49055071367232,33.019204283335995,,0
5,158,No,0.5,1,4,13,11,BrownChromis,31.738115074402273,No,,,,NRL_nr,387.50323553866576,1615.7787945538075,77.01178342792532,61.32222018828309,31.391102518611717,154.5758793053833,46.7741219420882,,0
5,158,No,0.5,1,4,13,12,BrownChromis,45.93339581363952,No,,,,NRL_nr,4.909549118355656,1616.3043684759195,74.55709369261315,47.954612315202645,28.21133981110924,148.96954389918793,42.425512754991864,,0
5,159,No,5.0,1,4,14,1,BrownChromis,51.75682398277466,No,,,,NRNL_nr,285.9570229295519,1616.7472340034526,54.72399056745216,25.007357935190463,,84.43227085568451,60.39531578993224,,0
5,159,No,5.0,1,4,14,2,BicolorDamselfish,36.784216369662666,No,,,,NRL_nr,210.20522290492707,885.2721988351889,18.09135038548509,21.39645536343695,6.252743169580434,93.61355474875516,40.07664154839927,,0
5,159,No,5.0,1,4,14,3,BicolorDamselfish,46.874253962877106,No,,,,NRL_nr,50.038128789035866,1716.7754226141074,148.4515920064486,35.93177059188074,20.729965148398133,40.97612902611535,44.15432639050165,,0
5,159,No,5.0,1,4,14,4,BicolorDamselfish,25.518891257907228,No,,,,NRL_nr,49.3969612069457,1689.7783790682493,105.9625871936882,48.27502293063144,48.27502293063144,97.53626345735312,42.06217941221386,,0
5,159,No,5.0,1,4,14,5,DuskyDamselfish,58.51319100296721,No,,,,NRNL_nr,667.2760256133295,1981.2186265075225,14.103208651581694,21.499776235726515,,27.637120648394127,84.98039024599738,,0
5,159,No,5.0,1,4,14,6,BicolorDamselfish,34.303799127380486,No,,,,NRNL_nr,186.26997279951848,1879.969801239988,17.77849447436132,23.769612557886937,,51.39929873189943,69.40949961470345,,0
5,159,No,5.0,1,4,14,7,BicolorDamselfish,40.14299156006377,No,,,,NRNL_nr,331.373187628627,1780.3644784831758,40.11986415917399,32.47435879240833,,32.16461023295316,56.62954143785575,,0
5,159,No,5.0,1,4,14,8,BicolorDamselfish,45.575041198127245,No,,,,NRL_nr,272.18943330595476,1405.9640083539514,24.90936709575935,26.932627815765123,23.58777536329366,71.70829886388307,36.103676001349186,,0
5,159,No,5.0,1,4,14,9,BicolorDamselfish,41.50329704375592,No,,,,NRL_nr,273.7870663783998,916.6731842898926,13.842659791528952,17.473194718347568,0.0,166.0419106220953,30.781334216048045,,0
5,159,No,5.0,1,4,14,10,BrownChromis,,No,,,,NRUD,,,0.0,0.0,0.0,,,,0
5,159,No,5.0,1,4,14,11,BrownChromis,58.417461225126374,No,,,,NRNL_nr,827.6844923269604,626.4665068577796,6.218084460971498,12.472082717342072,,51.90805383170275,104.52066798378834,,0
5,159,No,5.0,1,4,14,12,BrownChromis,44.596289288721714,No,,,,NRNL_nr,672.15873318091,1994.7908704431072,16.286665011261725,23.60045589683433,,49.6140882264544,78.29477217978611,,0
5,160,No,8.0,1,4,15,1,BrownChromis,49.872562220424896,No,,,,NRNL_nr,795.459299596473,1679.1155764443304,9.258369864548529,21.283407352499513,,47.77697241552143,75.08197935446644,,0
5,160,No,8.0,1,4,15,2,BicolorDamselfish,38.24037935386563,No,,,,NRL_nr,18.838436206686712,1553.8648186054857,38.39138120478107,25.10571010163092,9.855746918732423,86.24425991679543,50.09650569573994,,0
5,160,No,8.0,1,4,15,3,BicolorDamselfish,18.509579662838593,No,,,,NRL_nr,6.085899696508958,1387.4917048095654,54.935672323209,34.37868372217894,21.64614331898396,78.85404441371347,45.331520769300546,,0
5,160,No,8.0,1,4,15,4,BicolorDamselfish,,No,,,,NRUD,,,0.0,0.0,0.0,,,,0
5,160,No,8.0,1,4,15,5,BicolorDamselfish,50.51554242086805,No,,,,NRL_nr,298.461217720956,1614.28115817829,22.458051251700205,22.231219063529423,22.231219063529423,134.72024197925083,30.74785022117247,,0
5,160,No,8.0,1,4,15,6,BicolorDamselfish,29.524100649474654,No,,,,NRL_nr,209.52787822469523,1283.1498727611977,39.25667607296528,25.24274543582315,10.967218313806482,76.0846942439103,35.30674503860936,,0
5,160,No,8.0,1,4,15,7,BicolorDamselfish,28.49524031681331,No,,,,NRL_nr,56.20102395910468,986.747919802198,16.655975576439484,18.032734492899955,0.0,14.28824628966693,41.16588378674712,,0
5,160,No,8.0,1,4,15,8,BicolorDamselfish,64.87299452541527,No,,,,NRL_nr,313.63323171338743,2010.9205761950743,15.375593817260055,19.037716008201823,13.667755703747972,112.1012386548181,52.13851338572007,,0
5,160,No,8.0,1,4,15,9,BicolorDamselfish,33.21146145298332,No,,,,NRNL_nr,318.84198272346106,1965.8167093795637,11.636477161952648,23.271079453068737,,61.33439699886342,67.68012953601443,,0
5,160,No,8.0,1,4,15,10,BrownChromis,60.28791959028753,No,,,,NRNL_nr,650.3905210573788,941.9112947430424,7.545971859549592,16.132020668215134,,134.15665251123244,90.59765809573204,,0
5,160,No,8.0,1,4,15,11,BrownChromis,,No,,,,NRUD,,,0.0,0.0,0.0,,,,0
5,160,No,8.0,1,4,15,12,BrownChromis,70.60160843157034,No,,,,NRL_nr,731.6976221514838,1545.35213112451,11.66691245399198,14.99015234299192,8.988523037139855,142.814876110712,50.655754905288255,,0
5,162,No,4.0,1,4,17,1,Basslet,,No,,,,NRUD,,,0.0,0.0,0.0,,,,0
5,162,No,4.0,1,4,17,2,BicolorDamselfish,58.55409392739402,No,,,,NRNL_nr,346.5440995469662,1920.9410581785603,68.27879218693684,52.883717770862646,,81.18214502387063,59.60483502980502,,0
5,162,No,4.0,1,4,17,3,BicolorDamselfish,38.03477331418633,No,,,,NRL_nr,250.531577008175,1695.0733449536513,85.41529815571498,49.65965784235933,31.162828788176295,157.24181281777678,54.0593059636532,,0
5,162,No,4.0,1,4,17,4,BrownChromis,48.45994227773424,No,,,,NRNL_nr,547.2859002528984,1950.2773016544504,38.84112989304688,42.60576691282157,,149.5158333258354,67.4687612061192,,0
5,162,No,4.0,1,4,17,5,BrownChromis,50.394924331433394,No,,,,NRNL_nr,510.9692813911102,689.7370034214823,13.784968531475885,20.237700103372436,,141.5193757343195,76.20722911845563,,0
5,162,No,4.0,1,4,17,6,BrownChromis,45.507300559775,No,,,,NRL_nr,384.29293501540906,1460.915990036712,57.45026966784006,39.60020862485904,19.883501874386656,142.08820401086518,53.46305862855728,,0
5,162,No,4.0,1,4,17,7,BrownChromis,32.7982454565102,No,,,,NRNL_nr,459.4732803478362,1599.5041421213853,60.530990595536906,38.94705256763437,,63.116643492189056,60.94057199368494,,0
5,162,No,4.0,1,4,17,8,BicolorDamselfish,51.88523362626331,No,,,,NRNL_nr,246.82487426086,1715.5809404483657,83.25108139579164,53.62294407245882,,82.74777781493961,61.64091850403741,,0
5,162,No,4.0,1,4,17,9,BicolorDamselfish,37.16780152963254,No,,,,NRL_nr,225.6126140685024,1127.4770634840736,29.573195468952058,28.054958654692104,4.365438313838224,12.169672695922385,29.595263664150742,,0
5,162,No,4.0,1,4,17,10,BicolorDamselfish,45.86917549446222,No,,,,NRL_nr,290.497736687556,824.5505606395914,12.363570618950854,19.489484842025277,2.746310376832747,113.20372018187297,46.55838597192596,,0
5,162,No,4.0,1,4,17,11,BicolorDamselfish,28.491015547566427,No,,,,NRL_nr,44.00750626991986,1282.8800148430576,47.167199977511665,36.866475576349146,12.72395650574865,159.88384399631076,41.41642342688902,,0
5,162,No,4.0,1,4,17,12,BicolorDamselfish,47.92594645184827,No,,,,NRL_nr,88.90478335986212,1544.6066989140224,106.0767727368721,52.57316950193576,33.55611798936447,116.09832649177493,46.043834620276165,,0
5,162,No,4.0,1,4,17,13,BicolorDamselfish,40.09613700763256,No,,,,NRL_nr,16.615836958956383,1669.3603748955763,54.99579141715574,43.33661315474638,38.42733296358052,127.12259471453592,43.39721629165046,,0
5,162,No,4.0,1,4,17,14,BicolorDamselfish,18.962657842005708,No,,,,NRL_nr,61.201810927578265,1509.772537534045,103.4405310953372,64.50537759690872,35.68009178191063,122.89560105045857,50.869158334420206,,0
5,163,No,1.0,1,4,18,1,BicolorDamselfish,49.98863462474471,No,,,,NRNL_nr,335.3580182289952,2019.7693479843197,20.89947175051204,24.87083361152056,,40.19588391890573,69.97610233666086,,0
5,163,No,1.0,1,4,18,2,BicolorDamselfish,42.78076316599183,No,,,,NRNL_nr,407.6189197898506,1840.5925274509937,27.088318588794102,36.47244454232129,,48.36713233397905,59.09354998817,,0
5,163,No,1.0,1,4,18,3,BrownChromis,55.53628769031357,No,,,,NRNL_nr,674.452916690083,1659.4617459887943,15.574044243128824,27.432294797998605,,112.29971587382796,75.72887019306941,,0
5,163,No,1.0,1,4,18,4,BicolorDamselfish,51.93796362535174,No,,,,NRL_nr,319.5702981221773,709.5838658724355,20.40358405652344,29.523045248408135,6.149952805680774,73.6304496515159,49.058301442542955,,0
5,163,No,1.0,1,4,18,5,BrownChromis,51.98320015078953,No,,,,NRL_nr,805.6837190505942,999.0102185055651,17.005218646046167,23.841858232295383,14.791164767583306,81.55757288090875,36.933407003406195,,0
5,163,No,1.0,1,4,18,6,BicolorDamselfish,25.74822405009231,No,,,,NRNL_nr,170.1888573047471,1770.0609756015172,35.43074091751489,37.89745974448028,,86.02236384535578,64.34523972012758,,0
5,163,No,1.0,1,4,18,7,BicolorDamselfish,50.796514838834945,No,,,,NRL_nr,405.81593460751986,1808.2273465378164,27.57181758711839,34.73760369961116,16.740007609186698,40.57551428397059,39.51008931106701,,0
5,163,No,1.0,1,4,18,8,BicolorDamselfish,33.24862517032049,No,,,,NRL_nr,98.72134434910276,1343.9048356817343,58.45438361258727,43.03202630037321,43.03202630037321,58.35007604609919,33.651188472093814,,0
5,163,No,1.0,1,4,18,9,BicolorDamselfish,38.02848024851509,No,,,,NRL_nr,51.936836294526515,1568.239379300433,45.1665489548314,30.907030544029045,21.707294591181057,65.91078840470202,39.92066517783178,,0
5,163,No,1.0,1,4,18,10,BicolorDamselfish,25.460709115449653,No,,,,NRL_nr,222.61665172817405,1138.3236613671477,61.590134964979114,43.204738932760215,33.42682150038161,61.126632827643945,32.223598708578336,,0
5,163,No,1.0,1,4,18,11,BicolorDamselfish,58.37557425291558,No,,,,NRL_nr,171.16848593370395,1304.333249916028,63.95149547128385,34.29482725247268,16.046225740044278,114.27207655221314,39.71846477597226,,0
5,163,No,1.0,1,4,18,12,BicolorDamselfish,55.964482429368054,No,,,,NRL_nr,332.42605848997476,1148.8478934833702,38.404066234924755,32.32945456633281,13.451331880061526,122.05371848064642,46.29870890975427,,0
5,163,No,1.0,1,4,18,13,BicolorDamselfish,58.55282567065163,No,,,,NRNL_nr,516.8400755289375,1427.5933617008686,8.925876918891406,22.62340225173166,,48.76609988328566,95.78173951623351,,0
5,163,No,1.0,1,4,18,14,BicolorDamselfish,27.85260535879573,No,,,,NRL_nr,122.4618416018291,1787.803211540022,37.18714063886869,35.44159046929934,26.44031941996122,48.90904831684679,41.06776235215959,,0
5,164,No,2.0,1,4,19,1,BrownChromis,64.79735347380932,No,,,,NRNL_nr,588.8950037472457,796.5989382433874,14.751241875469749,22.73558041005259,,112.42319355808569,77.27708112546588,,0
5,164,No,2.0,1,4,19,2,BicolorDamselfish,33.40008893998483,No,,,,NRL_nr,134.0442875023807,1326.011366123828,85.91538248796866,34.28463407442835,3.453944974059055,156.11275499922803,34.96913862157059,,0
5,164,No,2.0,1,4,19,3,BrownChromis,51.041831138229135,No,,,,NRNL_nr,538.9007599100571,1893.621808567229,41.24244473777231,50.360840095907584,,11.269651189543938,59.01105450446799,,0
5,164,No,2.0,1,4,19,4,BrownChromis,52.93185062013581,No,,,,NRNL_nr,603.946257059803,1685.6255404685212,37.44260803151596,41.751108977063595,,130.43246957100408,64.48725001121458,,0
5,164,No,2.0,1,4,19,5,BrownChromis,51.82794703168717,No,,,,NRL_nr,703.2558315589878,1562.1049879452617,26.22373015461016,37.53673264042865,19.02653187572835,101.79721777766454,52.23337693863481,,0
5,164,No,2.0,1,4,19,6,BicolorDamselfish,74.50376938579038,No,,,,NRNL_nr,346.7088522979865,2170.335076671646,29.232234809993223,31.5321730515402,,78.86327115991045,60.95682843219049,,0
5,164,No,2.0,1,4,19,7,BicolorDamselfish,30.551308616178304,No,,,,NRNL_nr,138.6855277429716,1660.7694111428111,56.79229158120043,54.10831451506599,,138.358154103823,61.13077565552886,,0
5,164,No,2.0,1,4,19,8,BicolorDamselfish,35.13126510844663,No,,,,NRNL_nr,159.52670723086322,1879.2657922291744,57.406614116508976,52.77416518197307,,91.07131513446416,58.8880070968207,,0
5,164,No,2.0,1,4,19,9,BicolorDamselfish,43.45889628692554,No,,,,NRL_nr,249.25597995313217,727.8566736836768,19.488160557046584,27.559602902733022,0.0,131.6052858701079,48.07706672735314,,0
5,164,No,2.0,1,4,19,10,BicolorDamselfish,51.50780318729281,No,,,,NRL_nr,401.3768521121578,1932.0643354444633,29.33825142418788,38.19133954026161,34.00994209212841,56.41986800470715,42.743184264359385,,0
5,164,No,2.0,1,4,19,11,BicolorDamselfish,23.350334213441513,No,,,,NRL_nr,73.8266051667971,1398.4020308985037,249.26244765553164,55.28314774973503,25.149036514181333,63.04542318164763,36.701075265020584,,0
5,164,No,2.0,1,4,19,12,BicolorDamselfish,29.48091282038075,No,,,,NRL_nr,136.02296730037662,1432.8641432303489,184.87062419321637,48.36946811241072,31.803544436907412,67.75807187300286,33.645105271134504,,0
5,164,No,2.0,1,4,19,13,BicolorDamselfish,39.75449980510149,No,,,,NRL_nr,173.5128466369716,1050.8483904539128,33.878321581333836,37.46942006609601,14.16290905190762,155.53813337802936,41.237991143337766,,0
5,164,No,2.0,1,4,19,14,BicolorDamselfish,43.175334610623175,No,,,,NRL_nr,362.3660037360673,1448.881382280902,40.349105059990364,39.16316506310722,24.28674151450099,75.77223371427961,43.65920691640828,,0
5,164,No,2.0,1,4,19,15,BicolorDamselfish,42.52594128797487,No,,,,NRL_nr,64.87757341207846,1654.268773972318,57.01383388070701,45.514600484994254,20.718123433055695,122.14972278975598,51.6531729344451,,0
5,165,No,0.5,1,4,20,1,BicolorDamselfish,36.09557781535749,No,,,,NRL_nr,183.9814986729915,1553.36588859014,33.2893449090635,28.936457132970844,25.863452712241333,104.8075764635992,37.19755016191262,,0
5,165,No,0.5,1,4,20,2,BrownChromis,49.3615533850747,No,,,,NRNL_nr,938.310078803707,579.1897935302457,8.542486809849606,24.089051995030236,,51.5490002748671,98.07279601233746,,0
5,165,No,0.5,1,4,20,3,BrownChromis,58.5765584956905,No,,,,NRNL_nr,845.5263463716648,1628.249161582173,30.15853689112352,32.95190493302945,,41.63443721915115,72.96104419927669,,0
5,165,No,0.5,1,4,20,4,BrownChromis,48.84351923478379,No,,,,NRNL_nr,774.4568694131857,1473.1076689427796,23.543744752079597,24.6906821327996,,70.54510978857913,61.670966894867824,,0
5,165,No,0.5,1,4,20,5,BicolorDamselfish,50.2726911834049,No,,,,NRL_nr,401.56808611817695,1535.9965063918112,33.39302420876846,29.955788908805225,14.9268731361084,47.848199799237214,42.52232076670111,,0
5,165,No,0.5,1,4,20,6,BicolorDamselfish,32.874788094922586,No,,,,NRL_nr,265.17536753785413,1772.916327146726,54.02198523842522,40.95722329523283,31.632293998759195,32.2445613308535,54.32437208252144,,0
5,165,No,0.5,1,4,20,7,BrownChromis,52.16637823676692,No,,,,NRNL_nr,674.1583345191125,1806.9954035241035,30.211454282375115,38.14975152850258,,94.52720658401113,68.55821235833173,,0
5,165,No,0.5,1,4,20,8,BicolorDamselfish,64.25648147990735,No,,,,NRNL_nr,566.115663495115,1594.007847900281,9.414385823680895,24.54583209857716,,163.69931038635158,92.4029668855505,,0
5,165,No,0.5,1,4,20,9,BicolorDamselfish,37.05923500473625,No,,,,NRNL_nr,386.8090073199183,2024.4876869420516,37.97428717457325,41.03607741794861,,132.9872596271519,59.24525757461233,,0
5,165,No,0.5,1,4,20,10,BicolorDamselfish,58.071740381777495,No,,,,NRNL_nr,240.2262421013021,1800.8067233790998,35.264521921340005,30.51470747962775,,80.62196531947531,66.01761010256995,,0
5,165,No,0.5,1,4,20,11,BicolorDamselfish,36.577444692939096,No,,,,NRL_nr,109.65878549978724,1380.347572991613,22.329732893534032,26.816235300788964,26.816235300788964,35.860671491273564,33.22465364308953,,0
5,165,No,0.5,1,4,20,12,BicolorDamselfish,48.102321544907454,No,,,,NRL_nr,302.3280062468288,840.3600922964033,16.16699431058328,26.407607824820037,12.032441898935335,102.64765797139763,47.73647262446204,,0
5,165,No,0.5,1,4,20,13,BicolorDamselfish,98.38567361090004,No,,,,NRL_nr,295.66660196274694,2052.920743169246,12.481089107014824,22.76559160473276,6.6289654379293115,110.087667589476,49.737255059883736,,0
5,165,No,0.5,1,4,20,14,BicolorDamselfish,19.015753465730295,No,,,,NRL_nr,79.2967566597488,1731.252026280832,44.9684689371217,36.29913477222926,15.523746915409262,1.4926891058518652,49.397427667699226,,0
5,166,No,1.0,1,4,21,1,BicolorDamselfish,47.37379035244907,No,,,,NRL_nr,187.51215316756551,1664.2682706674852,67.57564970146257,36.635395867131614,14.437605745331188,138.08047721865418,39.771558222392294,,0
5,166,No,1.0,1,4,21,2,BicolorDamselfish,30.191197532805695,No,,,,NRL_nr,2.7689068492993556,1534.110017278255,298.3769897636198,43.39147026642373,10.710561751125944,105.9331167141268,41.12787812344274,,0
5,166,No,1.0,1,4,21,3,DuskyDamselfish,61.43500277233258,No,,,,NRNL_nr,24.944131937505656,1312.268490806922,13.230969582583729,23.215767706165547,,59.00968207647031,76.44515331861855,,0
5,166,No,1.0,1,4,21,4,BicolorDamselfish,44.360300549127274,No,,,,NRL_nr,236.6920276009728,778.6685506642746,10.807315133387538,20.432307662738616,17.544257974253988,36.50134681387448,49.23913941207202,,0
5,166,No,1.0,1,4,21,5,BicolorDamselfish,22.401009619172555,No,,,,NRL_nr,106.91516786474024,1678.0541625367375,53.685222683393384,41.64825263553243,24.630838585501262,27.116098108592,48.86711564412557,,0
5,166,No,1.0,1,4,21,6,BicolorDamselfish,33.648808859998184,No,,,,NRL_nr,332.202795026175,1202.667885224294,19.748574468634665,21.612778219556485,5.100269379260167,76.11274650606767,23.643268737023433,,0
5,166,No,1.0,1,4,21,7,BrownChromis,54.43432593904418,No,,,,NRL_nr,515.7513125030819,1830.5688798217736,31.063672666608984,28.132053489906113,28.132053489906113,88.88051691834542,41.539698407070674,,0
5,166,No,1.0,1,4,21,8,BrownChromis,,No,,,,NRUD,,,0.0,0.0,0.0,,,,0
5,166,No,1.0,1,4,21,9,BicolorDamselfish,22.2731097542703,No,,,,NRL_nr,114.19363892599554,1794.7912722640478,72.32558657765134,37.97330619242119,12.956406868623816,34.58477100676396,41.35474085673766,,0
5,166,No,1.0,1,4,21,10,BicolorDamselfish,31.12942409822969,No,,,,NRNL_nr,220.14750227801028,1822.7209172723517,64.52518731436325,32.77207026388879,,32.392906580089175,58.67664824847332,,0
5,166,No,1.0,1,4,21,11,BicolorDamselfish,36.52756379995706,No,,,,NRNL_nr,231.09427912043833,1829.1210395293576,77.08767561770331,26.824028997159992,,37.47539868684616,63.6370011472593,,0
5,166,No,1.0,1,4,21,12,BrownChromis,65.58509168201448,No,,,,NRNL_nr,660.6864182550521,1336.8337199799823,16.597712521799902,24.260881552690957,,65.76273816224929,65.18907021875128,,0
5,166,No,1.0,1,4,21,13,BrownChromis,54.33753396569681,No,,,,NRL_nr,624.0875237122584,1614.3612913595862,24.381632873005273,31.434395214464264,22.005553605469103,47.20548985740094,50.19490737069192,,0
5,166,No,1.0,1,4,21,14,BicolorDamselfish,27.507986227072863,No,,,,NRL_nr,7.413888037572895,1579.8611052201793,185.95133645640036,36.51774297234438,12.174965378823408,122.2990106280072,43.28262125147474,,0
5,167,No,4.0,1,4,22,1,BicolorDamselfish,35.832518438558274,No,,,,NRL_nr,62.486926878246166,1357.478141725047,113.56213384323958,45.950634862540745,28.19781711158211,98.6627581068448,35.04353834413063,,0
5,167,No,4.0,1,4,22,2,BicolorDamselfish,26.896586359481343,No,,,,NRL_nr,161.18339550464913,1809.461522947499,37.12595760212408,30.916441235922413,5.253618403879344,33.10612236415904,39.93289619875888,,0
5,167,No,4.0,1,4,22,3,BicolorDamselfish,44.56422583184065,No,,,,NRL_nr,293.32101765134877,1772.875347479363,35.08880929086112,35.03653497568836,26.86950361615977,156.19579483813965,53.24320383272862,,0
5,167,No,4.0,1,4,22,4,BicolorDamselfish,34.46279899304634,No,,,,NRNL_nr,213.06970054661,1732.2365595877243,55.55394024472761,30.492988837096934,,43.67624062797909,65.25408047247949,,0
5,167,No,4.0,1,4,22,5,BicolorDamselfish,44.69882187405814,No,,,,NRNL_nr,194.1980461367188,1803.5510694320524,59.41553278327565,33.60930681451844,,63.95014761538327,67.30251422924039,,0
5,167,No,4.0,1,4,22,6,BrownChromis,50.70214958312163,No,,,,NRNL_nr,602.9520742407142,1969.414096195994,19.936900608023503,26.03653969261533,,36.90266397870585,67.53124276071374,,0
5,167,No,4.0,1,4,22,7,BrownChromis,52.37839790758768,No,,,,NRL_nr,605.8026666308463,1504.979385790603,43.292609081118584,43.467905804088275,10.472489085595942,32.54219178726286,39.21148615739541,,0
5,167,No,4.0,1,4,22,8,BrownChromis,50.05176171048131,No,,,,NRNL_nr,849.6650022384761,829.91230400124,4.198126372735079,13.94971148052041,,90.1589946646916,120.86239861433968,,0
5,167,No,4.0,1,4,22,9,BicolorDamselfish,42.4288026974589,No,,,,NRL_nr,206.232389636596,1682.607099415383,50.614921593431504,35.7039469102681,30.94751475150154,92.585289152028,41.62258875378939,,0
5,167,No,4.0,1,4,22,10,BicolorDamselfish,22.677059729540876,No,,,,NRL_nr,116.93668300174808,1313.1864234234065,86.63183793484407,32.0524838774464,1.84624035597125,17.491857151820007,32.958035182542645,,0
5,167,No,4.0,1,4,22,11,BicolorDamselfish,40.35134190127528,No,,,,NRL_nr,165.4000422962079,1341.8829607868308,75.71055835227298,43.60913015871336,24.322427055141496,56.53461852008691,32.311119419269666,,0
5,167,No,4.0,1,4,22,12,BrownChromis,93.464018705335,No,,,,NRL_nr,422.22591347587826,1471.7396457813938,69.12951792414223,36.45013382180892,11.819080710177412,108.52481999476386,44.05542556199436,,0
5,168,Yes,8.0,1,4,23,1,BicolorDamselfish,41.564836744429456,Yes,2393.0,0.0,1.0,FR,314.1769965511504,739.7843262569992,28.98691730265115,30.296986629075633,0.0,160.62447841798476,47.51579788850329,1140.2187365546447,1
5,168,Yes,8.0,1,4,23,2,BicolorDamselfish,44.04137865539237,No,,1.0,2.0,NRNL_r,190.8894367645914,1710.129975516283,53.36168332220148,37.0098409234181,,109.83544526931296,64.2675023940547,,0
5,168,Yes,8.0,1,4,23,3,BicolorDamselfish,45.88432772995215,No,,1.0,2.0,NRNL_r,197.20745603230176,1654.936446460267,69.87799951114717,52.3539051801407,,121.6380662372305,58.22477097579283,,0
5,168,Yes,8.0,1,4,23,4,BrownChromis,41.22406084663046,No,,1.0,2.0,NRNL_r,586.3191227767627,1775.4307016328437,28.211364232342632,33.780996271557825,,136.04131695950318,58.511712678030925,,0
5,168,Yes,8.0,1,4,23,5,BrownChromis,61.80021595574992,No,,1.0,2.0,NRL_r,540.5196372415845,1372.732078217922,28.714894922162703,37.594367908307554,16.753935070785577,69.39305295670827,53.94644078896896,,0
5,168,Yes,8.0,1,4,23,6,BicolorDamselfish,56.91262549537504,No,,1.0,2.0,NRNL_r,131.55326552673355,1533.0779652871936,16.427608219727826,29.16310695426413,,152.07464263936475,75.89809711441494,,0
5,168,Yes,8.0,1,4,23,7,BicolorDamselfish,47.27806569129264,No,,1.0,2.0,NRL_r,64.1635800595332,1445.0680310530593,62.94259224356912,51.25274697860952,24.834600001226335,151.6054027780104,54.59633022597249,,0
5,168,Yes,8.0,1,4,23,8,BicolorDamselfish,28.6860881946558,No,,1.0,2.0,NRL_r,140.5253079353631,1344.0684710606374,46.381531331076296,36.07635286750152,30.018307743123128,89.62560899758671,31.82930313431184,,0
5,168,Yes,8.0,1,4,23,9,BicolorDamselfish,31.424213540397144,No,,1.0,2.0,NRL_r,107.299902242663,1407.577037041726,78.06160116618535,36.47941852181667,0.9413772336419486,38.04544849550983,37.99182839375322,,0
5,168,Yes,8.0,1,4,23,10,BrownChromis,,No,,1.0,2.0,NRUD,,,0.0,0.0,0.0,,,,0
5,168,Yes,8.0,1,4,23,11,BrownChromis,45.62787057697808,No,,1.0,2.0,NRNL_r,473.6327059337008,714.8461993283597,24.156650170703177,27.290413097139933,,15.048160896082388,69.37439533584443,,0
5,168,Yes,8.0,1,4,23,12,BrownChromis,52.27239790386952,No,,1.0,2.0,NRL_r,139.42277596156475,1774.1222978891185,53.9103074297506,38.97975901096451,37.806798276431344,69.48501954444794,41.18225254206972,,0
5,168,Yes,8.0,1,4,23,13,BrownChromis,54.55943907303523,No,,1.0,2.0,NRL_r,223.37100829690985,1630.4845803583592,73.47350133676034,39.795713993177024,27.892479394834076,109.44816823523978,40.851087145188885,,0
5,168,Yes,8.0,1,4,23,14,BicolorDamselfish,36.625833218429214,No,,1.0,2.0,NRL_r,119.64213587489832,1167.9804541990584,57.66351819595552,41.80164562323156,11.00479715430004,160.09248992436588,42.03716529134091,,0
5,169,No,2.0,1,4,24,1,BrownChromis,50.98335706555307,No,,,,NRL_nr,503.8170217250172,1769.6233297762867,43.610662906237366,46.543023143445694,41.2927293262785,33.08403999014392,52.17931622095638,,0
5,169,No,2.0,1,4,24,2,BrownChromis,53.70980515205771,No,,,,NRNL_nr,371.0676331744522,1611.6538011516604,47.969603396501824,50.03115086219902,,155.04520215750722,63.46122597068779,,0
5,169,No,2.0,1,4,24,3,BrownChromis,58.13889594218801,No,,,,NRNL_nr,603.3184197281167,709.653611855951,12.499964467815625,25.937069807438824,,150.1205044958862,80.15088376057327,,0
5,169,No,2.0,1,4,24,4,DuskyDamselfish,56.08994744126469,No,,,,NRL_nr,17.794036980710246,1045.5763654156924,20.522183486385376,30.111573604418385,4.545821401738343,140.19047605409847,45.60961676009795,,0
5,169,No,2.0,1,4,24,5,BicolorDamselfish,62.99854417586736,No,,,,NRL_nr,66.17970320079527,1360.8385302496376,40.88464075513539,38.66240713211562,8.369340138770813,119.38207215716687,46.24287715811429,,0
5,169,No,2.0,1,4,24,6,BicolorDamselfish,28.557122386832443,No,,,,NRL_nr,136.87214736495557,1709.6416256591,50.18942783209933,42.85170524925274,5.516986846158943,169.22799187764306,39.01700947204765,,0
5,169,No,2.0,1,4,24,7,BicolorDamselfish,56.6136037328913,No,,,,NRL_nr,131.26154292510162,1679.235172865992,73.97265338401907,52.776881746399425,21.58393693005962,148.10275552996097,42.67174498457313,,0
5,169,No,2.0,1,4,24,8,BicolorDamselfish,45.63380741475602,No,,,,NRNL_nr,546.014637355943,2107.499008814119,25.232982430194895,38.25021491834353,,122.90069104041667,72.06477749423061,,0
5,169,No,2.0,1,4,24,9,BicolorDamselfish,52.992658714238395,No,,,,NRNL_nr,259.2839790533197,1754.1821609230772,79.37764544773887,61.1198364698096,,71.55036061629649,59.54370547226939,,0
5,169,No,2.0,1,4,24,10,BicolorDamselfish,45.851346349073985,No,,,,NRL_nr,340.2052247862181,668.0702492199348,18.69591457882049,31.322759944922,22.456076027179968,37.65841868474295,43.5808155327365,,0
5,169,No,2.0,1,4,24,11,BicolorDamselfish,42.32633973224586,No,,,,NRL_nr,233.23100206593045,1841.6968134188453,71.13581047552415,64.70753088109497,48.873538774658634,106.19512257621396,54.04867963639509,,0
5,169,No,2.0,1,4,24,12,BicolorDamselfish,48.7347827487614,No,,,,NRL_nr,256.71084352072074,1758.6847264247715,66.45171930726899,55.992390959404545,31.7756311124732,8.439323314787254,44.29925183365251,,0
5,169,No,2.0,1,4,24,13,BrownChromis,70.46163747597619,No,,,,NRNL_nr,593.0515979019474,2202.5976663543083,29.20399812469939,38.48643339103754,,124.72331229914576,65.4327604221914,,0
5,170,No,6.0,1,4,25,1,BicolorDamselfish,38.793083689816925,No,,,,NRL_nr,29.480267157848058,1042.676462806918,40.62206879662897,39.30195608440805,11.436686041573616,118.31128319392184,45.21033538037649,,0
5,170,No,6.0,1,4,25,2,BrownChromis,49.93765749312342,No,,,,NRL_nr,661.4121041751952,1397.162056169633,29.80075709395155,33.20686905647919,22.506999666372135,157.91870300068726,41.1107639816895,,0
5,170,No,6.0,1,4,25,3,BrownChromis,40.39298294379694,No,,,,NRNL_nr,525.6755245038407,1389.837502755512,25.115761969299797,31.763202010210176,,108.11987015170476,57.75640952598577,,0
5,170,No,6.0,1,4,25,4,BrownChromis,44.63984795383955,No,,,,NRL_nr,680.3250045415749,974.0461916017488,26.663637670297565,32.00345681594626,3.4601091954449608,67.82471331709452,27.688668950147576,,0
5,170,No,6.0,1,4,25,5,BrownChromis,58.03778446542131,No,,,,NRNL_nr,958.5454500316392,378.6630321925653,8.602108764254893,16.718830617899336,,167.56301674443588,93.56884360195484,,0
5,170,No,6.0,1,4,25,6,BicolorDamselfish,43.36539816402875,No,,,,NRL_nr,321.4783193531523,1177.9876847248654,56.457135000641934,47.6233010065307,47.6233010065307,129.20213696919072,25.9894389095016,,0
5,170,No,6.0,1,4,25,7,BicolorDamselfish,52.610638787976264,No,,,,NRL_nr,163.5653698240097,1479.4508076980337,72.28849775098753,50.39447959810264,50.39447959810264,111.16863018305632,33.47116026813641,,0
5,170,No,6.0,1,4,25,8,BicolorDamselfish,60.18765010262574,No,,,,NRL_nr,247.9563909456974,1680.6800860709675,53.9527733774482,33.56400203344555,23.690443218950374,146.25554315879168,41.07129495341554,,0
5,170,No,6.0,1,4,25,9,BicolorDamselfish,33.56107889841162,No,,,,NRNL_nr,164.64950624726944,1679.3405971281122,49.074304052064775,41.398491472117854,,142.18733165198643,61.58357728897493,,0
5,170,No,6.0,1,4,25,10,BicolorDamselfish,42.17308622948085,No,,,,NRNL_nr,145.6507038406501,1772.2896285180204,43.6821724076089,35.585887559938506,,66.72075692237247,64.921496881464,,0
5,170,No,6.0,1,4,25,11,BicolorDamselfish,30.3080636999498,No,,,,NRL_nr,55.34312650532941,1601.6672927955567,155.4186236837296,58.19733278695678,32.86101877673715,75.37152515456025,40.14937687909566,,0
5,170,No,6.0,1,4,25,12,BicolorDamselfish,24.6208498020394,No,,,,NRL_nr,91.1526842140112,1694.2347989680018,148.8189221711017,49.19403157736691,40.34114027259245,73.92198265024962,40.42105572378857,,0
5,170,No,6.0,1,4,25,13,BicolorDamselfish,51.270688097673656,No,,,,NRL_nr,222.5329093560991,1163.4958912510665,70.52833872247722,54.809726301174166,19.865181864551367,99.37149071780718,36.2876511459205,,0
5,170,No,6.0,1,4,25,14,BicolorDamselfish,21.97903765284935,No,,,,NRL_nr,3.321043165696975,1601.7655951694564,56.97336228772444,45.06752990102559,38.910914076576255,163.26019424683793,49.02226250588128,,0
5,172,No,2.0,1,4,26,1,BicolorDamselfish,56.49385946029916,No,,,,NRL_nr,83.2384037203762,1738.8454844246703,12.01100965451921,15.649565203229162,8.865640635723679,87.46186427825867,41.50741614055494,,0
5,172,No,2.0,1,4,26,2,DuskyDamselfish,63.34459715811518,No,,,,NRNL_nr,542.6715376211826,1992.9472733097723,8.262040623440328,13.108935469204116,,172.79115104044212,78.34659064758289,,0
5,172,No,2.0,1,4,26,3,BicolorDamselfish,27.26213678809805,No,,,,NRNL_nr,262.39721225640966,1040.6192864405605,12.129249946914214,16.275404492944915,,5.526659994974027,61.552947722870414,,0
5,172,No,2.0,1,4,26,4,BrownChromis,49.25543980030691,No,,,,NRNL_nr,545.8018817283753,1895.551621644726,18.124252192533547,24.374159254393568,,48.256610280612946,57.78317799769915,,0
5,172,No,2.0,1,4,26,5,BrownChromis,,No,,,,NRUD,,,0.0,0.0,0.0,,,,0
5,172,No,2.0,1,4,26,6,BrownChromis,,No,,,,NRUD,,,0.0,0.0,0.0,,,,0
5,172,No,2.0,1,4,26,7,BicolorDamselfish,36.44730691552165,No,,,,NRNL_nr,116.7334162253974,1641.8310701686792,20.514040403007964,27.759188155037776,,84.50150913595975,61.40903604706602,,0
5,172,No,2.0,1,4,26,8,BicolorDamselfish,44.98356780629206,No,,,,NRL_nr,345.76133779848556,2121.072420370299,21.282029777462448,21.453673830388645,21.453673830388645,60.61630526903567,52.05460608005549,,0
5,172,No,2.0,1,4,26,9,BicolorDamselfish,49.85272606294562,No,,,,NRL_nr,397.9303738853458,1942.055068451093,19.254363809254997,15.206677770084188,10.033252328382693,108.79327286449012,42.601886374219795,,0
5,172,No,2.0,1,4,26,10,BicolorDamselfish,23.81181033333233,No,,,,NRL_nr,208.33672468526515,1351.2333835731467,16.951729564442765,15.457939570503845,0.3208302032487556,12.527470726457834,42.19357691790755,,0
5,173,No,4.0,1,4,27,1,BicolorDamselfish,36.94695857083309,No,,,,NRNL_nr,264.58659195322963,1635.8513376302487,78.13751547426449,39.26120091291352,,71.5810850163837,62.25589394467501,,0
5,173,No,4.0,1,4,27,2,BicolorDamselfish,61.37432934078903,No,,,,NRL_nr,207.88752632036204,1842.3985264797373,20.991789994313887,23.75935017708758,23.75935017708758,87.24308193903893,45.78799689290692,,0
5,173,No,4.0,1,4,27,3,BicolorDamselfish,17.12427873586964,No,,,,NRL_nr,46.663243517052464,1344.5894507098817,11532.363529838103,163.51884131352736,24.13781642416056,127.3747885406132,35.57666924370482,,0
5,173,No,4.0,1,4,27,4,BicolorDamselfish,32.36073880801379,No,,,,NRNL_nr,213.84866499683685,1511.6978606375449,73.50591675682531,44.19497262270009,,78.36806467177045,58.6136081601085,,0
5,173,No,4.0,1,4,27,5,BicolorDamselfish,60.28904120912766,No,,,,NRL_nr,54.12512000275393,1372.2663959684437,380.2697050373953,41.538117896713146,14.597803134141143,81.54020931894638,36.39801922888598,,0
5,173,No,4.0,1,4,27,6,BicolorDamselfish,40.26619230507238,No,,,,NRL_nr,9.765568292305412,1045.8714161744513,26.40587645918751,27.115381180800515,11.868665681451455,57.826245528544035,45.355631313926935,,0
5,173,No,4.0,1,4,27,7,BrownChromis,51.976399483289526,No,,,,NRL_nr,442.98009975262545,1200.6057759794844,21.953953011541785,26.11745247490553,16.472143496607675,61.237265821955674,54.36687849047941,,0
5,173,No,4.0,1,4,27,8,BicolorDamselfish,39.171745554022806,No,,,,NRL_nr,5.5205651469236265,1532.6626428334762,33.00462233186593,33.83777121626061,15.730517941218285,82.69440973284105,45.89811986060127,,0
5,173,No,4.0,1,4,27,9,BrownChromis,51.95125848296264,No,,,,NRNL_nr,989.11947722288,191.10502426683587,5.162343968768966,13.299775226519346,,21.387875267135083,135.3059985167449,,0
5,173,No,4.0,1,4,27,10,BrownChromis,44.078582544263305,No,,,,NRNL_nr,575.9392925314492,1952.21021770318,41.23788630836508,32.51539479302279,,102.69962140078852,72.74080595766578,,0
5,173,No,4.0,1,4,27,11,BicolorDamselfish,43.30430409657768,No,,,,NRNL_nr,389.84230178368455,1832.830895827864,62.47292948367952,34.785237075084325,,18.86152721590599,66.50069963052938,,0
5,173,No,4.0,1,4,27,12,BicolorDamselfish,33.25608424228964,No,,,,NRNL_nr,368.72968543570573,1992.4927355200389,27.478254761945976,31.788349383890687,,22.040598469402152,70.62234951575203,,0
5,173,No,4.0,1,4,27,13,BrownChromis,,No,,,,NRUD,,,0.0,0.0,0.0,,,,0
5,174,No,1.0,1,4,28,1,BrownChromis,56.21448312890104,No,,,,NRNL_nr,346.36030410241557,1563.6910189916114,76.31328516045569,46.03214194215529,,78.43644334065702,62.38382837999211,,0
5,174,No,1.0,1,4,28,2,BicolorDamselfish,51.52584743221059,No,,,,NRL_nr,237.8252539458694,1361.176341256017,22.40154502361911,23.88131774330324,15.905457714669184,102.39503244400385,27.470065197585377,,0
5,174,No,1.0,1,4,28,3,BicolorDamselfish,22.585658975289427,No,,,,NRL_nr,4.460854704336333,1242.2387213135955,83.46984949660853,49.445619554406896,18.519261447039412,177.72752894533235,48.74806064106041,,0
5,174,No,1.0,1,4,28,4,BicolorDamselfish,37.71841806386755,No,,,,NRL_nr,184.58524711696347,1281.823122884195,75.28357454904678,32.55158405244061,8.304345143244891,17.899233114896184,43.23482292816515,,0
5,174,No,1.0,1,4,28,5,BicolorDamselfish,26.629163489346297,No,,,,NRL_nr,135.0164129347225,1527.2163575040895,58.61632271123007,36.71783361008249,33.936340317898924,114.1720518732146,41.39763323607201,,0
5,174,No,1.0,1,4,28,6,BicolorDamselfish,34.15076899161336,No,,,,NRL_nr,35.144623383714226,1602.4247731793257,56.461903579830114,42.75354136001397,17.00934204204708,78.45722142282905,52.9779410127986,,0
5,174,No,1.0,1,4,28,7,BicolorDamselfish,35.92885187415183,No,,,,NRL_nr,76.78299950074211,1161.1561371132786,95.28902518336956,44.427170901755574,20.153833300303155,66.57416740292388,44.32760631731952,,0
5,174,No,1.0,1,4,28,8,BicolorDamselfish,61.212958598529454,No,,,,NRNL_nr,246.23363760246255,2195.913989634694,16.545448806554084,24.19716157071588,,123.83803394899576,55.379234871928944,,0
5,174,No,1.0,1,4,28,9,BicolorDamselfish,45.67280407920683,No,,,,NRNL_nr,204.98416694897307,1560.8555939098896,86.75612985911393,38.07195184739399,,55.58164818828488,61.22709224876015,,0
5,174,No,1.0,1,4,28,10,BicolorDamselfish,34.19961385289863,No,,,,NRNL_nr,292.93401004589407,1910.076801500304,39.36828152523271,43.86952598323064,,141.31216441113742,68.11231437778349,,0
5,174,No,1.0,1,4,28,11,BrownChromis,55.00764900066238,No,,,,NRL_nr,448.4204022853136,1553.1204407906823,37.18480369499881,27.088511699303396,12.565661985030252,143.79620908045226,42.65337032001796,,0
5,174,No,1.0,1,4,28,12,BrownChromis,75.11888429164753,No,,,,NRNL_nr,464.77431453933696,1943.9756500149256,37.39505442703363,34.587393003324216,,64.33896387478666,69.4362650308921,,0
5,175,Yes,7.0,1,4,29,1,BicolorDamselfish,58.66597985698454,No,,1.0,2.0,NRNL_r,241.4771594276524,942.7293557009892,10.009772338218283,16.960062189741425,,52.18022122293433,73.61892569290588,,0
5,175,Yes,7.0,1,4,29,2,BrownChromis,26.51295997556606,No,,1.0,2.0,NRL_r,33.20874219834319,1633.891996053821,18.60243747599347,29.7633856511734,20.41349727753482,70.06505210242085,41.60453318938373,,0
5,175,Yes,7.0,1,4,29,3,BicolorDamselfish,39.38936354321184,No,,1.0,2.0,NRL_r,275.87936515767404,1238.3906412238414,13.948724842482218,22.745510138978947,22.745510138978947,22.204121828224583,26.16471000962356,,0
5,175,Yes,7.0,1,4,29,4,BicolorDamselfish,39.67379842112211,No,,1.0,2.0,NRL_r,142.30808078967095,1371.686786538222,30.693955372198975,39.04922707351285,28.884610112681372,123.20644709084624,49.35153991962063,,0
5,175,Yes,7.0,1,4,29,5,BicolorDamselfish,51.18142940784062,No,,1.0,2.0,NRNL_r,161.57045180588108,1620.1027479497104,61.14863352962536,41.768075942673576,,115.80418334721286,57.79167614957027,,0
5,175,Yes,7.0,1,4,29,6,BrownChromis,67.00297846648775,No,,1.0,2.0,NRNL_r,291.10619556307984,1679.9017093320697,26.88083112996451,29.910530571954396,,49.05663981837554,73.58931345826917,,0
5,175,Yes,7.0,1,4,29,7,BicolorDamselfish,49.68770113192099,No,,1.0,2.0,NRL_r,316.6236014842531,1801.971522933996,19.448342508594088,26.291689176200695,23.59221429940976,143.28872610763432,39.86092482503277,,0
5,175,Yes,7.0,1,4,29,8,BicolorDamselfish,40.13709922099767,No,,1.0,2.0,NRNL_r,175.860928439792,1675.590536729876,60.2571795516286,46.524245897294065,,47.58205321761584,63.37444256292904,,0
5,175,Yes,7.0,1,4,29,9,BicolorDamselfish,43.08591061952132,Yes,2396.0,0.0,1.0,FR,403.9391391740759,763.710190973136,13.875223042832271,20.8863012088197,10.96837145784824,103.58067752555142,53.082140988310165,1470.8394295101757,1
5,175,Yes,7.0,1,4,29,10,BicolorDamselfish,49.14593068230596,No,,1.0,2.0,NRNL_r,408.7754116080326,2080.0227829276896,18.120004464781605,23.356753850858556,,31.836561305460936,67.15613709163215,,0
5,176,No,1.0,1,4,30,1,BicolorDamselfish,28.478890399896876,No,,,,NRL_nr,4.090192112467097,1500.781597145071,308.3243391966348,88.17692120877216,7.644330583234863,44.78510093590121,45.42049147351262,,0
5,176,No,1.0,1,4,30,2,BicolorDamselfish,87.60215681676505,No,,,,NRL_nr,1.5845543312867614,1529.9603933219637,145.17518917550782,34.01102083733382,23.993157779628177,87.1295527503008,44.63890889800128,,0
5,176,No,1.0,1,4,30,3,BrownChromis,23.818857417757727,No,,,,NRNL_nr,756.5989795468121,394.0196196821514,735.7513511274359,97.75551072005872,,133.94770760314276,98.14429492160006,,0
5,176,No,1.0,1,4,30,4,DuskyDamselfish,45.47557833532086,No,,,,NRL_nr,387.6178615225816,1702.3798567959568,17.922914901798368,18.740545478377346,12.205053056501454,38.27516273730433,36.51356016635542,,0
5,176,No,1.0,1,4,30,5,BicolorDamselfish,31.19605890047209,No,,,,NRL_nr,252.2546008487669,1336.294101281194,16.89906620761916,24.71144297872901,20.66273315125137,101.92203933918246,26.697800452105856,,0
5,176,No,1.0,1,4,30,6,BicolorDamselfish,45.37914179889666,No,,,,NRNL_nr,225.86855379696345,1745.0287482450558,13.843924151420335,21.084434602324784,,37.47575026962886,59.84542128261096,,0
5,176,No,1.0,1,4,30,7,BrownChromis,54.96284670073003,No,,,,NRL_nr,509.12625904910385,857.2724131324729,11.431547137759932,17.22221367552659,2.862542044533691,162.80175318648878,21.543773430735484,,0
5,176,No,1.0,1,4,30,8,BrownChromis,52.044743033286615,No,,,,NRNL_nr,738.8670190915391,378.9402944891185,3196.3323198415446,42.1768563523835,,15.688636980279895,93.69531779700716,,0
5,176,No,1.0,1,4,30,9,BicolorDamselfish,40.978988177611456,No,,,,NRL_nr,66.42832103985484,1928.579780390888,17.876414087796537,22.975934256810618,22.975934256810618,63.08884380757522,49.98803473779088,,0
5,178,No,0.5,1,4,31,1,BicolorDamselfish,36.08125461739424,No,,,,NRL_nr,352.75307023251816,934.191606535458,17.99694179698218,17.849073603732283,6.760610537531253,130.8629979521043,44.98453911221638,,0
5,178,No,0.5,1,4,31,2,BicolorDamselfish,40.23287346825355,No,,,,NRL_nr,1.2840244951618125,1640.1306270082148,124.18558869949358,27.516426719051925,8.306612890195396,102.36024792029384,45.44356419483829,,0
5,178,No,0.5,1,4,31,3,BicolorDamselfish,31.583579253513456,No,,,,NRL_nr,5.146458872331903,1117.3108149099864,25.831478274252333,15.41484466153864,6.459266067078528,67.45279955218992,48.321979904369854,,0
5,178,No,0.5,1,4,31,4,BicolorDamselfish,28.548666425542987,No,,,,NRL_nr,72.83937232563974,1372.2155893549716,22.71616920197475,14.575429404884853,0.0,47.39910777341548,35.2077976746141,,0
5,178,No,0.5,1,4,31,5,BicolorDamselfish,34.35864183842698,No,,,,NRL_nr,5.642155080317212,1702.3543417627918,296.06660119982996,28.033944932769774,20.511224373996814,109.1368930502013,45.82745956353577,,0
5,178,No,0.5,1,4,31,6,BrownChromis,50.518492117961095,No,,,,NRNL_nr,549.4077208035704,1575.4862322344109,11.196145672517568,16.9715248330014,,142.5284489068442,61.71589427192486,,0
5,178,No,0.5,1,4,31,7,BrownChromis,57.706306702513814,No,,,,NRNL_nr,421.14448083842,1930.058596778263,11.592053244733748,13.873408479019275,,108.22748204890743,60.72608131309835,,0
5,178,No,0.5,1,4,31,8,BicolorDamselfish,43.3522914336404,No,,,,NRL_nr,342.00422392257786,1409.710435567103,21.16403659292393,18.957847296120992,2.902520020989901,36.612514762392,32.34304264524848,,0
6,182,No,1.0,3,1,1,1,BicolorDamselfish,28.18404935447371,No,,,,NRL_nr,42.76605165162228,1639.3950376377957,216.9357232906669,85.73448869226465,50.07793002518298,146.2324484859678,51.94980430731811,,0
6,182,No,1.0,3,1,1,2,BrownChromis,55.46699764068854,No,,,,NRNL_nr,285.7482643880514,890.6310067969619,232.13362773350397,73.32110228007434,,78.70936811182254,65.55583758432327,,0
6,182,No,1.0,3,1,1,3,BrownChromis,57.03025001011708,No,,,,NRNL_nr,339.1572063355668,882.0273815900686,228.53299460796413,105.41266289685278,,21.05919877964108,70.75883552098371,,0
6,182,No,1.0,3,1,1,4,BrownChromis,46.59464425972987,No,,,,NRNL_nr,839.9697092502772,1421.7009837986204,77.53053919202684,73.37122938594703,,30.899147675976582,89.36951926844982,,0
6,182,No,1.0,3,1,1,5,BrownChromis,38.67872754879642,No,,,,NRNL_nr,690.0696539167841,1441.1919585461935,79.74409635783746,69.88019420728926,,72.98606009963633,85.04348293790777,,0
6,182,No,1.0,3,1,1,6,BrownChromis,71.57022242404713,No,,,,NRNL_nr,897.6612254949013,1225.6288833381598,42.97835854068955,61.8876594974634,,91.2582338696938,81.6067259073012,,0
6,182,No,1.0,3,1,1,7,BicolorDamselfish,31.353565480685923,No,,,,NRL_nr,27.860064368462915,1600.576953872755,224.33711064072276,90.01488977953281,83.52612225002541,93.5946729129213,48.93462926019109,,0
6,182,No,1.0,3,1,1,8,BicolorDamselfish,23.785597396849973,No,,,,NRNL_nr,45.775986220850456,1762.2292704901135,146.7815563164235,97.2474909532132,,118.721689713687,57.03541854999078,,0
6,182,No,1.0,3,1,1,9,BrownChromis,38.66966681163736,No,,,,NRL_nr,309.89874077642196,999.881004866804,91.17669113584996,75.32451428389004,58.72906280777368,124.92618901689632,25.4018802980585,,0
6,182,No,1.0,3,1,1,10,BrownChromis,26.645228280039987,No,,,,NRL_nr,348.3849729292182,804.6226464168747,96.12204624873104,92.77415299910427,27.725291483376676,163.02889478083816,39.60813938886025,,0
6,182,No,1.0,3,1,1,11,BrownChromis,76.87567809555723,No,,,,NRNL_nr,393.8110905948386,1402.2729852594885,71.77115881534546,76.08023612863134,,131.51868099438784,55.52034660966099,,0
6,182,No,1.0,3,1,1,12,BrownChromis,,No,,,,NRUD,,,0.0,0.0,0.0,,,,0
6,182,No,1.0,3,1,1,13,Basslet,65.0465436360143,No,,,,NRNL_nr,125.35212795908328,1695.1292777883514,147.45311846045507,83.52171161612169,,96.73616272648728,60.46289045484299,,0
6,182,No,1.0,3,1,1,14,BrownChromis,51.87871635547837,No,,,,NRL_nr,449.4705471389155,1095.075011664564,88.48634078799121,74.11421544408275,69.31531979331835,110.5599001267891,31.428968841337667,,0
6,182,No,1.0,3,1,1,15,BrownChromis,63.82972448263695,No,,,,NRL_nr,589.8817969073766,978.0818804683267,73.43365334171904,79.8935903330377,43.53667616116399,69.93057969945332,42.05636902223995,,0
6,182,No,1.0,3,1,1,16,BrownChromis,,No,,,,NRUD,,,0.0,0.0,0.0,,,,0
6,182,No,1.0,3,1,1,17,BrownChromis,37.62644315070178,No,,,,NRNL_nr,400.4252561028075,1778.2942312900782,114.34421127717968,82.05827570857711,,100.07019108057057,66.42106022242385,,0
6,182,No,1.0,3,1,1,18,BrownChromis,45.690595382556545,No,,,,NRNL_nr,387.6859712657277,1835.169508564826,122.95682906768609,75.61090127812099,,127.5286338152948,68.0923677924384,,0
6,182,No,1.0,3,1,1,19,BrownChromis,41.842656554196566,No,,,,NRL_nr,209.26369540353107,1812.7906410409985,71.78112917618756,68.1409129595696,31.455899092740843,139.05302678718888,47.07706549527721,,0
6,182,No,1.0,3,1,1,20,BrownChromis,55.25072008804486,No,,,,NRL_nr,134.23676859832796,1898.691702074661,29.95526162538984,54.957992862071606,53.660770721048834,124.69258364222794,34.3928114448663,,0
6,182,No,1.0,3,1,1,21,BrownChromis,47.351325667124456,No,,,,NRL_nr,391.0970783184828,1070.34285338728,53.0268380621211,61.02957552143404,59.12801830238197,86.59688047637654,13.06631317196076,,0
6,182,No,1.0,3,1,1,22,BrownChromis,49.354825274643936,No,,,,NRL_nr,507.5084342734936,654.1560449626371,63.41136870708281,62.03107943233391,0.0,155.52276490106888,12.946108693690269,,0
6,182,No,1.0,3,1,1,23,BrownChromis,49.78894992067987,No,,,,NRL_nr,581.9288363645231,733.8022346205996,75.41475740224567,69.09148267745763,47.146982988539825,97.29222723871824,12.82187531442238,,0
6,182,No,1.0,3,1,1,24,BrownChromis,34.089029253485045,No,,,,NRNL_nr,523.6654213036196,1765.660441139351,111.53193060756726,79.77750553421096,,136.97867754303743,76.6103901882012,,0
6,182,No,1.0,3,1,1,25,BrownChromis,36.93236706348444,No,,,,NRNL_nr,638.0653773047355,1785.0138422811829,106.66780573377744,74.39644280123548,,125.31048432273676,79.35567344979319,,0
6,182,No,1.0,3,1,1,26,BrownChromis,44.72238377352849,No,,,,NRNL_nr,326.5813858683177,1146.11837035624,81.53737101908536,81.96543705568683,,130.81170716152008,68.32067887097467,,0
6,182,No,1.0,3,1,1,27,BrownChromis,51.13312841003637,No,,,,NRNL_nr,713.2549044674438,633.6458670712958,36.36909766541519,54.49006382536191,,135.67163790093838,101.21343875223891,,0
6,182,No,1.0,3,1,1,28,BrownChromis,53.08452183360439,No,,,,NRL_nr,260.0567535944734,667.3566524765815,102.65193706765432,79.42973924756961,36.70179641281047,77.06137043208494,51.49857106228857,,0
6,182,No,1.0,3,1,1,29,BrownChromis,48.320060825124365,No,,,,NRNL_nr,382.6537879316118,636.5755186142848,158.1047693984586,81.59590759933613,,110.66875667097648,57.075002364104726,,0
6,183,Yes,7.0,3,1,2,1,BrownChromis,33.212702760536494,Yes,2388.0,0.0,1.0,FR,551.2658657252383,695.6030610958863,117.21334192611484,68.05354259787757,1.75685528579737,150.63799538890837,40.49047011971888,1558.5729070674754,1
6,183,Yes,7.0,3,1,2,2,BrownChromis,38.38089314733968,Yes,2390.0,2.0,1.0,FR,471.5476553352232,560.6269951173996,93.42917762930244,73.22006795811545,0.0,133.79983228753997,44.87284654385951,2253.670863665667,1
6,183,Yes,7.0,3,1,2,3,BrownChromis,42.2286034803197,Yes,2401.0,13.0,8.0,SRNL,669.3821727247198,765.70996717109,71.14468856238607,71.76385757012149,,19.82596438936067,88.5430935488215,2485.585840241502,1
6,183,Yes,7.0,3,1,2,4,BrownChromis,40.720347509118426,Yes,2397.0,9.0,4.0,SRNL,799.04322813497,823.7107451283978,77.92921876142898,78.179659707921,,145.8713521183435,78.57830742808711,2605.8289283209406,1
6,183,Yes,7.0,3,1,2,5,BrownChromis,48.694576975324104,Yes,2401.0,13.0,8.0,SRNL,669.1597939460489,1077.8390729708665,75.71863095099081,81.92096098856085,,36.817074823556545,88.09594211073096,2412.970657079799,1
6,183,Yes,7.0,3,1,2,6,BrownChromis,36.58220537777123,Yes,2399.0,11.0,6.0,SRNL,492.5767762614014,957.9307265499592,103.88695097080443,88.03970733944695,,123.9318975779734,74.90621039159709,1905.228946096448,1
6,183,Yes,7.0,3,1,2,7,BrownChromis,42.13234246641923,Yes,2401.0,13.0,8.0,SRNL,526.0122611663762,1238.8113757137987,77.85403044320003,75.51559820192952,,41.662889673103294,59.79197418513835,1891.424015548252,1
6,183,Yes,7.0,3,1,2,8,BrownChromis,47.83315069283696,Yes,2402.0,14.0,9.0,SRNL,242.1263773201847,1169.9159093681674,81.38811076408388,92.41779711194144,,59.404999736351435,68.68682729395246,1310.1404634510648,1
6,183,Yes,7.0,3,1,2,9,BrownChromis,44.55835857988422,Yes,2398.0,10.0,5.0,SRNL,766.0739779597885,1121.379761239324,82.83700437821142,74.92695738693988,,73.19375159218927,72.91706211165165,2783.792607713446,1
6,183,Yes,7.0,3,1,2,10,BrownChromis,45.030179831227514,Yes,2395.0,7.0,3.0,SRTC,641.8513075939217,816.7503820602853,97.80690942898433,75.40770601932473,,92.77399011273606,56.18765944077126,,1
6,183,Yes,7.0,3,1,2,11,BrownChromis,68.55728086886764,Yes,2400.0,12.0,7.0,SRNL,680.6786385994793,1634.0574151856267,57.35601734028379,72.38428654277858,,81.95465950550589,75.46649550008584,1717.7652771582727,1
6,183,Yes,7.0,3,1,2,12,BrownChromis,68.92809361970262,Yes,2410.0,22.0,12.0,SRNL,876.1493458900105,1986.3818082366297,44.249182010140714,56.81670672587896,,101.7919739950518,82.68298465984361,934.6604102970376,1
6,183,Yes,7.0,3,1,2,13,BrownChromis,40.33855457248907,Yes,2398.0,10.0,5.0,SRNL,1004.2002474797234,1505.2309014685122,54.590493890295555,63.949921543697435,,99.4760394233543,86.22329408666593,2252.9685627393437,1
6,183,Yes,7.0,3,1,2,14,BrownChromis,50.52662727751879,Yes,2400.0,12.0,7.0,SRNL,1004.096212668737,1850.2651042159912,42.96134070107676,62.187918663621325,,95.01220025365456,89.78625533822395,1338.938357682998,1
6,183,Yes,7.0,3,1,2,15,BrownChromis,39.73488059993469,Yes,2405.0,17.0,10.0,SRNL,993.1916094781388,1421.233124635652,52.344713461601806,66.13163549034287,,16.924605814945824,94.34757893132154,2734.8681001427585,1
6,183,Yes,7.0,3,1,2,16,BrownChromis,,Yes,2398.0,10.0,5.0,SRUD,,,0.0,0.0,0.0,,,,0
6,183,Yes,7.0,3,1,2,17,BrownChromis,28.18020177546249,Yes,2416.0,28.0,14.0,SRNL,127.20801725254472,1639.074723471506,152.88366698885068,118.50624123116958,,83.09079418269441,59.961771893175595,706.1303849200054,1
6,183,Yes,7.0,3,1,2,18,BrownChromis,28.489728567361677,Yes,2406.0,18.0,11.0,SRNL,269.17822899480143,1579.0554610375762,118.5981880352745,106.8273557535348,,127.21355923415696,61.565145315117576,560.2214606884206,1
6,183,Yes,7.0,3,1,2,19,BicolorDamselfish,87.09981311173296,Yes,2414.0,26.0,13.0,SRNL,99.30670900850568,1507.1296828110533,113.56930216051478,87.91313763507117,,93.28941258507156,56.66039996829832,362.5642672047283,1
6,183,Yes,7.0,3,1,2,20,BicolorDamselfish,35.39175551655719,No,,39.0,16.0,NRL_r,6.753660054728934,1735.5627544804584,30.37297743182531,53.65410179955743,53.65410179955743,54.90058024740946,32.543304844090855,,0
6,183,Yes,7.0,3,1,2,21,BicolorDamselfish,33.927829928166126,Yes,2426.0,38.0,15.0,SRL,6.9028374740709095,1559.3096200633474,58.46879755103892,73.47266941261923,31.200388267982493,94.24850366482998,42.47839931749342,424.35817272007387,1
6,183,Yes,7.0,3,1,2,22,BrownChromis,24.371944684633934,No,,39.0,16.0,NRL_r,39.150777538871765,2023.2265048039033,34.73026535444388,63.8566740202395,63.8566740202395,70.87512648380917,54.84981564595169,,0
6,183,Yes,7.0,3,1,2,23,Basslet,90.44850047216292,No,,39.0,16.0,NRNL_r,237.36433302643425,1600.3223732376516,50.62080371878059,78.02200825036796,,95.11879134198097,70.44073647033541,,0
6,183,Yes,7.0,3,1,2,24,BrownChromis,58.83930366623475,Yes,2401.0,13.0,8.0,SRTC,233.35559836879975,881.8950076793027,124.49663178133623,83.04285720399295,36.9246986225297,87.71089896172784,51.674181907847945,32460.487810329803,1
6,183,Yes,7.0,3,1,2,25,BrownChromis,49.35520994836887,Yes,2393.0,5.0,2.0,SRL,332.9690235894352,789.1833060661874,166.51419546711597,90.32695284026768,18.496201480568093,131.3560031941505,47.38652055025005,1819.9991948473364,1
6,183,Yes,7.0,3,1,2,26,BrownChromis,44.374305088192344,Yes,2393.0,5.0,2.0,SRL,363.064771479452,848.8906653138454,164.39912398156702,75.58533275718614,12.197942359047932,151.74461775061457,37.90886300851933,535.5755794485974,1
6,183,Yes,7.0,3,1,2,27,BicolorDamselfish,35.6621797231859,No,,39.0,16.0,NRL_r,35.36735949748578,1290.4900330468188,64.92566034091406,79.40552182337275,64.37927496795065,122.53443518712922,43.72826419299987,,0
6,184,No,4.0,3,1,3,1,BrownChromis,49.50345043124695,No,,,,NRNL_nr,985.9642320614872,1494.8719574522802,97.19316708536718,93.90469255509248,,63.29955965678932,73.9592848336716,,0
6,184,No,4.0,3,1,3,2,BrownChromis,47.29667260402968,No,,,,NRNL_nr,740.3406776551254,1926.8632111077477,84.82421515243142,99.1573706648226,,42.738741083100166,76.77765856465108,,0
6,184,No,4.0,3,1,3,3,BrownChromis,,No,,,,NRUD,,,0.0,0.0,0.0,,,,0
6,184,No,4.0,3,1,3,4,BrownChromis,46.822032705652965,No,,,,NRNL_nr,712.722172677269,1790.2921735027364,86.18174879142232,99.8740154501552,,62.03983144907514,68.54533674710194,,0
6,184,No,4.0,3,1,3,5,BrownChromis,56.1239568722452,No,,,,NRNL_nr,1155.7314359799473,1671.2671200772493,59.752353593650895,65.75710806482071,,131.2044988394194,84.39534897250665,,0
6,184,No,4.0,3,1,3,6,BrownChromis,51.13560853607146,No,,,,NRNL_nr,865.3978682722524,913.3883294017968,77.8201269731738,80.61665056428424,,78.09598694327636,91.80982435396636,,0
6,184,No,4.0,3,1,3,7,BrownChromis,47.245470565158854,No,,,,NRNL_nr,623.4008086795466,694.2486160101231,68.43983757302465,78.21986441274554,,54.64950179620282,70.06109118384825,,0
6,184,No,4.0,3,1,3,8,BrownChromis,30.72645604639587,No,,,,NRNL_nr,250.27818856931304,1506.4212830192685,131.82736369544307,114.65941550577634,,59.12097335095768,57.56852145732717,,0
6,184,No,4.0,3,1,3,9,BrownChromis,35.67474418367644,No,,,,NRL_nr,528.0532232658601,1061.5555977972658,81.60916349477932,93.0674070170454,84.4925320943985,99.11053863988866,42.16436735468575,,0
6,184,No,4.0,3,1,3,10,Basslet,58.433245656211845,No,,,,NRNL_nr,275.8962827130224,1926.0724768203447,94.65338038802815,97.07512729377564,,44.40040455835409,64.88904494432705,,0
6,184,No,4.0,3,1,3,11,Basslet,102.92948355236042,No,,,,NRNL_nr,596.7983843137613,1997.7676989420577,64.57354341139941,80.76913107279886,,89.05923213232266,76.32422710686791,,0
6,184,No,4.0,3,1,3,12,BicolorDamselfish,35.41235792166349,No,,,,NRL_nr,381.19857413455975,1553.0630388079987,129.63499505195054,113.52815241604492,63.763364227059746,153.02660258355374,53.07741462103097,,0
6,184,No,4.0,3,1,3,13,BrownChromis,30.246696320231415,No,,,,NRNL_nr,263.14357568575844,1712.1630764196425,143.59515316612425,114.66563139747797,,145.4842959810817,61.619275033015654,,0
6,184,No,4.0,3,1,3,14,BrownChromis,37.662354831237515,No,,,,NRNL_nr,517.9600196496002,1952.9507083604965,97.91260937775375,116.09330511624508,,138.4881248376952,72.72752969731651,,0
6,184,No,4.0,3,1,3,15,BrownChromis,21.96281343909389,No,,,,NRL_nr,294.8764362865452,1860.3917505293332,261.8219668565907,120.718702331581,61.45754509570606,166.09265571325687,54.62820091981077,,0
6,184,No,4.0,3,1,3,16,BrownChromis,46.44630503650628,No,,,,NRNL_nr,1221.5838118507415,2244.552212108412,28.663161749908085,52.42364984618153,,120.00657316675448,89.13825980531206,,0
6,184,No,4.0,3,1,3,17,BrownChromis,27.157704682628673,No,,,,NRL_nr,232.4788698106268,1810.9955418411864,146.1265607310174,95.93128808644384,95.93128808644384,85.46416953890456,49.25853842846047,,0
6,184,No,4.0,3,1,3,18,BrownChromis,44.55366667034011,No,,,,NRL_nr,590.1338961149802,1305.5335443498998,97.33092362821976,96.15703026254204,30.32931747013433,13.43485849080944,51.89784969631157,,0
6,184,No,4.0,3,1,3,19,BicolorDamselfish,29.4605111058399,No,,,,NRL_nr,152.214541518203,1727.0313568865977,92.9951994372068,83.80499009757986,83.80499009757986,80.08792683550831,43.29502249573513,,0
6,184,No,4.0,3,1,3,20,BrownChromis,57.68965399565922,No,,,,NRL_nr,782.7262342788516,808.210928930451,106.66344750669028,90.8950809428179,8.848548950242616,45.67065429011956,52.561940435732865,,0
6,184,No,4.0,3,1,3,21,BicolorDamselfish,33.19855862099132,No,,,,NRL_nr,9.293921044207172,1596.0249033299624,85.17739004065453,88.05674795670002,29.21816666889279,26.339008266587076,47.018589281433904,,0
6,184,No,4.0,3,1,3,22,BrownChromis,49.42298210919812,No,,,,NRNL_nr,819.0705827392542,1361.772090060374,103.70994958160458,107.14247224630424,,47.16114152859398,65.96161272131903,,0
6,184,No,4.0,3,1,3,23,BrownChromis,49.1807427435123,No,,,,NRNL_nr,1037.5356170115506,1004.5043035159346,86.46897007735785,96.06844056963932,,73.40352788651514,78.86164386620112,,0
6,184,No,4.0,3,1,3,24,BrownChromis,53.942705219691504,No,,,,NRNL_nr,695.7087928781896,1127.127176559765,106.58076317893672,90.38833164978472,,65.05636940920549,83.41612845802734,,0
6,184,No,4.0,3,1,3,25,BrownChromis,50.72349877830761,No,,,,NRNL_nr,884.8416827344042,918.9180539290584,104.58850839744952,100.6376840859314,,81.96006143308537,80.2399999807192,,0
6,184,No,4.0,3,1,3,26,BrownChromis,42.04326635973238,No,,,,NRNL_nr,741.0935823790113,1624.8105403567909,116.2296921728762,109.04634283156597,,59.389217033559945,78.09069681327935,,0
6,184,No,4.0,3,1,3,27,BrownChromis,44.77014552923264,No,,,,NRNL_nr,694.6216683550234,1601.6153307338889,96.92458681940788,107.91362098474448,,152.3006666379924,81.52440084756493,,0
6,184,No,4.0,3,1,3,28,BrownChromis,48.892226027372146,No,,,,NRNL_nr,638.9097843242738,1233.44775093451,132.3931740794577,120.9108511926287,,150.47774339825463,75.98157889107038,,0
6,184,No,4.0,3,1,3,29,BrownChromis,53.22645720756796,No,,,,NRNL_nr,507.9078836439247,1384.4695896839376,138.05720077719647,110.5411302723337,,75.36584109828397,71.12695089090211,,0
6,184,No,4.0,3,1,3,30,BrownChromis,52.80573803269145,No,,,,NRL_nr,696.3187219586489,1685.4444917832632,69.24190920464248,89.05736902959673,84.53750295328864,116.87351204268846,52.57944707964763,,0
6,184,No,4.0,3,1,3,31,BicolorDamselfish,40.37799113680215,No,,,,NRNL_nr,356.3320438937834,1828.6033170474109,253.94102920856747,114.69928628028056,,50.49106733934707,55.82234366021939,,0
6,184,No,4.0,3,1,3,32,BrownChromis,53.02623985183369,No,,,,NRL_nr,656.5442144955014,870.703987135076,101.86948781150768,85.78759102024587,27.304188748504107,51.78726426763321,43.65521278163621,,0
6,184,No,4.0,3,1,3,33,BrownChromis,48.109721919877956,No,,,,NRNL_nr,899.5220775096509,981.2621789069824,93.31958566871828,101.83941955320134,,42.40045580977427,59.42733309860667,,0
6,186,Yes,6.0,3,1,4,1,Basslet,96.65444865032158,No,,1.0,2.0,NRNL_r,226.972494323915,1215.228431565194,86.52599118559519,102.31629540120956,,156.34916291912774,72.6074367288665,,0
6,186,Yes,6.0,3,1,4,2,BrownChromis,32.67279185774362,No,,1.0,2.0,NRNL_r,223.11038413048408,1387.9888704388995,663.5059511216307,157.86000173084523,,117.24923086529554,60.073152231240904,,0
6,186,Yes,6.0,3,1,4,3,Basslet,102.2717712114523,No,,1.0,2.0,NRL_r,156.25974844298383,789.6068174004768,91.13774090845924,92.36391828417776,60.499401652245744,90.71826507546643,47.43989539201951,,0
6,186,Yes,6.0,3,1,4,4,BrownChromis,46.42808431450614,No,,1.0,2.0,NRNL_r,490.8109735349192,904.0501739163008,264.1346991136478,155.19222503143484,,12.327320199354052,69.02730301126897,,0
6,186,Yes,6.0,3,1,4,5,BrownChromis,39.21172603246099,No,,1.0,2.0,NRNL_r,432.83123853307006,978.8475154705684,186.59349097641729,147.51104787649405,,133.2860358849686,73.17456466534779,,0
6,186,Yes,6.0,3,1,4,6,BrownChromis,54.12413523072113,No,,1.0,2.0,NRNL_r,551.3772542221669,1278.7206757180504,1516.5144040818805,173.74591268809965,,89.25665011767435,68.59310533273486,,0
6,186,Yes,6.0,3,1,4,7,BrownChromis,54.93676396009102,No,,1.0,2.0,NRNL_r,710.0800671785111,1189.245865666334,271.3709358933325,164.97583144243416,,135.40248955509767,73.6294648452265,,0
6,186,Yes,6.0,3,1,4,8,BrownChromis,44.2839243704616,No,,1.0,2.0,NRNL_r,527.6852661757121,1301.973497479929,199.4369287351935,148.02561929818052,,124.83345337714889,60.96621772181288,,0
6,186,Yes,6.0,3,1,4,9,BicolorDamselfish,34.34743972209604,No,,1.0,2.0,NRNL_r,384.3260874514837,1443.401675271098,220.4131976301692,135.71470859410192,,137.40730985053762,66.75970878148654,,0
6,186,Yes,6.0,3,1,4,10,BrownChromis,39.95454717854929,No,,1.0,2.0,NRNL_r,387.0399232212857,857.3590105518712,212.35848500263987,139.56612954965922,,124.80559052041014,61.28162234677622,,0
6,186,Yes,6.0,3,1,4,11,BrownChromis,75.83413879965714,No,,1.0,2.0,NRNL_r,603.8151305007314,1147.9679026797344,166.26506026684228,128.49187506168832,,62.79029643326803,58.82774093009506,,0
6,186,Yes,6.0,3,1,4,12,BrownChromis,40.77364125055961,No,,1.0,2.0,NRNL_r,573.8929153655351,1053.213968881678,268.58551706897464,170.26850659432554,,146.22042701382597,69.30466700943332,,0
6,186,Yes,6.0,3,1,4,13,BrownChromis,36.1569431771685,No,,1.0,2.0,NRNL_r,376.2640346372033,1727.7858689289646,75.04866187249566,101.2286893493138,,134.89011360492466,60.36804466595741,,0
6,186,Yes,6.0,3,1,4,14,BrownChromis,25.964075562500536,No,,1.0,2.0,NRNL_r,278.68371605418025,1483.0868346109382,281.0808401141816,145.32719518011987,,146.96766700178932,62.653659579261614,,0
6,186,Yes,6.0,3,1,4,15,BrownChromis,25.39079368592113,No,,1.0,2.0,NRNL_r,184.6050207041683,1397.7374454608926,627.3069208076244,144.10477704913782,,158.7415902357654,60.29769442063471,,0
6,186,Yes,6.0,3,1,4,16,BicolorDamselfish,103.08763603345488,No,,1.0,2.0,NRL_r,1271.96329768008,3127.2076550509146,5.276284012450165,30.37906692614912,22.767198691755276,48.7325903711951,48.656653021946504,,0
6,186,Yes,6.0,3,1,4,17,BrownChromis,49.724700105168296,No,,1.0,2.0,NRNL_r,857.5989414441116,873.3105966088827,133.3634540588865,125.40096343498516,,117.67199064602262,75.41862692074024,,0
6,186,Yes,6.0,3,1,4,18,BrownChromis,39.31176111425171,No,,1.0,2.0,NRNL_r,511.6284155886637,652.1501682869904,87.98499372620621,116.6281082587534,,152.93478124979714,78.70471222762589,,0
6,186,Yes,6.0,3,1,4,19,BrownChromis,53.46135313080458,No,,1.0,2.0,NRNL_r,894.5966982289506,851.2597894621337,130.99721941777457,103.45804989148508,,73.18325601729319,86.19150157382478,,0
6,186,Yes,6.0,3,1,4,20,BrownChromis,31.0085654654699,Yes,2390.0,0.0,1.0,FR,311.782614908459,731.9364155213045,160.18506639418987,113.49209062833748,99.2476886819938,61.444255009009495,44.943100052489605,1013.4224299295032,1
6,186,Yes,6.0,3,1,4,21,BrownChromis,50.07075267100695,No,,1.0,2.0,NRNL_r,664.4134625711033,738.289711369481,144.3425793168957,134.6879797190094,,150.1131919077575,67.26520082858178,,0
6,186,Yes,6.0,3,1,4,22,BrownChromis,45.111526784188754,No,,1.0,2.0,NRNL_r,771.30118018514,1037.311938524749,173.89454588524794,122.85751911858604,,83.38051181266975,84.74065978488065,,0
6,186,Yes,6.0,3,1,4,23,BrownChromis,39.30301173529942,No,,1.0,2.0,NRNL_r,954.9698666578304,1472.8288245517983,56.60453861816469,71.64483139796197,,85.77466770715448,90.14629959707172,,0
6,186,Yes,6.0,3,1,4,24,BrownChromis,53.97865279971164,No,,1.0,2.0,NRNL_r,769.5491793754976,1186.13132963802,185.87688711534452,123.79714319092557,,123.94286594107147,81.7145763469771,,0
6,186,Yes,6.0,3,1,4,25,Parrotfish,217.48270853980847,No,,1.0,2.0,NRNL_r,1639.0226499801934,3453.6239010205545,5.007263854750455,29.754517824870895,,113.58924116830369,73.13618022115314,,0
6,186,Yes,6.0,3,1,4,26,Parrotfish,155.9334215487796,No,,1.0,2.0,NRL_r,71.77928562269412,1749.7129353317437,13.236394579540868,37.59065834541669,0.0,178.19182068601998,29.335529801659696,,0
6,186,Yes,6.0,3,1,4,27,BrownChromis,36.17824888905518,No,,1.0,2.0,NRNL_r,562.288291633301,1252.6903130720143,1541.9191206187213,205.7798010770795,,18.15529239216171,68.83189597002175,,0
6,186,Yes,6.0,3,1,4,28,SurgeonFish,,No,,1.0,2.0,NRUD,,,0.0,0.0,0.0,,,,0
6,186,Yes,6.0,3,1,4,29,BrownChromis,40.624086560918656,No,,1.0,2.0,NRL_r,53.73458459167598,1597.059154999663,86.97079286963624,92.65822139514242,76.06891291240659,98.12751225640254,52.41549655921371,,0
6,186,Yes,6.0,3,1,4,30,BrownChromis,58.765463881818725,No,,1.0,2.0,NRL_r,247.38434663341667,1028.0550938236152,92.87464192371417,91.92153415761958,21.756493572064983,16.78582193370796,41.239162032819245,,0
6,186,Yes,6.0,3,1,4,31,BrownChromis,,No,,1.0,2.0,NRUD,,,0.0,0.0,0.0,,,,0
6,187,Yes,4.0,3,1,5,1,Doctorfish,118.10826555865816,No,,21.0,3.0,NRNL_r,957.4809693418912,1551.8054989398177,69.29517031594393,76.19211758001684,,138.52439805080195,91.0746897569788,,0
6,187,Yes,4.0,3,1,5,2,BrownChromis,22.675448694519755,No,,21.0,3.0,NRNL_r,379.4532738732917,1887.6964672975737,192.56248598063837,95.31160555829224,,67.22711789486432,59.2673710121408,,0
6,187,Yes,4.0,3,1,5,3,BrownChromis,26.93395448807226,No,,21.0,3.0,NRNL_r,347.41397053612485,1785.0368632962068,241.63107093085725,101.85434491812414,,77.53943666757425,57.55718498831823,,0
6,187,Yes,4.0,3,1,5,4,BrownChromis,41.23355007793135,No,,21.0,3.0,NRNL_r,692.1008670005317,1691.8940788109317,94.3259345417376,93.4784659587668,,81.27907426290392,67.41585058488387,,0
6,187,Yes,4.0,3,1,5,5,BrownChromis,28.35367979041164,No,,21.0,3.0,NRNL_r,551.2406418536106,2240.415700740919,44.299718712040566,53.91449508141008,,31.327521485057215,69.16519787951711,,0
6,187,Yes,4.0,3,1,5,6,BrownChromis,26.179324285254605,No,,21.0,3.0,NRNL_r,534.1681496690393,2188.8167328940744,34.39960733505941,59.01323346451779,,52.894149534471225,71.7091323861824,,0
6,187,Yes,4.0,3,1,5,7,BrownChromis,27.150599056462255,No,,21.0,3.0,NRNL_r,470.58654948857225,1857.912542446145,131.52670049517445,90.08674680020616,,19.88928182369083,65.85579262577615,,0
6,187,Yes,4.0,3,1,5,8,BrownChromis,,No,,21.0,3.0,NRTC,1157.0800957004446,1828.2705015682996,38.423836431004815,76.52313045846829,,,95.75798311494503,,0
6,187,Yes,4.0,3,1,5,9,BrownChromis,25.85616101728172,No,,21.0,3.0,NRNL_r,248.9798217490546,1613.0390609609628,257.92882382161366,107.83387958994936,,85.22700245931226,59.00238526478672,,0
6,187,Yes,4.0,3,1,5,10,Basslet,94.66133370892048,No,,21.0,3.0,NRNL_r,261.5541864808347,1235.940464732217,48.304559635945104,82.7779239664695,,88.43479263546091,74.83000978963233,,0
6,187,Yes,4.0,3,1,5,11,Basslet,69.19671428553683,No,,21.0,3.0,NRNL_r,374.8791276122207,1168.1613804949875,83.90293468709032,103.32701662697896,,9.797424648446126,64.61144693032286,,0
6,187,Yes,4.0,3,1,5,12,Basslet,103.6969122107916,No,,21.0,3.0,NRL_r,24.594938678980363,1387.3919341793944,51.6424898961267,70.74551256852514,68.55027070380417,65.04985130946226,43.78278046592536,,0
6,187,Yes,4.0,3,1,5,13,BicolorDamselfish,16.776314362952075,No,,21.0,3.0,NRL_r,75.9346394394204,1703.228291880498,95.7473986896342,80.70758493853289,13.683218702635257,41.81025041953996,48.722872212156446,,0
6,187,Yes,4.0,3,1,5,14,BrownChromis,53.35818428048874,No,,21.0,3.0,NRNL_r,790.9713397128936,576.3231866057529,102.8343278873657,100.1913557005767,,85.54264849694748,61.852165519966704,,0
6,187,Yes,4.0,3,1,5,15,BrownChromis,52.71891743260585,No,,21.0,3.0,NRNL_r,946.3583306011428,1771.0806435734585,81.28659296055211,71.76719556742823,,128.43758319443322,80.50969942435819,,0
6,187,Yes,4.0,3,1,5,16,BrownChromis,60.39676018199703,No,,21.0,3.0,NRNL_r,691.0328015554811,1754.992182592962,103.28717946400154,84.69337029457662,,53.94089658678961,74.10548693327742,,0
6,187,Yes,4.0,3,1,5,17,BrownChromis,40.973673671286235,Yes,2392.0,20.0,2.0,SRL,505.6349401750087,562.537628906669,85.96007531907708,96.61180828107292,53.54494042710215,96.13684606763474,24.67112927490805,988.7791154356878,1
6,187,Yes,4.0,3,1,5,18,BrownChromis,59.70273959430855,No,,21.0,3.0,NRNL_r,765.7361920430477,931.8521689042358,66.93058534722466,86.45810857906397,,82.52734246139828,57.189228427694786,,0
6,187,Yes,4.0,3,1,5,19,BrownChromis,33.54025409133196,No,,21.0,3.0,NRNL_r,614.9113510252757,1035.1290720656964,87.73446400129905,108.82070997205132,,34.43618961835198,65.91776720486311,,0
6,187,Yes,4.0,3,1,5,20,BrownChromis,,No,,21.0,3.0,NRTC,861.5051579898554,677.8467037723941,107.35600404719982,100.57549842146403,,,96.17732415878464,,0
6,187,Yes,4.0,3,1,5,21,BrownChromis,59.53785238025976,No,,21.0,3.0,NRNL_r,1030.959846996689,679.7175339743891,95.06706652698512,88.9719212117219,,125.08654922828022,96.78071450171656,,0
6,187,Yes,4.0,3,1,5,22,BrownChromis,65.73805425923129,Yes,2372.0,0.0,1.0,FR,764.809680759159,539.6718203350158,85.00268421841247,83.84384996058728,69.92175261796856,67.28493479523262,29.947106055980836,544.2961945844069,1
6,187,Yes,4.0,3,1,5,23,BrownChromis,54.60455995349244,No,,21.0,3.0,NRL_r,830.8680062090374,785.2457690061757,49.88106958729912,70.23886064492018,57.8007404215639,102.57279128424028,20.28833801557513,,0
6,187,Yes,4.0,3,1,5,24,BrownChromis,53.14747893561053,No,,21.0,3.0,NRL_r,705.7970590672311,407.6303432084461,97.4627646930374,99.56397944458296,30.61922388577461,141.11710271992166,51.49157129357638,,0
6,187,Yes,4.0,3,1,5,25,BrownChromis,53.61538499577075,No,,21.0,3.0,NRL_r,464.24363447226904,797.4691649328472,62.64684584519244,84.51713400018201,77.30230538925325,71.55504713706767,19.67770114216688,,0
6,187,Yes,4.0,3,1,5,26,BrownChromis,43.31717615616841,No,,21.0,3.0,NRNL_r,771.4763468630532,858.1901095042605,107.68627648292455,105.62368363438044,,46.26206888038677,87.24698231176414,,0
6,187,Yes,4.0,3,1,5,27,BrownChromis,45.623528533906104,No,,21.0,3.0,NRNL_r,984.1107586278266,850.0051147391957,105.26318600306232,95.32963775280584,,24.273731395647985,87.19109058709934,,0
6,187,Yes,4.0,3,1,5,28,BrownChromis,72.17880874175749,No,,21.0,3.0,NRNL_r,971.031334621782,950.6265363179735,102.74144382113838,94.06699143118074,,69.03203382698644,93.93016168311392,,0
6,187,Yes,4.0,3,1,5,29,BrownChromis,45.1888264346517,No,,21.0,3.0,NRNL_r,933.1516105931912,1501.419975378583,91.71922780842692,100.4289402134243,,49.20470403303339,84.77175910154189,,0
6,187,Yes,4.0,3,1,5,30,BrownChromis,32.457095234577054,No,,21.0,3.0,NRNL_r,466.2941116407573,1504.205788456805,130.25438614019575,107.43422563662764,,53.35056655308285,61.587225060732074,,0
6,187,Yes,4.0,3,1,5,31,BicolorDamselfish,30.4102005773966,No,,21.0,3.0,NRNL_r,300.7923803037194,1673.6830501825686,392.0470938762021,112.17844382487486,,104.92644852550788,60.66915050591634,,0
6,187,Yes,4.0,3,1,5,32,BicolorDamselfish,41.45981972998729,No,,21.0,3.0,NRL_r,174.51526814904037,1807.6823029137192,134.51551566236805,80.88591370766346,35.20158451357647,26.720324315530117,53.210518336761616,,0
6,187,Yes,4.0,3,1,5,33,BrownChromis,,No,,21.0,3.0,NRUD,,,0.0,0.0,0.0,,,,0
6,187,Yes,4.0,3,1,5,34,BrownChromis,,No,,21.0,3.0,NRUD,,,0.0,0.0,0.0,,,,0
6,187,Yes,4.0,3,1,5,35,BrownChromis,,No,,21.0,3.0,NRUD,,,0.0,0.0,0.0,,,,0
6,188,No,1.0,3,1,6,1,BrownChromis,67.1797004246196,No,,,,NRNL_nr,946.9853953380951,1697.5964877586664,41.77384072638848,62.36753232533261,,65.43428093729806,91.97313888375366,,0
6,188,No,1.0,3,1,6,2,BrownChromis,48.58765416417076,No,,,,NRNL_nr,713.4844689012353,1528.6980252989315,60.34476861744436,73.18850078501697,,50.37987126762068,83.63267833012203,,0
6,188,No,1.0,3,1,6,3,BrownChromis,51.3270375196596,No,,,,NRL_nr,285.1572856688118,622.4118077626918,144.90342681008838,128.7955112734982,58.85568139769373,3.618370144858599,45.75564608541093,,0
6,188,No,1.0,3,1,6,4,BrownChromis,58.19753999527044,No,,,,NRNL_nr,277.3877110502151,1140.2257755157798,105.6562046298466,99.23743629871169,,59.594066684585854,67.70885099039461,,0
6,188,No,1.0,3,1,6,5,BrownChromis,43.182787040058194,No,,,,NRL_nr,244.23395653443143,714.4116239588884,124.23638934285889,100.3495949748742,40.03005593966005,123.74840298011958,40.11919353677606,,0
6,188,No,1.0,3,1,6,6,BrownChromis,47.099083421046366,No,,,,NRL_nr,241.94272791983252,1041.8239621525329,43.751394871284994,69.61294053111018,65.65172891495406,96.61105960590938,22.6128407642814,,0
6,188,No,1.0,3,1,6,7,Basslet,102.5590271688087,No,,,,NRNL_nr,306.5065300502686,1422.6918726265465,56.046399401999096,75.81954506829884,,94.71622391329272,76.61738603965652,,0
6,188,No,1.0,3,1,6,8,BrownChromis,48.69131582726709,No,,,,NRNL_nr,146.4860269570488,1971.0793240187256,31.25211066715452,51.49351157678738,,50.44968410265317,62.36717904196535,,0
6,188,No,1.0,3,1,6,9,BrownChromis,54.43273216608765,No,,,,NRNL_nr,276.3164687973988,1376.1399982031387,100.71748082782396,94.37526388103524,,87.42663285379291,65.9583104591612,,0
6,188,No,1.0,3,1,6,10,BicolorDamselfish,26.61906701460235,No,,,,NRL_nr,94.5287752473852,1719.7351133836105,83.67785102645252,69.54049856319806,63.474506402171095,139.41730736229172,53.63675996043567,,0
6,188,No,1.0,3,1,6,11,Basslet,63.825895257444,No,,,,NRL_nr,28.646162662950942,865.6532043697689,83.98394833743608,95.99962998527629,70.96598715732011,59.38540099940682,52.490537649632785,,0
6,188,No,1.0,3,1,6,12,BrownChromis,51.30634719893611,No,,,,NRL_nr,307.5803112870549,817.0551910031538,82.08362059719555,96.27503632225746,85.22450130379191,89.24901970990494,34.0531988603863,,0
6,188,No,1.0,3,1,6,13,BrownChromis,68.17495553193814,No,,,,NRL_nr,365.8504644138806,514.0495577255018,182.2152166047817,118.64908669276149,35.84349144081265,118.50653839770024,54.27265956094177,,0
6,188,No,1.0,3,1,6,14,BrownChromis,51.30855854119624,No,,,,NRNL_nr,397.8638902017846,909.7968026377042,137.68151352899295,117.36474454300864,,45.26714779689694,62.60533586617012,,0
6,188,No,1.0,3,1,6,15,BrownChromis,43.57507609445266,No,,,,NRNL_nr,586.4949217845608,913.6264239583325,145.79469586188304,113.86692839360602,,37.64510959282766,71.68210905849028,,0
6,188,No,1.0,3,1,6,16,BrownChromis,58.18964369099268,No,,,,NRL_nr,517.8605255677859,359.29274866463703,146.07424212904112,107.03288426731685,23.13511259612576,129.81951445056774,54.037262631704166,,0
6,188,No,1.0,3,1,6,17,BrownChromis,50.36654689751852,No,,,,NRL_nr,573.8073605410826,399.4642399071403,101.06230771919704,96.53103291072124,72.49463095849428,70.40813190362522,33.600724073391554,,0
6,188,No,1.0,3,1,6,18,BrownChromis,54.6741592328359,No,,,,NRL_nr,437.0423376950102,565.0530397729584,99.25858684444076,91.46297819013768,87.09063875536928,138.147816249624,43.11579838034094,,0
6,188,No,1.0,3,1,6,19,BrownChromis,39.84171295092972,No,,,,NRNL_nr,503.0700675697197,444.89382145135954,90.55180846516237,83.95321639164983,,95.2189304359922,70.0056473508241,,0
6,188,No,1.0,3,1,6,20,BrownChromis,46.13452512720245,No,,,,NRNL_nr,450.7408087676314,670.3057725613312,92.3076662326722,96.8917424386288,,106.06168161089003,77.25699314940027,,0
6,188,No,1.0,3,1,6,21,BrownChromis,50.13705673190593,No,,,,NRNL_nr,595.6324625573698,1019.9435773866128,142.54518004916468,99.5620917685922,,31.422125369731,77.92379574772178,,0
6,188,No,1.0,3,1,6,22,BrownChromis,37.42787298954225,No,,,,NRNL_nr,785.0776482765015,1338.2706748581124,63.18569098920081,70.22037087216128,,29.54519302439079,92.6109144231984,,0
6,188,No,1.0,3,1,6,23,BrownChromis,50.10304105606615,No,,,,NRL_nr,432.7767616904655,810.597412449017,115.397944385013,107.87692929864424,44.01281151358361,26.60116821614621,52.74693514072817,,0
6,188,No,1.0,3,1,6,24,BicolorDamselfish,42.56462237730826,No,,,,NRNL_nr,186.08418916332047,1415.409492919693,95.41274117190724,86.89310496726883,,58.466509692278834,58.102471414181295,,0
6,188,No,1.0,3,1,6,25,BicolorDamselfish,36.648915335334344,No,,,,NRL_nr,161.08273469365193,1599.0806339578885,89.34793845472662,71.63386978017331,71.02283219461263,97.01346459374504,51.44091932570937,,0
6,188,No,1.0,3,1,6,26,BrownChromis,,No,,,,NRTC,896.4873914716665,843.3938331207569,85.03322540145871,80.15751868490233,,,95.6931614698563,,0
6,188,No,1.0,3,1,6,27,BrownChromis,46.140012847200865,No,,,,NRNL_nr,802.184860889128,809.2706467225182,88.66634294356392,69.16830738176502,,106.63248911296644,98.00751495315087,,0
6,189,Yes,7.0,3,1,7,1,Basslet,168.31668890318824,No,,123.0,8.0,NRNL_r,199.8520559758127,1537.4808044153658,29.07038521951081,61.55538665802946,,105.3746564867492,69.38387718307015,,0
6,189,Yes,7.0,3,1,7,2,Basslet,72.3772730986768,No,,123.0,8.0,NRL_r,89.52996839212918,961.4571179265826,24.015438653885077,61.283873580884794,16.665331774907308,1.17076528217838,47.04250554695093,,0
6,189,Yes,7.0,3,1,7,3,BrownChromis,44.76598866071288,No,,123.0,8.0,NRL_r,469.7005579502662,945.6998993754188,104.34087858557872,104.43109098775902,45.97503373786929,14.241681679316644,54.19638321036605,,0
6,189,Yes,7.0,3,1,7,4,BrownChromis,44.380167203741394,Yes,2405.0,15.0,4.0,SRNL,911.633841407256,695.5811829814419,49.046330642535594,81.112849415799,,132.7752661591974,55.24311928674127,1495.4747444993163,1
6,189,Yes,7.0,3,1,7,5,BrownChromis,,Yes,2408.0,18.0,5.0,SRUD,,,0.0,0.0,0.0,,,,0
6,189,Yes,7.0,3,1,7,6,BrownChromis,30.220463004068712,Yes,2412.0,22.0,6.0,SRNL,680.3945407463451,1407.5522026834751,65.83250969834063,78.1093206876509,,75.05334856319054,77.40420048297881,319.2387832742384,1
6,189,Yes,7.0,3,1,7,7,BrownChromis,25.35913401741846,No,,123.0,8.0,NRNL_r,697.4287088291964,2025.6828502590267,29.37596085551597,64.16045462415848,,50.39122413576084,79.1972521947382,,0
6,189,Yes,7.0,3,1,7,8,BicolorDamselfish,35.48371598916258,No,,123.0,8.0,NRNL_r,163.80399100506511,1926.682906606647,68.86571961069032,68.0029433991072,,59.64734786441504,56.16293708379925,,0
6,189,Yes,7.0,3,1,7,9,BicolorDamselfish,33.987955096641514,No,,123.0,8.0,NRL_r,205.92496258600065,1663.0290142891893,53.372996262083255,74.02755271933549,68.80271249709023,74.63400612957464,54.66600200787223,,0
6,189,Yes,7.0,3,1,7,10,BrownChromis,26.127164272818323,No,,123.0,8.0,NRNL_r,727.0866081859434,1363.8793687354437,64.5786148500388,84.48038490258098,,33.46423380832761,60.40378632045014,,0
6,189,Yes,7.0,3,1,7,11,BrownChromis,20.610654334667963,No,,123.0,8.0,NRNL_r,74.93023190451454,1903.177255561131,73.77783970954862,74.549037048375,,40.278585226396466,59.57854048092884,,0
6,189,Yes,7.0,3,1,7,12,BrownChromis,49.20160688979065,Yes,2390.0,0.0,1.0,FR,955.5748138622704,850.8391718882308,56.40060759483797,86.57769822026526,75.06715937789592,50.11682088785068,25.815831312447617,2646.729199553015,1
6,189,Yes,7.0,3,1,7,13,BrownChromis,50.53239239734248,Yes,2393.0,3.0,1.0,FR,927.9927189871872,1195.46498941243,27.721431807884013,62.02431227152235,62.02431227152235,48.14024823709026,14.41275291562478,1368.1248495956213,1
6,189,Yes,7.0,3,1,7,14,BrownChromis,59.3257554828453,Yes,2393.0,3.0,1.0,FR,755.0686883079421,779.8138455695164,65.19095387332574,85.94764021658699,65.22211236986001,16.97170259762102,12.11876012165025,1925.6214674688272,1
6,189,Yes,7.0,3,1,7,15,BrownChromis,42.3374043543083,No,,123.0,8.0,NRNL_r,979.5970383704652,1709.1250847880915,44.43490418797731,63.58961322626645,,7.21918196308472,77.81062778599569,,0
6,189,Yes,7.0,3,1,7,16,BrownChromis,73.86123393948182,No,,123.0,8.0,NRNL_r,1012.8091127542992,1425.1429939304824,51.12553703699053,70.14513809158561,,37.20589403949694,74.99134876166323,,0
6,189,Yes,7.0,3,1,7,17,BrownChromis,44.234544968630864,No,,123.0,8.0,NRNL_r,911.5317326340244,1441.118523410894,55.89524055157544,70.7529900087605,,51.38307750261112,89.96017541481201,,0
6,189,Yes,7.0,3,1,7,18,BrownChromis,48.97731565630585,No,,123.0,8.0,NRNL_r,863.1430064743395,1591.6037839786125,49.75359555817301,68.27830539991794,,73.12810382756605,91.8590180260312,,0
6,189,Yes,7.0,3,1,7,19,BrownChromis,52.41562838267329,Yes,2404.0,14.0,3.0,SRNL,1012.1374038015688,741.5987169813512,34.28324428593329,62.24175193674728,,68.18830866253907,91.9430283223976,963.9488216017868,1
6,189,Yes,7.0,3,1,7,20,BrownChromis,77.7542130108689,No,,123.0,8.0,NRNL_r,1139.0410955085183,2279.102680184362,23.508144346906025,41.32979165212802,,99.081026736891,87.35437505440557,,0
6,189,Yes,7.0,3,1,7,21,BrownChromis,60.66358388204602,No,,123.0,8.0,NRNL_r,1044.2004791816842,1883.030072980598,41.44263542947034,55.49973970698138,,100.53224633448988,89.74606947426793,,0
6,189,Yes,7.0,3,1,7,22,BrownChromis,34.56810705483119,No,,123.0,8.0,NRNL_r,567.5864839939926,1505.3441002511306,65.37747621721913,78.61564692194747,,28.363200607275857,64.63988835168664,,0
6,189,Yes,7.0,3,1,7,23,BrownChromis,48.853085336979404,Yes,2422.0,32.0,7.0,SRL,470.6926463619842,448.73987801730954,41.28864864507396,66.6870174349245,6.90494922537279,81.70337699996071,44.013769240251094,359.621136834931,1
6,189,Yes,7.0,3,1,7,24,BrownChromis,53.18533981820467,Yes,2403.0,13.0,2.0,SRL,446.1122847803728,503.2645372191845,52.322165277178165,76.9437730091295,37.26305798972342,28.80008859430163,33.59099222117334,962.284863413504,1
6,189,Yes,7.0,3,1,7,25,BrownChromis,51.93599950641078,Yes,2392.0,2.0,1.0,FR,683.3415435573535,830.7510895767713,68.04765903158274,96.37727562070415,39.87844568917082,1.2118867710350951,34.01753986948556,1535.2489706945878,1
6,189,Yes,7.0,3,1,7,26,BrownChromis,42.515888832900515,No,,123.0,8.0,NRL_r,517.6535414638652,1082.3324098004564,51.37599972855771,74.77942102503276,53.954962744552354,31.45567326076912,19.00455197351944,,0
6,189,Yes,7.0,3,1,7,27,BrownChromis,51.03564191079988,No,,123.0,8.0,NRL_r,463.50653369417654,1168.5503416219983,66.84269809848844,87.58660964940618,56.340817181903816,52.44607756239039,37.84161866067177,,0
6,189,Yes,7.0,3,1,7,28,BrownChromis,48.049565935032696,No,,123.0,8.0,NRL_r,704.198785169622,1294.650979428476,54.55025782755177,75.87925029280075,57.15785723766486,48.699011500323266,41.05489312038853,,0
6,189,Yes,7.0,3,1,7,29,BrownChromis,,No,,123.0,8.0,NRUD,,,0.0,0.0,0.0,,,,0
6,189,Yes,7.0,3,1,7,30,BrownChromis,,No,,123.0,8.0,NRUD,,,0.0,0.0,0.0,,,,0
6,189,Yes,7.0,3,1,7,31,GoatFish,134.43075406139408,No,,123.0,8.0,NRNL_r,1125.0920276172524,1223.9522662133097,9.078506385080594,35.19943004041198,,108.44522826711612,68.9718957081637,,0
6,189,Yes,7.0,3,1,7,32,BrownChromis,58.965869778624565,No,2512.0,123.0,8.0,SRNL,615.9046199437239,972.9748935805789,97.1176252135052,95.83396982553543,,85.86415897596304,63.33952997280726,604.3781126486015,1
6,190,No,0.5,3,1,8,1,BrownChromis,37.76373840548408,No,,,,NRNL_nr,536.3616661399482,1204.2382570816224,99.02859275257576,88.79893266718501,,43.921638431249136,83.04905883635638,,0
6,190,No,0.5,3,1,8,2,BrownChromis,34.02940958619383,No,,,,NRNL_nr,666.763194750399,2282.7429878168377,122.75337130354173,107.525815093772,,31.503669206063993,73.07246557189488,,0
6,190,No,0.5,3,1,8,3,BrownChromis,46.507423529037695,No,,,,NRNL_nr,328.01830387480356,1446.9042078274142,120.28929195528576,108.99179763847576,,78.16368081470809,65.94532771030379,,0
6,190,No,0.5,3,1,8,4,BrownChromis,46.72073025212296,No,,,,NRL_nr,471.50799971277667,1543.8363229007389,76.0462513703193,79.15605383438148,22.89971471394704,33.64288084934092,47.11745569033412,,0
6,190,No,0.5,3,1,8,5,BrownChromis,38.30077331639785,No,,,,NRNL_nr,472.9368007639625,1597.6974682262005,106.97567783637574,95.94561319754268,,30.83355903832658,56.28007297474857,,0
6,190,No,0.5,3,1,8,6,BrownChromis,30.606674371908618,No,,,,NRNL_nr,433.0862290090661,2290.919570170965,103.05841251101832,91.37498260332286,,119.665116008662,55.335084461190725,,0
6,190,No,0.5,3,1,8,7,BrownChromis,52.63665243026105,No,,,,NRNL_nr,636.3505026867994,2368.5519651018376,91.48974200166872,81.88839114797841,,70.52239514209785,60.007107062106215,,0
6,190,No,0.5,3,1,8,8,BrownChromis,61.05697117686292,No,,,,NRNL_nr,1005.2162443247618,1796.4984819560736,56.666314609139135,75.58856126536953,,120.0372768696564,92.48410854869395,,0
6,190,No,0.5,3,1,8,9,BrownChromis,41.229332564278174,No,,,,NRNL_nr,559.0878875406647,2148.557759287103,153.6772004736577,123.99054954448916,,45.95349540224902,70.42218935462928,,0
6,190,No,0.5,3,1,8,10,BrownChromis,40.66018837270675,No,,,,NRNL_nr,555.370072045408,2323.3314984576373,123.78927825657544,112.26148806987916,,160.4583422993732,67.0626838692794,,0
6,190,No,0.5,3,1,8,11,BrownChromis,43.38829575296865,No,,,,NRNL_nr,885.418034773739,2511.568282990109,73.61733774111981,81.37216793206893,,25.120691911955465,69.47637508537872,,0
6,190,No,0.5,3,1,8,12,BrownChromis,30.890005895693008,No,,,,NRNL_nr,865.9957667421536,1863.3178476170383,135.57121758627005,114.9961015620176,,97.73075156555826,79.48480182303878,,0
6,190,No,0.5,3,1,8,13,BrownChromis,57.345186579929056,No,,,,NRNL_nr,314.1117744594673,1258.2977271724226,104.7037791350458,99.86979326596024,,50.5016857614834,76.47158000477177,,0
6,190,No,0.5,3,1,8,14,BrownChromis,44.26610910123692,No,,,,NRNL_nr,530.8209570298785,1140.3881951402084,82.0925846114013,85.8717769415056,,19.325098207575287,69.16256434505307,,0
6,190,No,0.5,3,1,8,15,BrownChromis,44.707205291951325,No,,,,NRNL_nr,954.7078022862104,2225.770725452046,73.89207024794155,80.34629416856475,,34.10701469916785,81.89872846876044,,0
6,190,No,0.5,3,1,8,16,BrownChromis,47.64060320269128,No,,,,NRNL_nr,730.3851713756395,1841.361429688369,160.69255589098518,114.4346142243462,,131.99124864542708,78.10092753925984,,0
6,190,No,0.5,3,1,8,17,BrownChromis,49.53355699550187,No,,,,NRNL_nr,758.1889565032272,2096.627897083127,113.66961915181332,105.545629162485,,35.35985393578341,72.0807539156128,,0
6,190,No,0.5,3,1,8,18,BrownChromis,42.39920891064729,No,,,,NRNL_nr,633.8890895577999,1973.285457829547,99.73419763703392,104.75382508034367,,83.56189844876242,63.52201126102217,,0
6,190,No,0.5,3,1,8,19,BrownChromis,35.134462930525444,No,,,,NRNL_nr,550.9458297679314,1470.7928833928752,105.22560347510894,103.0917643759018,,101.35321708215658,79.82238010557009,,0
6,190,No,0.5,3,1,8,20,BicolorDamselfish,34.35415037182391,No,,,,NRL_nr,126.31716876490002,1485.9277722969512,168.5987803549631,113.92373898840576,71.22557000818443,94.81448445052426,51.249586192883065,,0
6,190,No,0.5,3,1,8,21,BrownChromis,18.46115954023548,No,,,,NRL_nr,271.4587000282168,2278.962875253899,85.75371469371075,79.34078890968611,70.28361270122244,84.73991370549426,54.47455724370016,,0
6,190,No,0.5,3,1,8,22,BrownChromis,56.19201540366505,No,,,,NRNL_nr,874.207736457157,1832.1240513540336,145.1950454367532,105.94805449716485,,69.63957487596541,82.79581578118996,,0
6,190,No,0.5,3,1,8,23,BrownChromis,,No,,,,NRUD,,,0.0,0.0,0.0,,,,0
6,190,No,0.5,3,1,8,24,BicolorDamselfish,28.886775210226144,No,,,,NRNL_nr,68.14957145576572,1886.46732571946,171.64391401740474,118.42296957350466,,2.355170582702081,58.1169572109504,,0
6,190,No,0.5,3,1,8,25,BicolorDamselfish,45.24419870188815,No,,,,NRL_nr,104.34437798295988,1608.4133577702275,173.5611375789681,112.52009776985324,42.42545588581924,104.5908512671676,52.99046335348015,,0
6,190,No,0.5,3,1,8,26,BrownChromis,27.49342348521637,No,,,,NRNL_nr,133.6832194552718,2075.75435256515,157.22495683140474,111.5862944350998,,30.00118762996762,59.97103691703582,,0
6,190,No,0.5,3,1,8,27,BrownChromis,34.398817374738634,No,,,,NRNL_nr,446.739602807831,1841.0978055287217,164.2355238647599,132.9909160598927,,46.57288134045009,68.68835436124071,,0
6,190,No,0.5,3,1,8,28,BrownChromis,29.164837219306857,No,,,,NRNL_nr,258.098914238597,1770.0604077594196,177.32554376640454,127.62098239931665,,48.96088116227463,64.0641271563884,,0
6,190,No,0.5,3,1,8,29,BrownChromis,20.393078226734435,No,,,,NRNL_nr,221.7210217769156,1998.4251420335024,197.2845245895383,119.86382301351868,,29.540815829451567,63.10377128686215,,0
6,190,No,0.5,3,1,8,30,BrownChromis,38.30223595320827,No,,,,NRNL_nr,953.6115564860212,2698.208098654104,55.8254311548014,77.12669512560001,,64.9733324756819,71.06229122261016,,0
6,190,No,0.5,3,1,8,31,BrownChromis,23.193484040885252,No,,,,NRL_nr,321.4830565438492,2006.1984193966025,132.51053568474526,107.51053812691195,42.76006173202351,20.794871441410383,54.1979691005531,,0
6,190,No,0.5,3,1,8,32,BrownChromis,81.37950696015932,No,,,,NRNL_nr,547.1692493949769,2552.313313097182,56.0590211311252,65.13068028253177,,104.63517959101452,55.58297084362513,,0
6,190,No,0.5,3,1,8,33,Basslet,96.68491805613792,No,,,,NRNL_nr,433.71314383739673,1336.781686131447,82.50508070749252,82.82828484916098,,72.8067159047637,82.98044170687034,,0
6,190,No,0.5,3,1,8,34,Basslet,68.91503147126733,No,,,,NRNL_nr,645.8025507795787,2155.7123177421436,54.535843449325455,82.17176172741117,,62.08091974089191,74.98474431042467,,0
6,190,No,0.5,3,1,8,35,BrownChromis,31.79818564778613,No,,,,NRL_nr,215.730065500401,1701.185399700783,58.3557233490281,76.64254650043691,76.64254650043691,100.26924125781152,38.76608363102105,,0
6,190,No,0.5,3,1,8,36,BrownChromis,17.963404592128843,No,,,,NRL_nr,171.7193137832148,1830.934537470424,152.5647446645685,117.10709536998836,45.545209641153974,25.026162164999835,52.76313762986661,,0
6,190,No,0.5,3,1,8,37,BrownChromis,44.24466679822984,No,,,,NRNL_nr,319.47363057437286,1061.4674557023916,67.80814419663798,81.0350921860534,,106.32925937772733,55.990384744245375,,0
6,191,Yes,5.0,3,1,9,1,BrownChromis,25.102322466095867,No,,1.0,2.0,NRL_r,105.12961899022088,1886.0155034621312,1104.0264028005083,136.0962257576986,21.61333183215463,139.6517845273192,45.78906739940061,,0
6,191,Yes,5.0,3,1,9,2,BrownChromis,39.526216322559776,No,,1.0,2.0,NRL_r,175.7662977664546,2170.5579513308076,118.76527318072849,93.14203696994406,74.16463148794966,114.2114947518871,54.48222031473391,,0
6,191,Yes,5.0,3,1,9,3,Basslet,99.0046416253344,No,,1.0,2.0,NRNL_r,515.175952042929,1690.5189174677007,134.81634521989733,120.19019480454732,,160.49221178155972,75.51787582605789,,0
6,191,Yes,5.0,3,1,9,4,Basslet,63.499744892926046,No,,1.0,2.0,NRNL_r,537.8402440626942,1834.8108281718496,124.24959372276292,140.26199463817318,,167.73485287332693,74.51005920866906,,0
6,191,Yes,5.0,3,1,9,5,BrownChromis,65.02479906379217,No,,1.0,2.0,NRNL_r,233.02653685217973,1712.055187726088,122.26438643650982,111.91266278022688,,131.94455508172393,57.06612068340451,,0
6,191,Yes,5.0,3,1,9,6,BrownChromis,72.89564249254597,No,,1.0,2.0,NRNL_r,537.2050908876575,699.3958277571817,72.45397385112332,92.31746690340216,,89.42096573816049,56.991996921970085,,0
6,191,Yes,5.0,3,1,9,7,Doctorfish,112.3376664038616,No,,1.0,2.0,NRNL_r,740.0875512978718,2037.8687444973252,87.5835076927588,90.59045556117624,,177.99970302386302,71.95943485643984,,0
6,191,Yes,5.0,3,1,9,8,BicolorDamselfish,28.10035289391207,No,,1.0,2.0,NRL_r,97.94989435460052,1982.3348906015915,147.38198869061677,103.97466399680174,72.75427023691198,98.24776487450572,51.254979479072816,,0
6,191,Yes,5.0,3,1,9,9,BrownChromis,43.68075852239313,Yes,2397.0,0.0,1.0,FR,289.5012270125933,620.1804563773737,32.641391591628015,67.71393526891339,7.031445155383393,38.77479352571471,39.3583448993302,1854.0759009795056,1
6,191,Yes,5.0,3,1,9,10,BrownChromis,58.21352215079237,No,,1.0,2.0,NRNL_r,756.2629438717571,1472.8185634493946,136.7750410905613,116.32726714954768,,16.489461221978676,88.11517905571291,,0
6,191,Yes,5.0,3,1,9,11,BrownChromis,55.81127834549155,No,,1.0,2.0,NRNL_r,630.2552953226547,790.684507638219,115.88108217045716,98.092794303868,,26.97859493107925,82.856671017104,,0
6,191,Yes,5.0,3,1,9,12,BrownChromis,55.58254492201636,No,,1.0,2.0,NRNL_r,879.5888503353491,1091.8808011316585,75.5878090047576,102.00426922903526,,121.22588808562968,90.81173257937203,,0
6,191,Yes,5.0,3,1,9,13,BrownChromis,67.64232086763401,No,,1.0,2.0,NRL_r,252.18880624690323,1494.0347243717572,79.17164416509264,67.33636098601157,67.33636098601157,77.02561482960304,16.269213301448712,,0
6,191,Yes,5.0,3,1,9,14,BrownChromis,48.81405468851329,No,,1.0,2.0,NRL_r,252.29779247446777,1367.3242182931622,81.05422382274534,84.04654584599774,54.03953279178828,73.03292917221486,16.917170187802995,,0
6,191,Yes,5.0,3,1,9,15,BrownChromis,39.82967536644345,No,,1.0,2.0,NRNL_r,554.8209987006817,729.0883906380564,122.98602748988398,106.84666041670508,,101.50382337164508,72.84807638259807,,0
6,191,Yes,5.0,3,1,9,16,BrownChromis,48.09929526193088,No,,1.0,2.0,NRNL_r,642.6486900841911,1018.1972132953156,66.93996010505259,92.96231970838107,,54.73606463438747,91.07384583166603,,0
6,191,Yes,5.0,3,1,9,17,BrownChromis,47.1162929800596,No,,1.0,2.0,NRNL_r,329.2717163575283,735.033047537057,73.01368845165725,94.115306227047,,139.67631954830478,62.56184150315122,,0
6,191,Yes,5.0,3,1,9,18,BrownChromis,46.8425012219841,No,,1.0,2.0,NRNL_r,904.7394224418122,1469.234853602467,128.49040347406256,107.06158773529336,,165.0991787344202,91.76303170285064,,0
6,191,Yes,5.0,3,1,9,19,BrownChromis,47.03105586578886,No,,1.0,2.0,NRNL_r,1076.9589102950997,1716.22370740656,60.336934143244854,89.92994355730117,,95.69914358483793,80.15007546112001,,0
6,191,Yes,5.0,3,1,9,20,BrownChromis,46.682001646679375,No,,1.0,2.0,NRNL_r,751.5082590313689,1669.5340499774975,111.53175636076344,114.303136149203,,60.98384853751258,75.0217651039484,,0
6,191,Yes,5.0,3,1,9,21,BrownChromis,40.30913258630012,No,,1.0,2.0,NRNL_r,1257.1710771423918,2222.604600242687,29.891330386574065,65.0804985978925,,31.186274782932376,90.88726951421664,,0
6,191,Yes,5.0,3,1,9,22,BrownChromis,33.00760043061866,No,,1.0,2.0,NRNL_r,806.3749908490624,1338.1525601276155,119.7009290241801,131.79897158909532,,62.93558703477916,79.16202875902934,,0
6,191,Yes,5.0,3,1,9,23,BrownChromis,45.84998506014776,No,,1.0,2.0,NRNL_r,744.8320570959198,1418.4829897348388,162.85324412037806,133.0992721272302,,152.78295329274331,81.88033595097984,,0
6,191,Yes,5.0,3,1,9,24,BrownChromis,42.73273878813292,No,,1.0,2.0,NRNL_r,589.3381573361281,1480.7872221593286,136.8615621579586,124.37298438174597,,73.58122179318973,79.72767919368187,,0
6,191,Yes,5.0,3,1,9,25,BrownChromis,42.338890878635986,No,,1.0,2.0,NRNL_r,611.3137665319296,1403.5362893869312,116.71089205530264,123.29577526524614,,88.32493366195541,65.65836040812728,,0
6,191,Yes,5.0,3,1,9,26,BrownChromis,49.73787436359085,No,,1.0,2.0,NRNL_r,568.4558334555828,1816.3815786709429,133.04129366924894,124.63020654321524,,167.57507908205866,64.45547584870651,,0
6,191,Yes,5.0,3,1,9,27,BrownChromis,35.36497743213554,No,,1.0,2.0,NRNL_r,463.96762188406103,1831.3685804031563,147.939099854907,138.97493714544154,,59.31808015685448,65.03039104654042,,0
6,191,Yes,5.0,3,1,9,28,BicolorDamselfish,40.80356558018549,No,,1.0,2.0,NRNL_r,443.07028879759866,1400.8868522485377,118.70853423532452,121.06827334088756,,130.05522352656752,59.81016042996358,,0
6,191,Yes,5.0,3,1,9,29,BrownChromis,23.85456352350921,No,,1.0,2.0,NRL_r,101.42342869936174,1916.5393759065903,1296.6881494040133,138.94321932650678,73.28226769721208,33.35415237701968,46.06329812743403,,0
6,191,Yes,5.0,3,1,9,30,BrownChromis,28.096622947684185,No,,1.0,2.0,NRL_r,324.25389391658354,2200.1133708669104,111.11463813450496,88.62512633154012,52.18473070330146,14.830392023868423,54.40338290006866,,0
6,191,Yes,5.0,3,1,9,31,BrownChromis,82.54250894651223,No,,1.0,2.0,NRNL_r,610.6312720301693,2216.5015774709523,65.9502061434941,98.82023725022964,,80.76006152957895,71.76221130784639,,0
6,191,Yes,5.0,3,1,9,32,BrownChromis,34.21787598137996,No,,1.0,2.0,NRL_r,473.6572000512356,2484.842381297975,64.08477368442288,71.89173279960389,71.89173279960389,40.97504151130197,53.873797410873664,,0
6,191,Yes,5.0,3,1,9,33,BicolorDamselfish,40.49393328111641,No,,1.0,2.0,NRL_r,204.04134713943523,1576.2055410968526,103.94553058114124,110.54534366099014,19.857647152198247,59.7339779863577,50.631928780302395,,0
6,191,Yes,5.0,3,1,9,34,BicolorDamselfish,37.12606470789501,No,,1.0,2.0,NRL_r,66.07436806464534,1759.1220972077842,96.170762242007,88.30380054670113,36.55566682509008,30.771957199799303,41.37189162547728,,0
6,191,Yes,5.0,3,1,9,35,BrownChromis,24.902944762403248,No,,1.0,2.0,NRNL_r,413.82658496488193,2311.668843246037,195.2870172239027,110.23257362877185,,143.1721931565339,62.53210456015396,,0
6,191,Yes,5.0,3,1,9,36,BrownChromis,35.06807585505488,No,,1.0,2.0,NRNL_r,428.97628996002226,2344.74304649981,221.27758932075608,98.19822623132268,,56.85094404394003,60.395206089124166,,0
6,192,No,2.0,3,1,10,1,BrownChromis,63.40117572317916,No,,,,NRNL_nr,814.9684143098103,2487.013021754292,41.6478847248351,62.67437399356693,,61.349047250878904,73.53227800977503,,0
6,192,No,2.0,3,1,10,2,BrownChromis,17.27028242204351,No,,,,NRL_nr,425.0956028558244,1847.8034761532112,121.54025093459964,89.80515229914855,23.13897096451605,34.221502075181725,47.76976661473115,,0
6,192,No,2.0,3,1,10,3,BrownChromis,,No,,,,NRUD,,,0.0,0.0,0.0,,,,0
6,192,No,2.0,3,1,10,4,BrownChromis,,No,,,,NRUD,,,0.0,0.0,0.0,,,,0
6,192,No,2.0,3,1,10,5,BrownChromis,,No,,,,NRUD,,,0.0,0.0,0.0,,,,0
6,192,No,2.0,3,1,10,6,BicolorDamselfish,36.52323762428127,No,,,,NRL_nr,109.12143133351536,1823.6712430488644,19.523883150476713,51.902247610873765,18.39581573029394,158.90453483406074,27.30045440118322,,0
6,192,No,2.0,3,1,10,7,Basslet,72.73286506765115,No,,,,NRNL_nr,284.6423086953018,863.808405759973,30.347518374944418,65.09741748075095,,129.060479862621,67.24552188891717,,0
6,192,No,2.0,3,1,10,8,Basslet,97.26271579611154,No,,,,NRL_nr,41.84402323937551,837.17673113163,22.523270699813533,53.68366051505098,4.349017123328742,12.370205289520866,51.88779651315677,,0
6,192,No,2.0,3,1,10,9,BrownChromis,42.18348559765936,No,,,,NRNL_nr,434.2447008216152,2204.3300680377865,63.76210762144595,80.86925604130373,,82.96494654280943,68.2107256146503,,0
6,192,No,2.0,3,1,10,10,BrownChromis,57.88801083280691,No,,,,NRNL_nr,484.8212355018254,1329.1310067544357,58.283970509478145,77.33839353013506,,72.45689278369213,61.58296568857498,,0
6,192,No,2.0,3,1,10,11,BrownChromis,23.040431902368397,No,,,,NRNL_nr,330.65877253824107,1923.5354894391444,63.57481529764849,84.73713225523257,,4.871043428974957,68.15199837354578,,0
6,192,No,2.0,3,1,10,12,BicolorDamselfish,32.47863160300527,No,,,,NRL_nr,139.757407776324,1569.35447328314,69.5930003767003,81.10674729768802,61.666362536636534,122.77063669892036,46.56451534981224,,0
6,192,No,2.0,3,1,10,13,BrownChromis,20.16341440559948,No,,,,NRL_nr,491.4974051882042,1947.6572528838335,158.8907504922852,93.83329348034896,54.79710740824565,26.998972706567184,53.34514754461366,,0
6,192,No,2.0,3,1,10,14,BrownChromis,44.5542495508479,No,,,,NRL_nr,801.7137887382081,1510.2506661317118,42.19852082046379,65.17051087912463,58.220962596999655,86.6747232792597,35.667756217406556,,0
6,192,No,2.0,3,1,10,15,BicolorDamselfish,42.22804164590526,No,,,,NRNL_nr,506.586551794755,2080.329626400875,109.91557453453296,101.03330816484429,,64.04916849022631,59.58908790373292,,0
6,192,No,2.0,3,1,10,16,BrownChromis,51.61849838343189,No,,,,NRL_nr,667.5483967017993,2181.517614458827,84.45990723715103,71.73108683415866,35.5059379325101,147.2977910256057,50.67673959252637,,0
6,192,No,2.0,3,1,10,17,BrownChromis,50.00152449343901,No,,,,NRNL_nr,779.7436311213671,2327.0528770755777,61.7444936610281,82.1350221166068,,90.41496142677994,67.73450415079489,,0
6,192,No,2.0,3,1,10,18,BrownChromis,64.15749465594595,No,,,,NRNL_nr,935.523912661274,1411.0208996745516,33.8997059971296,58.985427855193024,,98.82098778408591,93.23638511411554,,0
6,192,No,2.0,3,1,10,19,BrownChromis,43.8306518761025,No,,,,NRL_nr,998.6325212240312,1254.4670758633365,43.581630871034065,71.18544098244107,50.61251569051552,144.74795756615475,41.17803277968757,,0
6,192,No,2.0,3,1,10,20,BrownChromis,52.35789901404116,No,,,,NRL_nr,724.0023285285835,1106.1955019223246,53.51382142120289,68.00962097383102,32.795728522975025,122.73297263454366,22.66227098276135,,0
6,192,No,2.0,3,1,10,21,BrownChromis,53.33669895772331,No,,,,NRL_nr,762.0551073583378,879.4127616184438,54.22475285290192,70.88521414588791,47.37863595025205,59.86323711658922,28.020082012626087,,0
6,192,No,2.0,3,1,10,22,BrownChromis,56.93474639884943,No,,,,NRL_nr,1014.7289202617052,1879.1085574452056,9.392490027594262,34.103086464377,34.103086464377,36.744358987227336,26.053857220455008,,0
6,192,No,2.0,3,1,10,23,BrownChromis,49.89976795333944,No,,,,NRNL_nr,1219.7649871388976,2133.167082696097,29.438729430640375,55.9447365729622,,122.960466843376,90.38690387070342,,0
6,192,No,2.0,3,1,10,24,BrownChromis,63.31128254026676,No,,,,NRNL_nr,1201.9091698906082,1731.099288327733,43.76892107046229,64.67889077553214,,118.00002268451068,90.7181753004459,,0
6,192,No,2.0,3,1,10,25,BrownChromis,44.38217744801353,No,,,,NRNL_nr,1037.5316279215726,1802.9432505337556,55.46650789484423,74.8199408696493,,139.91522939166046,86.59167171880347,,0
6,192,No,2.0,3,1,10,26,BicolorDamselfish,29.2911534260188,No,,,,NRNL_nr,143.2337839882499,1962.8206819141176,71.46872572619404,84.22765229839654,,140.92800487747465,55.427294519661714,,0
6,192,No,2.0,3,1,10,27,BrownChromis,20.92310403805458,No,,,,NRL_nr,481.4687890346904,1707.8919438726994,148.1714147312392,101.91094387836483,62.260426177430006,128.14604697611475,54.1363729327436,,0
6,192,No,2.0,3,1,10,28,BrownChromis,36.96612810709959,No,,,,NRL_nr,334.4401591295426,1674.6501254611535,141.98445586717122,95.40040768934412,40.05064424713788,150.52822070655088,53.63900315535356,,0
6,192,No,2.0,3,1,10,29,BrownChromis,57.85538840574704,No,,,,NRNL_nr,750.3115864458688,2561.8371846842692,43.1096929479089,71.09011521078422,,108.46643032003573,60.533908132992295,,0
6,192,No,2.0,3,1,10,30,BrownChromis,48.47393669944688,No,,,,NRNL_nr,1020.8857167704318,1436.757686050423,39.98317693238139,68.92532329436365,,136.2652737472354,67.89206408815372,,0
6,192,No,2.0,3,1,10,31,BrownChromis,56.08825128573531,No,,,,NRL_nr,921.8586052327254,773.4152587772783,40.575132539228065,63.31338460875536,37.62328521399789,102.847491427361,51.127721824583894,,0
6,192,No,2.0,3,1,10,32,BrownChromis,48.3933059691439,No,,,,NRL_nr,860.276741108357,1294.169467156201,23.61458608872196,52.28600581563867,20.354607256659293,111.68263045670888,11.851034992205667,,0
6,192,No,2.0,3,1,10,33,BrownChromis,39.700238384504175,No,,,,NRNL_nr,542.9517926080729,2193.747916727809,77.42826447093636,90.07046767654946,,30.621593454396464,69.39266944021635,,0
6,192,No,2.0,3,1,10,34,BrownChromis,47.28931935783136,No,,,,NRNL_nr,891.5080597809044,2140.6420008885757,68.46346063777469,81.40490030278339,,48.7083141567117,62.96886499626454,,0
6,192,No,2.0,3,1,10,35,BrownChromis,44.48227375386853,No,,,,NRNL_nr,613.0874280433335,2078.862760692245,140.26240420316998,94.3066453014668,,51.27807153404208,56.37692398905553,,0
6,192,No,2.0,3,1,10,36,BrownChromis,48.11394109352738,No,,,,NRL_nr,746.6688134543052,1880.221561241608,77.76023917688008,80.6011970938069,56.92319769582517,53.5867933228857,52.292364918784315,,0
6,192,No,2.0,3,1,10,37,BrownChromis,42.64886569710579,No,,,,NRL_nr,1057.6408750603273,1201.4196147453104,30.24439784461185,56.31788106785441,27.379845245465095,119.00930494525656,22.986039908107006,,0
6,192,No,2.0,3,1,10,38,BrownChromis,50.4262736922029,No,,,,NRNL_nr,1071.5405158551089,879.5821369024624,28.991257362881637,59.81924634388197,,127.49659626674128,79.75016546606491,,0
6,192,No,2.0,3,1,10,39,BrownChromis,,No,,,,NRUD,,,0.0,0.0,0.0,,,,0
6,193,No,1.0,3,1,11,1,BrownChromis,55.068234364372,No,,,,NRL_nr,1098.4631788882518,1017.499782018768,16.332756388846736,38.83737987514749,38.83737987514749,126.56683079682954,44.8370621948616,,0
6,193,No,1.0,3,1,11,2,BrownChromis,,No,,,,NRUD,,,0.0,0.0,0.0,,,,0
6,193,No,1.0,3,1,11,3,BrownChromis,,No,,,,NRUD,,,0.0,0.0,0.0,,,,0
6,193,No,1.0,3,1,11,4,BicolorDamselfish,33.32293800263997,No,,,,NRL_nr,162.6924344928632,1074.930395362835,42.559393172289504,57.52058455597016,19.092095286713473,52.98144700711034,38.69037056671762,,0
6,193,No,1.0,3,1,11,5,BicolorDamselfish,22.039714405082226,No,,,,NRL_nr,46.36493723805768,1668.0536345274277,59.607330017269035,70.51312325908984,65.71913712748956,27.244621305180807,44.57550679938217,,0
6,193,No,1.0,3,1,11,6,Basslet,199.0766354724424,No,,,,NRL_nr,11.83775093286724,1717.6586590982638,30.806004575029036,41.430602311494255,26.00082786724769,30.19171038231256,35.23037401488996,,0
6,193,No,1.0,3,1,11,7,Basslet,54.02570056038506,No,,,,NRNL_nr,523.307083087796,1975.6113809226624,9.419722975371354,36.1747362388931,,92.603836266859,73.40418049762195,,0
6,193,No,1.0,3,1,11,8,Basslet,103.6477561214584,No,,,,NRL_nr,135.7351122173294,1035.876666347844,24.65932940202515,48.09154281002668,17.57677231714567,20.158303072210277,32.98636335169756,,0
6,193,No,1.0,3,1,11,9,BrownChromis,70.93860347320656,No,,,,NRNL_nr,1128.027082748874,1323.9880519551175,14.01776791750911,33.96992801868407,,85.11699850344543,90.48334090962392,,0
6,193,No,1.0,3,1,11,10,BrownChromis,68.45838157439489,No,,,,NRL_nr,1001.1705721904054,582.4479575488665,36.40127298106162,49.672461481846405,43.45539510107267,104.88928404156331,40.96655048463401,,0
6,193,No,1.0,3,1,11,11,BrownChromis,48.221940259044054,No,,,,NRL_nr,952.1896066140498,298.07562081200416,59.34822812690994,63.25371902389391,13.524461345253634,123.45242160791776,47.56734280070314,,0
6,193,No,1.0,3,1,11,12,BrownChromis,54.349208321272805,No,,,,NRNL_nr,1195.0627122857647,550.082932471696,43.75068697256201,59.4822802459578,,161.1374784772981,72.818855775591,,0
6,193,No,1.0,3,1,11,13,BrownChromis,40.55818670864559,No,,,,NRL_nr,749.1124283821623,253.839050998322,72.15550746025062,65.46152658118316,18.51138141823634,26.86811713581529,49.057773945146174,,0
6,193,No,1.0,3,1,11,14,BrownChromis,46.04262547401384,No,,,,NRNL_nr,756.4061207638949,576.6253506742254,65.72138831748,70.41954354948842,,9.676828269325966,57.24219436193192,,0
6,193,No,1.0,3,1,11,15,BrownChromis,42.148484505600464,No,,,,NRNL_nr,685.1138141477235,539.7921083316235,45.67709225218897,47.87676242817541,,53.00206869317419,86.87954472388726,,0
6,193,No,1.0,3,1,11,16,BrownChromis,46.28128993848944,No,,,,NRNL_nr,978.390964727447,358.7343673698363,70.06153595683884,65.25017772532479,,79.23473359334355,79.80209976276167,,0
6,193,No,1.0,3,1,11,17,BrownChromis,47.512090269056614,No,,,,NRNL_nr,759.8297678707636,815.8136784933145,29.677389093351778,41.44890766785878,,82.54766879586849,99.2416226544159,,0
6,193,No,1.0,3,1,11,18,BrownChromis,37.90223700052654,No,,,,NRL_nr,699.9615537790362,631.0999426519812,86.80619910775967,76.22226384487287,49.78872413836691,113.44670980489796,16.411588359159083,,0
6,193,No,1.0,3,1,11,19,BrownChromis,28.827957159337817,No,,,,NRL_nr,170.0461724258323,1900.6471586962537,23.308555195247617,50.46828881071846,50.46828881071846,82.04028881487547,52.34529471750939,,0
6,193,No,1.0,3,1,11,20,BrownChromis,46.99730640813866,No,,,,NRL_nr,658.6303872949208,703.4406746915473,134.6261240850529,71.31531850768324,39.22942504717404,136.7448511301842,28.52137802667038,,0
6,193,No,1.0,3,1,11,21,BrownChromis,27.639062940911145,No,,,,NRL_nr,491.3249472345316,1091.6197177123547,40.31045094890541,63.13880824008858,49.61301050717873,103.63220704040204,17.630658131808193,,0
6,193,No,1.0,3,1,11,22,BrownChromis,26.99213202983529,No,,,,NRL_nr,519.9227394805852,783.2702217514959,91.06252371672473,75.34735011325198,32.08645401186975,65.94273546229198,32.044942614180506,,0
6,193,No,1.0,3,1,11,23,BicolorDamselfish,33.80493638313587,No,,,,NRL_nr,81.45130621844521,1544.3268840038656,71.91775627336305,80.63572447873806,36.058182030024696,72.34076314096434,38.36199332474384,,0
6,194,Yes,4.0,3,1,12,1,BrownChromis,44.0806775391799,Yes,2428.0,53.0,9.0,SRL,559.0392344455688,536.0112772471606,162.25319468758494,100.34799869451804,48.420082197670865,19.718565224922106,30.131114424437005,502.9312127752129,1
6,194,Yes,4.0,3,1,12,2,Basslet,64.85523903976386,No,,54.0,10.0,NRNL_r,259.3764883554044,1849.654340544598,41.92458838269419,54.04622163950792,,136.73034240253554,63.52659873444108,,0
6,194,Yes,4.0,3,1,12,3,BrownChromis,47.851172631127326,Yes,2375.0,0.0,1.0,FR,635.7726180212544,383.9105612971362,145.44529395566843,94.21751865300828,23.59218663243895,96.63182548395152,27.65235517091328,941.3648023375682,1
6,194,Yes,4.0,3,1,12,4,BrownChromis,51.12794018433728,Yes,2414.0,39.0,8.0,SRNL,837.1843299273619,480.9610285321922,83.61856037609107,67.9724864217851,,155.6415198463915,66.43733276491851,259.01076285842913,1
6,194,Yes,4.0,3,1,12,5,BrownChromis,48.01597749664011,Yes,2408.0,33.0,7.0,SRNL,723.1886520597819,561.8909059030633,60.22259144158097,59.97692442694374,,38.483101311305326,77.04357332203047,483.51117633707617,1
6,194,Yes,4.0,3,1,12,6,BrownChromis,40.51285586859045,No,,54.0,10.0,NRNL_r,846.5612191556044,2067.4931374439716,32.82326140222413,45.42742049714241,,121.98440159155408,76.87955443798624,,0
6,194,Yes,4.0,3,1,12,7,BrownChromis,54.82091479932799,No,,54.0,10.0,NRNL_r,611.8980083771382,1879.127546924368,45.7756079931716,51.91597146626171,,150.75894339702378,72.59379858928585,,0
6,194,Yes,4.0,3,1,12,8,BrownChromis,36.83066833718082,No,,54.0,10.0,NRNL_r,790.1319471108405,1594.2854795947176,48.798082430448616,58.80002396274039,,64.88890849156525,69.82949233388446,,0
6,194,Yes,4.0,3,1,12,9,BrownChromis,45.12137923558998,No,,54.0,10.0,NRNL_r,752.6218894007735,1399.5851423877634,56.52325222664101,59.58426231429201,,95.61130327894136,76.02544318541935,,0
6,194,Yes,4.0,3,1,12,10,BrownChromis,46.141133708876296,Yes,2383.0,8.0,2.0,SRL,939.3972027568062,530.3083506725425,89.1643838137419,81.84803573247582,38.49503471620851,157.86635727900048,45.87421152243091,1644.375763486673,1
6,194,Yes,4.0,3,1,12,11,BrownChromis,53.5765207321269,No,,54.0,10.0,NRL_r,779.3612201710409,575.6320157852833,132.65789787357704,79.75776884843745,20.755491191222,151.10140686411245,16.01030410479784,,0
6,194,Yes,4.0,3,1,12,12,BrownChromis,29.67912883288138,No,,54.0,10.0,NRL_r,853.1428783392826,544.2402001581895,123.25976933960172,82.10789485062354,44.29571907647199,88.18925018418345,21.21803596577542,,0
6,194,Yes,4.0,3,1,12,13,BrownChromis,48.685224354104015,Yes,2387.0,12.0,3.0,SRL,777.7958300423892,623.8309577910213,72.94287244172587,62.99718529163188,11.608589628788012,125.44343648234536,27.33088088743652,884.4947201292836,1
6,194,Yes,4.0,3,1,12,14,Doctorfish,95.14320513791738,No,,54.0,10.0,NRL_r,273.56314615242275,1614.6289273601164,12.236785168923184,29.874792625090972,10.107887061055449,161.4210870137683,23.165761063452624,,0
6,194,Yes,4.0,3,1,12,15,BrownChromis,51.27485059466188,Yes,2391.0,16.0,5.0,SRL,842.1946707550826,934.7002786634552,50.01383335461483,64.86550093388895,38.72296948789458,151.90909546374235,35.71137255827678,495.0026142314931,1
6,194,Yes,4.0,3,1,12,16,BrownChromis,43.253325923859414,No,,54.0,10.0,NRL_r,537.8156615891588,676.5013571842682,114.1682718985788,84.25669399687081,56.50805420175932,50.66000619686718,23.685879177404352,,0
6,194,Yes,4.0,3,1,12,17,BrownChromis,54.32317174419991,No,,54.0,10.0,NRNL_r,1075.9807568213178,409.42679110428566,69.35555507036494,67.69714804376173,,172.29247617625123,59.881061886291945,,0
6,194,Yes,4.0,3,1,12,18,BrownChromis,49.57625069047417,Yes,2390.0,15.0,4.0,SRL,849.2825649441095,219.39465073028185,85.07448313004063,76.76522885157468,9.63298195810579,110.59854168877344,31.546496912820785,680.8154706829264,1
6,194,Yes,4.0,3,1,12,19,BrownChromis,44.94469575231811,Yes,2391.0,16.0,5.0,SRL,775.1175564531777,402.5595488376941,58.779838898082104,68.58572905556076,61.13938356078093,154.91414099275005,52.52872691009897,1979.111179205752,1
6,194,Yes,4.0,3,1,12,20,BicolorDamselfish,31.508306112002025,No,,54.0,10.0,NRL_r,171.72394481626552,2075.354989715769,15.057091929559892,37.19807704171351,31.0787489365612,65.06401517206814,37.55016089068798,,0
6,194,Yes,4.0,3,1,12,21,BicolorDamselfish,27.80606681845476,No,,54.0,10.0,NRNL_r,283.4881367693615,1681.7120786178764,67.65339849159885,61.68934162511473,,86.00192584858802,55.28454139890934,,0
6,194,Yes,4.0,3,1,12,22,BicolorDamselfish,30.687294740930515,No,,54.0,10.0,NRL_r,302.2837569832633,1073.907394147413,40.89832654470611,59.76460868740688,44.56449603116731,134.3415788397484,41.97492058479237,,0
6,194,Yes,4.0,3,1,12,23,BrownChromis,36.62761455178195,No,,54.0,10.0,NRNL_r,812.5525987139331,821.2839751328245,56.77148064381205,65.55264006203211,,138.05626137962466,63.30711622964694,,0
6,194,Yes,4.0,3,1,12,24,BrownChromis,18.961690189298633,No,,54.0,10.0,NRNL_r,584.6975423045905,1350.824992398064,61.28117835739818,66.51701713818574,,134.3050835463865,67.25206200099176,,0
6,194,Yes,4.0,3,1,12,25,BicolorDamselfish,37.21970476299514,No,,54.0,10.0,NRL_r,104.81453415288529,1666.688032183843,61.24634424006917,53.20818276322472,35.68513860841483,114.24199022176798,52.26054301894203,,0
6,194,Yes,4.0,3,1,12,26,BrownChromis,,Yes,2404.0,29.0,6.0,SRUD,,,0.0,0.0,0.0,,,,0
6,194,Yes,4.0,3,1,12,27,BrownChromis,,No,,54.0,10.0,NRUD,,,0.0,0.0,0.0,,,,0
6,195,Yes,8.0,3,1,13,1,BrownChromis,90.40579847043988,Yes,2381.0,0.0,1.0,FR,690.5939502365569,613.1744960425193,199.5130551176,103.35070739122908,23.54804138390626,126.20007195405222,18.685422470024665,882.3901387824943,1
6,195,Yes,8.0,3,1,13,2,BrownChromis,44.79823244689778,Yes,2382.0,1.0,1.0,FR,662.6609053446989,627.7424329091539,258.8443252887949,127.92544133176872,127.92544133176872,135.63925583303677,8.982812678540565,861.5664602709014,1
6,195,Yes,8.0,3,1,13,3,BrownChromis,48.43949741119525,Yes,2383.0,2.0,1.0,FR,685.6171453581346,368.3066018925234,111.88386208179044,91.88215623117593,0.0,45.61499622460829,41.99719324616995,1406.4005502539844,1
6,195,Yes,8.0,3,1,13,4,BrownChromis,39.49006488761996,Yes,2490.0,109.0,9.0,SRL,607.7781119905708,575.0596561222981,163.8660721068118,126.91242705029644,62.155298334315766,157.62667857572723,27.83718098596288,526.5148512538907,1
6,195,Yes,8.0,3,1,13,5,BrownChromis,72.17913213947887,Yes,2398.0,17.0,4.0,SRNL,975.666058986354,656.9377104084618,49.27237827757268,65.93265159399824,,80.8314082720089,94.90523126598502,621.3575509839867,1
6,195,Yes,8.0,3,1,13,6,BrownChromis,53.48572588822388,Yes,2383.0,2.0,1.0,FR,557.681532917427,482.13114464350787,139.2118007541691,101.02378090702712,56.653344050371416,126.53510681501,18.63772951433648,1246.6422707549873,1
6,195,Yes,8.0,3,1,13,7,BrownChromis,55.830004784445514,Yes,2397.0,16.0,3.0,SRNL,556.7075492093278,572.0039399159639,97.39088161207482,93.90326958648735,,142.5691934031804,70.67242680345767,297.34926483402955,1
6,195,Yes,8.0,3,1,13,8,Basslet,84.91160644103869,No,,110.0,10.0,NRNL_r,31.63448686074334,1303.2386597466932,50.549379682436296,69.25720385183921,,110.0589050429028,59.0368250814317,,0
6,195,Yes,8.0,3,1,13,9,BrownChromis,49.094021326265285,Yes,2390.0,9.0,2.0,SRL,499.3129786816348,488.1593596695112,123.17413750081911,109.20300461845804,48.252843914484544,115.89426231963957,46.583197753125155,1725.626346194774,1
6,195,Yes,8.0,3,1,13,10,BrownChromis,45.43812876301383,Yes,2415.0,34.0,6.0,SRNL,682.4459704096222,1367.056073548852,131.00013545762693,99.29541900814914,,108.60011202209272,76.55199415438166,231.47492596128393,1
6,195,Yes,8.0,3,1,13,11,BrownChromis,48.657162336607186,Yes,2418.0,37.0,7.0,SRNL,618.8879278575884,1407.8216896897677,135.3892116065977,98.3745398378266,,94.5098911580832,77.50145051716258,317.1650524063706,1
6,195,Yes,8.0,3,1,13,12,BrownChromis,45.08437297926027,No,,110.0,10.0,NRNL_r,790.0811527619827,1561.651947117623,57.258586910445786,76.20305790685697,,43.425051494222224,87.60124018780407,,0
6,195,Yes,8.0,3,1,13,13,BrownChromis,45.02808919770598,Yes,2401.0,20.0,5.0,SRNL,629.4282196903424,975.9891805813631,136.5031447436478,101.41692423016036,,148.17710054165957,67.37448378932633,593.8729492143005,1
6,195,Yes,8.0,3,1,13,14,BrownChromis,56.174203548006155,Yes,2421.0,40.0,8.0,SRNL,531.9348661138239,1109.5305134034377,137.0909008929344,102.1109503241035,,149.15380943386444,67.05689682217175,155.14419272377918,1
6,195,Yes,8.0,3,1,13,15,BrownChromis,40.29682641349511,Yes,2397.0,16.0,3.0,SRNL,447.91796908271175,899.6687447253872,78.7980276613965,95.84393731627186,,114.329109246443,73.71026404341121,368.7343718736672,1
6,195,Yes,8.0,3,1,13,16,Doctorfish,110.4693861972757,No,,110.0,10.0,NRNL_r,318.181698774936,2171.0755441445044,48.94609752440507,39.273372049739315,,44.5319530142988,56.73402528119634,,0
6,195,Yes,8.0,3,1,13,17,BrownChromis,56.3404070061208,Yes,2397.0,16.0,3.0,SRNL,495.36628180179594,1015.2667836108844,103.99927081661828,95.06838132233192,,68.69726768589256,55.08960980628894,597.6774549682575,1
6,195,Yes,8.0,3,1,13,18,BrownChromis,50.61990093082098,No,,110.0,10.0,NRNL_r,923.1622447430356,1153.1123045247184,42.750929333188054,69.95681345468668,,161.10572532666887,97.14146902798706,,0
6,195,Yes,8.0,3,1,13,19,BicolorDamselfish,37.65529672983387,No,,110.0,10.0,NRL_r,117.39498623268756,1688.58906881104,76.16191059534425,65.80564272890575,42.727670802704125,106.37214927874864,53.73832978437203,,0
6,195,Yes,8.0,3,1,13,20,BrownChromis,29.81170863819368,No,,110.0,10.0,NRL_r,71.29830568909618,1884.4425897701776,587.7278048526799,69.82289382561578,25.286092542116723,140.83388547813485,45.64551896367119,,0
6,195,Yes,8.0,3,1,13,21,BrownChromis,14.675835301255022,No,,110.0,10.0,NRL_r,72.26201951602717,1902.349698507905,4910.417937444785,89.26302425679977,48.41632558988945,149.0233280542783,47.146344798837475,,0
6,195,Yes,8.0,3,1,13,22,BrownChromis,18.64012215373481,No,,110.0,10.0,NRL_r,79.46004734724252,1902.3913860812631,4799.229894254273,114.23081454056548,48.3651562302033,85.42895394150366,47.45597066964263,,0
6,195,Yes,8.0,3,1,13,23,BrownChromis,25.727527668556647,No,,110.0,10.0,NRNL_r,546.0957539433243,1786.8943837781069,43.7898661680563,64.25398750651982,,147.81958562701826,63.737291918238014,,0
6,195,Yes,8.0,3,1,13,24,BrownChromis,12.882217262415834,No,,110.0,10.0,NRNL_r,46.756618275288126,2016.634134583944,63.198748917802035,62.66912852366558,,121.78102174076128,55.96969236370627,,0
6,195,Yes,8.0,3,1,13,25,BrownChromis,21.155609510782032,Yes,2397.0,16.0,3.0,SRNL,657.0682031825503,747.254319049281,110.5157119115921,104.49322364675947,,115.77209919028913,67.84447828225983,654.2954548711602,1
6,195,Yes,8.0,3,1,13,26,BrownChromis,38.185868414641725,No,,110.0,10.0,NRL_r,190.1133954777531,1422.6632126313586,34.11522538543205,56.11339963698627,56.11339963698627,125.49795924143328,31.34118029081898,,0
6,195,Yes,8.0,3,1,13,27,BrownChromis,37.080705555315134,No,,110.0,10.0,NRNL_r,707.4117847147302,1748.189049584564,47.07003597859214,66.56539032532697,,115.02656105026529,82.17039622174424,,0
6,195,Yes,8.0,3,1,13,28,BrownChromis,,Maybe,,110.0,1.0,NRUD,,,0.0,0.0,0.0,,,,0
6,195,Yes,8.0,3,1,13,29,BrownChromis,,Maybe,,110.0,1.0,NRUD,,,0.0,0.0,0.0,,,,0
6,195,Yes,8.0,3,1,13,30,BrownChromis,,Maybe,,110.0,1.0,NRUD,,,0.0,0.0,0.0,,,,0
6,195,Yes,8.0,3,1,13,31,BrownChromis,,No,,110.0,10.0,NRUD,,,0.0,0.0,0.0,,,,0
6,195,Yes,8.0,3,1,13,32,BrownChromis,,No,,110.0,10.0,NRUD,,,0.0,0.0,0.0,,,,0
6,195,Yes,8.0,3,1,13,33,BrownChromis,,No,,110.0,10.0,NRUD,,,0.0,0.0,0.0,,,,0
6,195,Yes,8.0,3,1,13,34,BrownChromis,,No,,110.0,10.0,NRUD,,,0.0,0.0,0.0,,,,0
6,196,No,2.0,3,1,14,1,BrownChromis,44.69267554942977,No,,,,NRL_nr,348.7862182632178,1576.4141971923336,26.87985875957329,47.60957077197413,43.832014898784266,63.32075645836967,13.377135482173632,,0
6,196,No,2.0,3,1,14,2,BrownChromis,,No,,,,NRUD,,,0.0,0.0,0.0,,,,0
6,196,No,2.0,3,1,14,3,BrownChromis,50.87699466895613,No,,,,NRNL_nr,225.1795967491361,1412.6335197262124,100.62028472586486,97.57670200735832,,62.32759058513509,60.48547534783357,,0
6,196,No,2.0,3,1,14,4,BrownChromis,56.10433572676736,No,,,,NRL_nr,283.99356149632615,1426.2157188360543,100.9142897238239,90.7852701717704,64.18198841368826,53.84065676766472,54.3443608965538,,0
6,196,No,2.0,3,1,14,5,Basslet,67.37511489756572,No,,,,NRL_nr,288.8194843714346,873.994489478872,51.93698706161138,78.10939367115313,6.602251673680053,74.07270599255148,54.43388742823736,,0
6,196,No,2.0,3,1,14,6,BrownChromis,148.8136766828668,No,,,,NRL_nr,16.17704167731673,1298.920676784517,53.08057505867328,64.67907375408318,32.07028459113549,77.01128159517043,54.63746013845152,,0
6,196,No,2.0,3,1,14,7,BrownChromis,,No,,,,NRUD,,,0.0,0.0,0.0,,,,0
6,196,No,2.0,3,1,14,8,BrownChromis,45.93432223693788,No,,,,NRL_nr,731.0539663787151,1152.9997747382774,699.3482212287378,53.9242854825446,30.78182873796147,86.48178332023285,8.57672637244967,,0
6,196,No,2.0,3,1,14,9,BrownChromis,57.41627722609809,No,,,,NRL_nr,705.3865453747852,1175.781315261217,700.5980644464821,111.15726836569496,111.15726836569496,129.08679314314276,7.240237078740145,,0
6,196,No,2.0,3,1,14,10,BrownChromis,49.01563263234106,No,,,,NRL_nr,764.0475324459251,693.1449361239645,33.32668009616242,58.87396719631526,32.95975620793561,78.48855092258029,39.19340609899361,,0
6,196,No,2.0,3,1,14,11,BrownChromis,49.119846224395225,No,,,,NRNL_nr,941.2372951316112,1271.3175878166828,51.67489826051164,52.273062356374425,,33.287090393924615,73.07334088233547,,0
6,196,No,2.0,3,1,14,12,BrownChromis,47.30705528091601,No,,,,NRNL_nr,1124.6413379445112,1020.1001336075224,30.63946920944795,51.15670213176592,,164.83080867875887,73.09217947925445,,0
6,196,No,2.0,3,1,14,13,BrownChromis,39.41388518486123,No,,,,NRL_nr,581.0871078867061,1156.0788653985132,56.144166921943665,67.81705465216719,13.428348068715318,33.450536923436495,12.367168602031134,,0
6,196,No,2.0,3,1,14,14,BrownChromis,50.8827600971055,No,,,,NRL_nr,533.414306341318,1303.1819994537082,58.6964217424578,69.6901150233204,28.862656225320393,35.497850433633026,21.563424203583025,,0
6,196,No,2.0,3,1,14,15,BrownChromis,48.303559311809494,No,,,,NRNL_nr,751.5127118670532,951.714635128226,35.84237813366635,54.86242092869996,,125.3450363239068,86.83517552375143,,0
6,196,No,2.0,3,1,14,16,BrownChromis,51.08179369005387,No,,,,NRNL_nr,977.749091982153,1548.5405134601754,37.79846531672177,47.83117601053595,,87.4277817332012,88.45915024260144,,0
6,196,No,2.0,3,1,14,17,BrownChromis,45.92404646173077,No,,,,NRL_nr,673.069050801251,1399.8893263314835,66.23432515330757,71.63673585705628,36.414033172784286,155.22631067768293,39.31232280144945,,0
6,196,No,2.0,3,1,14,18,BrownChromis,53.224569077923555,No,,,,NRL_nr,830.5525233514694,1315.4924721038008,55.94283034259819,65.72338174840446,50.48969156269472,99.05146474562264,35.992090534967595,,0
6,196,No,2.0,3,1,14,19,Doctorfish,,No,,,,NRUD,,,0.0,0.0,0.0,,,,0
6,196,No,2.0,3,1,14,20,BicolorDamselfish,37.76550697655039,No,,,,NRNL_nr,273.2158753859114,1631.7170445439167,70.64665229418279,81.20109796095954,,133.84122379070382,60.68563859200008,,0
6,196,No,2.0,3,1,14,21,BicolorDamselfish,33.01553035890423,No,,,,NRL_nr,494.6200994713153,1024.3589750950568,69.8968519660577,77.6793535827538,29.468682022930125,34.722721004102695,54.56239235299038,,0
6,196,No,2.0,3,1,14,22,BrownChromis,,No,,,,NRUD,,,0.0,0.0,0.0,,,,0
6,196,No,2.0,3,1,14,23,BrownChromis,45.210197899656094,No,,,,NRL_nr,738.1685604946747,1765.3564156616665,94.16131170810736,58.494959471139325,58.494959471139325,68.44413103281241,45.55394676115928,,0
6,196,No,2.0,3,1,14,24,BrownChromis,33.41202839905877,No,,,,NRL_nr,593.8177161311581,1720.3287541087832,88.95372092554241,77.34678886279461,57.191685250892235,124.68548202239,47.95510180562037,,0
6,196,No,2.0,3,1,14,25,BrownChromis,21.27250370598516,No,,,,NRNL_nr,761.8522977546904,2000.9595879302235,33.912822566373556,49.40764996278568,,88.92739797173707,64.41238116186238,,0
6,196,No,2.0,3,1,14,26,BrownChromis,24.27451861745481,No,,,,NRNL_nr,816.922489839384,1759.2704848406129,53.065178793237095,59.116263504833285,,105.15604276595872,58.35276202308738,,0
6,196,No,2.0,3,1,14,27,BrownChromis,41.07943887151826,No,,,,NRNL_nr,624.7171960518813,1361.5392734690586,70.6460293075321,60.14956369663302,,101.22773565401872,68.38605581049738,,0
6,196,No,2.0,3,1,14,28,BrownChromis,35.80631438118272,No,,,,NRNL_nr,1090.508414976971,1729.3810700733954,35.1685813375907,45.90820659713807,,88.41758178525508,83.58509408660238,,0
6,197,No,4.0,3,1,15,1,BicolorDamselfish,40.53959591285224,No,,,,NRL_nr,280.02220654034517,1606.3564294000753,125.4392846623889,103.72042647222072,39.790434428034686,116.06476324366903,54.264712084444795,,0
6,197,No,4.0,3,1,15,2,BrownChromis,22.283050748033403,No,,,,NRL_nr,264.20324259674993,1870.4411416392184,147.66102357047728,86.93953230168901,86.93953230168901,96.7740707123134,50.413199589404435,,0
6,197,No,4.0,3,1,15,3,BrownChromis,23.46325995661227,No,,,,NRL_nr,316.43959523006083,1937.095743150437,141.2378378348521,76.38011994118496,44.5309781208086,168.4758907090296,54.684522465760566,,0
6,197,No,4.0,3,1,15,4,BrownChromis,38.415410392928926,No,,,,NRNL_nr,1011.704120866184,1947.1859799551717,96.20762472789728,76.45441900544506,,26.37149851179924,77.95033273693416,,0
6,197,No,4.0,3,1,15,5,BrownChromis,51.87865480090357,No,,,,NRNL_nr,1046.8771753495407,1871.0283510036415,141.3692913405999,75.85918961131827,,115.102369835957,82.8600485585812,,0
6,197,No,4.0,3,1,15,6,BrownChromis,42.60071611077949,No,,,,NRNL_nr,1076.1883053846082,1926.9891703499204,179.29530056956116,92.18775879533486,,128.31442511313708,85.8987218046376,,0
6,197,No,4.0,3,1,15,7,BrownChromis,33.49861720513549,No,,,,NRNL_nr,410.4223443350548,1947.7204776931576,100.74587685186889,79.18643061251296,,146.9793288039518,60.20647365576405,,0
6,197,No,4.0,3,1,15,8,BrownChromis,57.63408105608718,No,,,,NRNL_nr,823.5675262606997,1027.0556298104034,66.67813512573244,65.44239661332874,,130.332514308016,65.77852655709593,,0
6,197,No,4.0,3,1,15,9,BrownChromis,36.03521713191398,No,,,,NRNL_nr,626.7563225559533,1007.1755150425086,89.46325698322578,71.62287820825648,,140.62937966823117,58.79723145858232,,0
6,197,No,4.0,3,1,15,10,BrownChromis,44.8219452794047,No,,,,NRL_nr,640.8110704566428,797.358772381883,34.22343574606152,43.19544317846322,0.0,164.65628162953743,43.266089801201566,,0
6,197,No,4.0,3,1,15,11,BicolorDamselfish,35.220143379627146,No,,,,NRNL_nr,427.545665614724,1195.8024410067146,64.15786087946276,75.86466457881738,,119.62148908098682,63.18782324188349,,0
6,197,No,4.0,3,1,15,12,BrownChromis,69.0300439739492,No,,,,NRL_nr,219.70094729629415,1727.3957357073086,161.3471426209838,89.84709138809993,76.29597926785063,84.72699688453999,51.08894241023214,,0
6,197,No,4.0,3,1,15,13,BrownChromis,48.36176099488141,No,,,,NRNL_nr,736.5141371221439,1741.092503256135,159.3657921361984,98.99532360851252,,135.94414053559652,59.77667791439403,,0
6,197,No,4.0,3,1,15,14,BrownChromis,44.21518150122121,No,,,,NRNL_nr,641.7624543740374,1583.216216456391,97.11122464170522,92.21413878031493,,125.63422691743745,66.9830695703974,,0
6,197,No,4.0,3,1,15,15,BrownChromis,53.9031607345174,No,,,,NRNL_nr,982.4173433814096,1127.1989048540474,39.862093661270734,47.61781988906404,,98.4302889398495,84.8944501177488,,0
6,197,No,4.0,3,1,15,16,BrownChromis,37.00986161626708,No,,,,NRNL_nr,865.1422608205042,1726.9231593904628,117.8977232087586,98.67108004241408,,26.881216145059856,61.49906746240158,,0
6,197,No,4.0,3,1,15,17,BrownChromis,51.84987327881531,No,,,,NRNL_nr,642.847864510947,1620.4812625076602,145.99254731091176,104.5587952077667,,62.19205508190396,59.18619528807873,,0
6,197,No,4.0,3,1,15,18,BrownChromis,50.35966875889401,No,,,,NRNL_nr,691.3116057979122,2109.1670112206125,77.13258758096737,71.55105871794737,,153.6615428779229,62.9876030456257,,0
6,197,No,4.0,3,1,15,19,BrownChromis,49.60567573436313,No,,,,NRNL_nr,1001.0575457205634,1875.05023931071,163.56547151285983,82.87591850726122,,163.66438265517183,85.52879650548206,,0
6,197,No,4.0,3,1,15,20,BrownChromis,43.79145333537424,No,,,,NRNL_nr,877.3710788516888,1649.5866523061566,89.03186765704112,71.34191881516354,,122.75763895051816,80.825026420285,,0
6,197,No,4.0,3,1,15,21,BrownChromis,40.57429918168841,No,,,,NRNL_nr,377.89951129010785,1446.3402664479777,54.00499489160797,71.22248731063316,,127.75054921858084,71.57423912833474,,0
6,197,No,4.0,3,1,15,22,BrownChromis,65.91565117015143,No,,,,NRNL_nr,751.1573869549344,2203.4376898910123,44.05059116713669,52.436173671626406,,100.16140980646732,73.75589309235957,,0
6,197,No,4.0,3,1,15,23,BrownChromis,44.44427186494118,No,,,,NRNL_nr,955.0200166340968,2260.6487172199086,53.403809684860406,62.26153112786161,,45.59405541651175,65.27711716129191,,0
6,197,No,4.0,3,1,15,24,BrownChromis,53.635152924615745,No,,,,NRNL_nr,1266.2417534737665,2163.5453099578476,37.54564879325517,54.23652254973885,,166.61390950436265,91.21929665577196,,0
6,198,Yes,6.0,3,1,16,1,BrownChromis,25.809435814779267,No,,1.0,2.0,NRL_r,87.1646783496,1932.481156871659,249.00173360749383,169.70010773480848,90.32323832759091,31.779312558085152,47.153140138399415,,0
6,198,Yes,6.0,3,1,16,2,BrownChromis,63.17972421839437,Yes,2399.0,0.0,1.0,FR,117.18292166033662,1258.628977685035,87.78983603826464,119.3751161262132,16.49097290906773,44.01670683178809,24.09939691318233,798.9077509754374,1
6,198,Yes,6.0,3,1,16,3,BrownChromis,81.71374590286979,No,,1.0,2.0,NRNL_r,1019.2249723840308,1333.4900764713932,58.717767623031875,94.90229636784402,,137.13801513351828,87.57792222883299,,0
6,198,Yes,6.0,3,1,16,4,BrownChromis,56.53778409586658,No,,1.0,2.0,NRNL_r,767.1231930809812,1076.4966696432473,68.2791751223608,102.8458642619207,,102.80638244528728,87.09315875801916,,0
6,198,Yes,6.0,3,1,16,5,BrownChromis,45.6743220851022,No,,1.0,2.0,NRNL_r,680.5441020778072,1494.3129914599149,106.15068681174272,126.7034042607138,,73.47719597386093,78.89142882462725,,0
6,198,Yes,6.0,3,1,16,6,BrownChromis,67.46253188290437,No,,1.0,2.0,NRNL_r,763.6192440059307,1439.0122071341636,139.27607901999374,133.94781052243889,,110.25463963192186,78.18775327757389,,0
6,198,Yes,6.0,3,1,16,7,BrownChromis,62.48243726061627,No,,1.0,2.0,NRNL_r,722.2191280177899,1382.557342447646,174.39282510831617,129.07845253255982,,47.49620701074126,72.40209440743325,,0
6,198,Yes,6.0,3,1,16,8,BrownChromis,49.95960115627779,No,,1.0,2.0,NRNL_r,613.0777852149915,1522.104517309903,99.5382454530381,124.33235416033308,,36.09693393243412,66.12139572501445,,0
6,198,Yes,6.0,3,1,16,9,BrownChromis,42.39547338445991,No,,1.0,2.0,NRNL_r,477.9188634887007,843.0266209753048,159.3779483463096,123.15180123528724,,85.90366414547908,73.61580698791776,,0
6,198,Yes,6.0,3,1,16,10,BrownChromis,51.468303972600346,No,,1.0,2.0,NRNL_r,537.2652642064213,757.655790327808,176.26303854222468,111.74018592149362,,133.19557706359248,72.51656429313873,,0
6,198,Yes,6.0,3,1,16,11,BrownChromis,43.4878124207397,No,,1.0,2.0,NRNL_r,282.19863032307563,1030.0440524083056,107.37774997352098,125.17138737935898,,104.34869960103404,65.08535192919831,,0
6,198,Yes,6.0,3,1,16,12,BrownChromis,65.67207652429096,No,,1.0,2.0,NRL_r,89.02191902142559,1929.503921986117,108.3755988533296,118.25079861268314,117.15029007331124,83.95465565497945,34.695752854330536,,0
6,198,Yes,6.0,3,1,16,13,BrownChromis,47.48234294718454,No,,1.0,2.0,NRL_r,59.46217898477312,1705.7415430557155,262.50226588822636,161.27783195235938,160.00325786631203,74.54664899601148,31.02179842694532,,0
6,198,Yes,6.0,3,1,16,14,BrownChromis,47.08095454934356,No,,1.0,2.0,NRL_r,317.0406535809718,1752.591440535994,137.53979873405336,135.46560551874035,90.00856568688339,61.486226124107375,49.6214599774589,,0
6,198,Yes,6.0,3,1,16,15,BrownChromis,33.00247300283566,No,,1.0,2.0,NRNL_r,650.1958670283132,2078.8283342167547,53.5733763300429,91.44184146290166,,63.87265966108731,62.71250897074521,,0
6,198,Yes,6.0,3,1,16,16,BrownChromis,,No,,1.0,2.0,NRUD,,,0.0,0.0,0.0,,,,0
6,198,Yes,6.0,3,1,16,17,BrownChromis,20.79463049738442,No,,1.0,2.0,NRL_r,70.49011456844632,2064.6798046942185,108.26979409283086,132.7139963554823,118.8023386853653,140.47698778032864,54.72304366814023,,0
6,198,Yes,6.0,3,1,16,18,BrownChromis,64.29802773753363,No,,1.0,2.0,NRL_r,26.159292438496767,1689.602662738657,228.1021422662383,150.60828548437377,83.99131292211325,89.16681816818885,33.849364750936566,,0
6,198,Yes,6.0,3,1,16,19,BrownChromis,45.489343610136885,No,,1.0,2.0,NRNL_r,134.63320743168129,1931.110442083457,406.3905713160052,144.5404952124905,,68.57672919897767,62.2609668910592,,0
6,198,Yes,6.0,3,1,16,20,BrownChromis,31.12380808148839,No,,1.0,2.0,NRNL_r,116.81260935896049,1980.259827758296,343.41607121716527,138.92515786770312,,84.6265296643804,61.34641692951736,,0
6,198,Yes,6.0,3,1,16,21,BrownChromis,22.273908165499737,No,,1.0,2.0,NRL_r,98.44912301088864,2030.6817613597796,212.00323360917545,139.03568771355174,109.44833653807572,95.89997238088496,44.9742204559507,,0
6,198,Yes,6.0,3,1,16,22,BrownChromis,29.806289741653984,No,,1.0,2.0,NRL_r,132.48687167052017,1992.053237331752,184.45075498549855,129.6955979816412,45.57426020487651,27.47855431121972,40.53148453035821,,0
6,198,Yes,6.0,3,1,16,23,BrownChromis,51.05524871854472,No,,1.0,2.0,NRL_r,88.31103142457536,1883.1124688301088,270.30082031009596,154.8147449552759,82.59966008482951,18.56355929653331,43.981945538270345,,0
6,198,Yes,6.0,3,1,16,24,BicolorDamselfish,54.541826411975336,No,,1.0,2.0,NRL_r,4.673114203401611,1180.3759381517134,170.89838210685366,155.9055260655566,75.84278124233018,81.89983593843694,43.14515970076542,,0
6,198,Yes,6.0,3,1,16,25,BrownChromis,49.62607722368233,No,,1.0,2.0,NRL_r,481.0019174636192,1340.4387145580995,90.92494380341049,129.05456533546172,75.248449482842,127.65322720953826,50.512531181446626,,0
6,198,Yes,6.0,3,1,16,26,BrownChromis,78.99914295955544,No,,1.0,2.0,NRL_r,259.6835908093371,1529.1740215856012,145.54147485774075,141.21379401618893,71.30209352409021,97.42822264381614,51.61972137428441,,0
6,198,Yes,6.0,3,1,16,27,Doctorfish,112.55558770964592,No,,1.0,2.0,NRL_r,281.89593788243127,1947.213248907652,115.20775622226168,121.3627213311329,112.17437948721042,122.24495685664763,53.974468583384756,,0
6,198,Yes,6.0,3,1,16,28,Snapper,137.30578827879887,No,,1.0,2.0,NRNL_r,1094.8769483044246,970.861066833122,9.095801091930625,36.5018552216382,,6.757908236610262,90.30205301480729,,0
6,198,Yes,6.0,3,1,16,29,BicolorDamselfish,35.41830160418793,No,,1.0,2.0,NRL_r,33.81130399439454,1640.7600101145492,168.27637407681434,150.41460537426616,94.41040328884036,100.16762084228218,47.05986737217297,,0
6,198,Yes,6.0,3,1,16,30,BrownChromis,57.06728913785582,No,,1.0,2.0,NRL_r,283.73974680690264,915.5563834143912,118.58821528240452,121.85055725408688,40.91711227857559,89.5932021210348,40.04498751336572,,0
6,198,Yes,6.0,3,1,16,31,BrownChromis,39.67210853366979,No,,1.0,2.0,NRL_r,119.49992960180025,1068.3024724066618,247.51597908983183,157.797595882116,44.77618895261987,6.095297391580477,43.03422084162814,,0
6,198,Yes,6.0,3,1,16,32,BrownChromis,50.059337548255336,No,,1.0,2.0,NRNL_r,252.44865237535453,2091.045084216317,114.78912184749156,108.6925950185568,,51.3254287305684,64.46911539304853,,0
6,198,Yes,6.0,3,1,16,33,BrownChromis,29.870262440609928,No,,1.0,2.0,NRNL_r,467.7744329500912,2232.985020854865,59.78392204378438,90.86744159052238,,39.14344733912329,66.89445763957407,,0
6,198,Yes,6.0,3,1,16,34,Basslet,98.66851738401176,No,,1.0,2.0,NRNL_r,48.687851169705766,1271.1045680058671,116.82660399186582,139.31087922110473,,130.62765574789796,56.07963346590068,,0
6,198,Yes,6.0,3,1,16,35,BrownChromis,45.66893937266096,No,,1.0,2.0,NRL_r,95.40671051462752,1051.9253897839883,166.60642886596003,138.0106884913987,88.85514730092353,79.29011296557294,34.85920556799212,,0
6,198,Yes,6.0,3,1,16,36,Basslet,80.54297582245322,No,,1.0,2.0,NRL_r,26.64664073236994,1195.4256586398326,72.84875039000846,110.92870240533574,71.69228390999979,78.72785954822614,31.364467685257377,,0
6,198,Yes,6.0,3,1,16,37,BicolorDamselfish,40.63785500847543,No,,1.0,2.0,NRL_r,138.37623666965894,2249.8863821434124,16.28601687108492,59.43727636383589,59.43727636383589,104.47781905743189,18.87367390825339,,0
6,198,Yes,6.0,3,1,16,38,BrownChromis,53.41742972038596,No,,1.0,2.0,NRL_r,168.69448082154187,1288.5979045549066,99.21218870322777,130.86497305908458,20.486840954929377,22.594635630998237,27.366523319606703,,0
6,198,Yes,6.0,3,1,16,39,BrownChromis,48.819328537264994,No,,1.0,2.0,NRNL_r,6.55193946742338,1501.087835407294,81.5832844069432,126.66313782663224,,36.31607088361314,61.58442737155349,,0
6,199,No,1.0,3,1,17,1,BrownChromis,39.045671679489466,No,,,,NRNL_nr,407.4470730951876,831.9547468252823,26.668437674677715,51.336743645671824,,123.1599879793043,77.30004995438044,,0
6,199,No,1.0,3,1,17,2,BrownChromis,55.61536810112864,No,,,,NRL_nr,356.1412516913162,771.092987662225,36.72775817399917,47.353972387437544,47.353972387437544,55.84817224244973,22.081591342469775,,0
6,199,No,1.0,3,1,17,3,BrownChromis,49.07659447378728,No,,,,NRNL_nr,645.626357153092,1146.7065869112269,39.93601308867838,53.39931393970919,,29.803648119137105,87.68976939340462,,0
6,199,No,1.0,3,1,17,4,Parrotfish,240.23765868550151,No,,,,NRNL_nr,471.00295055033746,2446.3091771281383,22.295031075626135,35.7168673154291,,11.140986952419624,56.74167140754385,,0
6,199,No,1.0,3,1,17,5,BrownChromis,57.67853136912417,No,,,,NRNL_nr,726.4268895040033,1631.503214811292,80.47229842705049,68.86963443809657,,97.23144903619055,74.74694643908448,,0
6,199,No,1.0,3,1,17,6,BrownChromis,58.521894520448384,No,,,,NRL_nr,290.49509583794537,932.5400957620102,50.07722460379385,43.89754226865722,4.652511680378254,154.10734186253177,23.727196230742557,,0
6,199,No,1.0,3,1,17,7,BrownChromis,38.35035807033265,No,,,,NRNL_nr,429.0246871399657,1959.609853700045,138.53529364828077,91.3650902892907,,19.593896761268567,66.55744288273635,,0
6,199,No,1.0,3,1,17,8,BrownChromis,47.99757566077516,No,,,,NRNL_nr,812.6663577561119,1505.097852679318,168.2348990084099,89.5622272793743,,63.09654348419365,83.78509270723912,,0
6,199,No,1.0,3,1,17,9,BrownChromis,42.96882786821181,No,,,,NRNL_nr,648.5989586732131,2040.5352949610892,107.33871957080714,72.66061199692123,,138.41842589648806,65.17587865362086,,0
6,199,No,1.0,3,1,17,10,BrownChromis,51.19288020194743,No,,,,NRNL_nr,899.2284306232774,1563.0800397028852,150.06386380335076,77.3463539771807,,76.21667519553438,86.65128569810545,,0
6,199,No,1.0,3,1,17,11,BrownChromis,42.894785647557775,No,,,,NRNL_nr,632.8814234198389,1247.1102799302305,53.99783519785839,61.21634720987667,,125.68767009646972,66.28827076458617,,0
6,199,No,1.0,3,1,17,12,BrownChromis,47.01240683867674,No,,,,NRNL_nr,861.8736435474916,1436.886572682405,82.09202773320341,66.71827208612491,,79.90079213449137,78.70009184456384,,0
6,199,No,1.0,3,1,17,13,BrownChromis,57.42638013534794,No,,,,NRL_nr,152.82952901160772,2057.6642299579476,68.8228854711859,74.7219537247377,44.68146034046542,117.3571206326289,54.68162950721438,,0
6,199,No,1.0,3,1,17,14,BrownChromis,37.94268323548689,No,,,,NRNL_nr,300.5998577779507,1499.0697137170405,76.37955424673795,79.43372809148073,,31.10637252565236,66.11926125375223,,0
6,199,No,1.0,3,1,17,15,BicolorDamselfish,32.30047778236565,No,,,,NRNL_nr,116.55478604406082,1769.2668307466693,165.80912238028031,93.2883038134944,,51.07790324265143,58.185823581322296,,0
6,199,No,1.0,3,1,17,16,BicolorDamselfish,34.18782448484625,No,,,,NRNL_nr,224.56933277416752,1841.991488399121,226.94327639904932,100.48843804707278,,18.597835846388275,60.898378538966874,,0
6,199,No,1.0,3,1,17,17,BrownChromis,45.277112437358674,No,,,,NRNL_nr,1242.04306423643,2119.446904581724,18.64628967091963,32.62900648172324,,32.70195547344805,93.57365722595992,,0
6,199,No,1.0,3,1,17,18,BrownChromis,27.176761719204208,No,,,,NRNL_nr,561.8859134252806,1953.2822687949945,141.42340611745766,92.48325556207163,,89.74486223995882,67.28548035409652,,0
6,199,No,1.0,3,1,17,19,BrownChromis,33.809194296114036,No,,,,NRNL_nr,445.71333345383334,1964.8552561878348,111.27163582101012,80.8365936256165,,88.35843767792672,59.181371255792,,0
6,199,No,1.0,3,1,17,20,Doctorfish,,No,,,,NRUD,,,0.0,0.0,0.0,,,,0
6,199,No,1.0,3,1,17,21,BrownChromis,42.804380744921566,No,,,,NRNL_nr,500.1115073057334,2234.521359096889,69.69411716329572,71.93542781761569,,145.0578027647452,63.15002047692592,,0
6,199,No,1.0,3,1,17,22,BrownChromis,23.442703878236617,No,,,,NRNL_nr,195.5970233920848,1789.782412029284,154.63519069138252,98.40342227009486,,126.62137277308864,63.52594192866549,,0
6,199,No,1.0,3,1,17,23,BrownChromis,,No,,,,NRUD,,,0.0,0.0,0.0,,,,0
6,199,No,1.0,3,1,17,24,BrownChromis,,No,,,,NRUD,,,0.0,0.0,0.0,,,,0
6,199,No,1.0,3,1,17,25,BicolorDamselfish,33.65008565659778,No,,,,NRL_nr,104.09932036724436,1025.6611580710935,41.67316124045439,56.68505448683084,29.36893329667191,61.7499935111606,36.565570909059375,,0
6,200,No,0.5,3,1,18,1,BrownChromis,52.1404207980772,No,,,,NRL_nr,333.77439490078535,1244.1695853291474,72.09126079154416,82.10539898269599,58.20732564165407,102.55868302711735,32.72402988186945,,0
6,200,No,0.5,3,1,18,2,BrownChromis,50.04628916057647,No,,,,NRL_nr,897.8943909744917,2140.9047582533317,42.95420786893643,59.56453218993943,33.97291152217437,26.4407444885189,54.45145775964657,,0
6,200,No,0.5,3,1,18,3,Basslet,118.34029762986542,No,,,,NRNL_nr,112.96718081936676,1080.111431836114,24.3435489165845,53.53493364479493,,127.01592110683134,65.96057898469763,,0
6,200,No,0.5,3,1,18,4,BrownChromis,68.7152751359509,No,,,,NRNL_nr,1097.2750004971274,1420.5477052490237,19.138237384030624,45.28325430108084,,80.50361103773514,83.36559830013684,,0
6,200,No,0.5,3,1,18,5,BrownChromis,42.62991425355242,No,,,,NRNL_nr,763.9464206857912,1805.6889335883911,33.551262627009145,61.17335642610266,,147.8129866918042,77.62836204431267,,0
6,200,No,0.5,3,1,18,6,BrownChromis,68.93223554836555,No,,,,NRNL_nr,978.7396064639422,2273.827382304152,23.72299771249804,43.644012143496894,,125.59426639016132,77.72592835695673,,0
6,200,No,0.5,3,1,18,7,BrownChromis,40.55206027442127,No,,,,NRL_nr,240.4015686519606,1863.7049107732264,105.9900462725398,86.5489645834411,55.035739348606135,143.11248771434975,54.93086675655188,,0
6,200,No,0.5,3,1,18,8,BrownChromis,43.9047022475459,No,,,,NRNL_nr,499.11274101409253,2224.715306073853,97.1292831186762,71.87362297509728,,30.78650817967291,59.81712403668269,,0
6,200,No,0.5,3,1,18,9,BrownChromis,35.08052433542239,No,,,,NRNL_nr,503.1380949050269,2148.873851594377,113.9124590034408,83.1357294532164,,38.91568038413164,57.572004344827704,,0
6,200,No,0.5,3,1,18,10,Basslet,98.4308347184232,No,,,,NRNL_nr,7.3001663336588845,1647.2165851808866,45.2380312816795,66.63231992429007,,117.21962153076208,59.84087243179444,,0
6,200,No,0.5,3,1,18,11,BrownChromis,47.881741033760086,No,,,,NRNL_nr,456.4433428533068,1823.0395933925988,73.12943808226633,78.15804439684362,,109.80114746272103,63.10775362715145,,0
6,200,No,0.5,3,1,18,12,BrownChromis,27.660632570098254,No,,,,NRNL_nr,512.2322092427148,1521.2369520333768,57.6857671020758,81.94111882456264,,102.05582379441488,59.59805691917149,,0
6,200,No,0.5,3,1,18,13,BrownChromis,37.89624164681776,No,,,,NRL_nr,746.3284718950313,2274.8022145410037,56.37440909209436,59.80321849335906,59.80321849335906,72.02840965228387,53.89251652817556,,0
6,200,No,0.5,3,1,18,14,BrownChromis,46.66352176408838,No,,,,NRL_nr,720.3310312864547,1642.638806282181,39.282772633623246,68.98459263517972,68.98459263517972,94.61132820970472,37.380621974507314,,0
6,200,No,0.5,3,1,18,15,BrownChromis,49.43723538332515,No,,,,NRL_nr,349.58881021123216,1395.2838127625494,53.750773040915,72.31442529372275,55.96206401492638,85.6102910767318,25.44179405045116,,0
6,200,No,0.5,3,1,18,16,BrownChromis,,No,,,,NRUD,,,0.0,0.0,0.0,,,,0
6,200,No,0.5,3,1,18,17,BrownChromis,,No,,,,NRUD,,,0.0,0.0,0.0,,,,0
6,200,No,0.5,3,1,18,18,BrownChromis,43.71464315466214,No,,,,NRL_nr,574.807244209952,1272.6860918121731,55.143887335481786,77.33826088041461,53.869285782317455,93.15249239154714,38.70720646104016,,0
6,200,No,0.5,3,1,18,19,BicolorDamselfish,32.04436021081982,No,,,,NRL_nr,188.79026727156352,1680.6458340226256,140.84712945670665,92.70461173676084,71.88587397100034,103.29545649476933,45.998887874893704,,0
6,200,No,0.5,3,1,18,20,BicolorDamselfish,25.60261988613776,No,,,,NRL_nr,87.12526947506855,1701.4100711773335,156.16307966574308,97.36025977051796,44.6437063964043,126.73052649538336,48.53757212031809,,0
6,200,No,0.5,3,1,18,21,BrownChromis,22.307735041183392,No,,,,NRL_nr,228.53168355831727,2008.1010952543145,112.81078473377012,78.16286045228941,52.360555247188024,32.85194319120166,48.05979560948928,,0
6,200,No,0.5,3,1,18,22,BrownChromis,29.80132374913918,No,,,,NRL_nr,123.8998655596785,2013.2067718556705,86.49461124097418,71.9731891981914,20.377174469988717,141.7860729692268,44.95820337126707,,0
6,200,No,0.5,3,1,18,23,BrownChromis,38.278768797543734,No,,,,NRL_nr,645.2361613667913,1578.1243887327237,8.128037325057306,31.070939192907243,0.0,151.10986267661488,24.801559469478704,,0
6,200,No,0.5,3,1,18,24,Basslet,148.88317754560626,No,,,,NRL_nr,33.69177725170371,1230.2816663586823,61.849262185892385,64.49879661920365,29.797496549737364,143.72962393368056,50.37750698959279,,0
6,200,No,0.5,3,1,18,25,BicolorDamselfish,31.47798174524616,No,,,,NRL_nr,53.000322736759976,1017.5879916261912,45.98612480689265,79.27657863700705,56.01256069890103,118.81542519125918,42.9783574115503,,0
6,201,No,6.0,3,1,19,1,BrownChromis,25.099670215305135,No,,,,NRL_nr,167.83776775319222,1930.4834960115636,195.8389759543623,80.09328689065428,61.02372697815622,92.81755356368969,40.29913320567753,,0
6,201,No,6.0,3,1,19,2,Basslet,128.8455484330271,No,,,,NRL_nr,36.01778134520059,1352.8217898854198,27.789566634074205,48.50095957445772,0.0,133.52139061466266,31.795431317960915,,0
6,201,No,6.0,3,1,19,3,BrownChromis,26.235929103143224,No,,,,NRL_nr,120.5170637592177,1988.2837095666475,72.22278515203342,69.32715816609493,61.117816118419974,152.88386745086189,49.06730412636684,,0
6,201,No,6.0,3,1,19,4,BrownChromis,27.238107003782492,No,,,,NRL_nr,140.06698361105433,1929.639885676674,191.0180555228171,78.51918231574838,72.51441365636444,99.1642158507,38.30550221607181,,0
6,201,No,6.0,3,1,19,5,BrownChromis,60.51735552985447,No,,,,NRL_nr,198.0999936870577,1176.4447875552005,271.3916606027288,146.65142286296884,28.07592779245871,70.62505449063366,52.05744425776,,0
6,201,No,6.0,3,1,19,6,BrownChromis,83.8563889688512,No,,,,NRL_nr,198.11843502589505,1277.5816946214254,284.02716166411955,141.41845904264548,88.81340446542318,123.14205659693783,50.54646881861006,,0
6,201,No,6.0,3,1,19,7,Parrotfish,233.7304696568065,No,,,,NRNL_nr,354.4631726091217,2079.228751346334,36.00166390355648,50.74913594837316,,125.2912067132004,62.9592679927744,,0
6,201,No,6.0,3,1,19,8,BrownChromis,57.90920395319234,No,,,,NRNL_nr,587.2941617845253,1390.1233917208465,33.65400919203837,70.1181666100916,,60.96628413805447,82.1570621616294,,0
6,201,No,6.0,3,1,19,9,BrownChromis,45.99941921835677,No,,,,NRNL_nr,387.32356446480264,1678.911200914324,67.87407099528713,104.62195582991863,,59.398152513714834,64.73770051922105,,0
6,201,No,6.0,3,1,19,10,BrownChromis,42.94815418754694,No,,,,NRNL_nr,536.3154095965664,1731.449504024546,80.53024035381823,104.89157847350457,,106.49269153247111,58.28818004838704,,0
6,201,No,6.0,3,1,19,11,BrownChromis,52.73983103537668,No,,,,NRL_nr,448.2100629184149,1811.573959399604,83.28035426956546,98.09672317612817,87.64525379199674,93.49262379241291,51.70092207249387,,0
6,201,No,6.0,3,1,19,12,BrownChromis,56.85847652310723,No,,,,NRNL_nr,497.217510619776,1065.334133502254,69.27029646322269,83.62711859231624,,27.10328328034013,67.70857423680994,,0
6,201,No,6.0,3,1,19,13,BrownChromis,35.97653355634083,No,,,,NRL_nr,337.20764086844446,1152.8735041337677,192.8077206578007,120.90926682367378,92.2852909363563,129.47472959953205,53.59215794243299,,0
6,201,No,6.0,3,1,19,14,BrownChromis,34.65581708386653,No,,,,NRL_nr,351.5919356692149,1996.800981245556,46.53875082061883,52.5284874106097,52.5284874106097,69.10276574950058,29.4347963747206,,0
6,201,No,6.0,3,1,19,15,BicolorDamselfish,32.832404808622485,No,,,,NRL_nr,51.923511236922714,1659.2825141987096,102.461749033292,89.05686091929715,72.38651574825673,88.3158546125716,40.243435544863054,,0
6,201,No,6.0,3,1,19,16,BicolorDamselfish,33.54583513021233,No,,,,NRL_nr,84.88593731660167,1291.8271890206274,297.58724290604135,100.5084515215576,33.394716474061994,156.02084692373444,29.63606817500643,,0
6,201,No,6.0,3,1,19,17,BrownChromis,40.567566124901006,No,,,,NRL_nr,154.2255993535566,1272.4223972710397,296.6130889233144,98.19414861223234,90.93122425871844,130.31381879304303,27.83034168715941,,0
6,201,No,6.0,3,1,19,18,BrownChromis,39.70443371357041,No,,,,NRL_nr,218.99313248851405,1041.7191557294948,105.60952142362032,79.01049633042652,3.628509873804511,174.3657879919487,29.260378343749423,,0
6,201,No,6.0,3,1,19,19,BrownChromis,41.810338214146675,No,,,,NRL_nr,195.18007196356487,1237.450437353224,263.5084510104086,170.2440366913156,60.567416718438054,172.64392364227194,44.359395413668,,0
6,201,No,6.0,3,1,19,20,BrownChromis,27.1235994557932,No,,,,NRL_nr,32.89775120438229,1309.1406514169223,285.60785523961425,132.63351317388862,53.03502462960196,151.54716905340342,44.444934153292515,,0
6,201,No,6.0,3,1,19,21,BrownChromis,57.66024947121479,No,,,,NRL_nr,80.59403937823895,1226.7401335627883,309.47104773468516,146.3717375399359,101.50590346509054,112.3475113700613,42.13249337911916,,0
6,201,No,6.0,3,1,19,22,BrownChromis,37.87075379024904,No,,,,NRL_nr,117.20514635357526,1082.1873644973325,203.51161879261497,120.95185195146507,18.822304948785646,171.8606047069945,44.229770664861306,,0
6,201,No,6.0,3,1,19,23,BrownChromis,39.45442463885166,No,,,,NRNL_nr,282.8019948593061,1453.6616306923045,120.5319461327998,120.9510598707437,,46.82427350954059,57.29200864991616,,0
6,201,No,6.0,3,1,19,24,BrownChromis,,No,,,,NRUD,,,0.0,0.0,0.0,,,,0
6,201,No,6.0,3,1,19,25,BrownChromis,54.01865949543723,No,,,,NRL_nr,456.7236907099228,1452.367821346687,96.33232933645408,101.0013115074455,68.95902960406232,76.28823088197156,49.15322519082305,,0
6,202,Yes,4.0,3,1,20,1,BrownChromis,52.711287158583616,No,,1.0,2.0,NRL_r,611.3475729063161,896.0732718214664,87.77872968364822,98.8600451014334,58.72776187793392,84.924669015458,46.036275589997594,,0
6,202,Yes,4.0,3,1,20,2,BrownChromis,25.44941319090268,No,,1.0,2.0,NRL_r,740.0274821224846,1177.145868066152,97.59562090141895,109.75536708733698,62.79340069360078,131.2762845987564,54.01451685888679,,0
6,202,Yes,4.0,3,1,20,3,BrownChromis,51.052926527806534,No,,1.0,2.0,NRL_r,831.4105828011953,1358.415743165754,79.60579093417954,93.87269360430987,64.86215309774484,144.66555418264448,54.05463989600592,,0
6,202,Yes,4.0,3,1,20,4,BicolorDamselfish,31.35014542987571,No,,1.0,2.0,NRL_r,12.873969725793351,1499.5058275912927,70.04443039208425,87.97071563039609,71.45755395427005,68.23451621539247,31.24882213607761,,0
6,202,Yes,4.0,3,1,20,5,BrownChromis,75.45378470069475,No,,1.0,2.0,NRL_r,12.953522470001486,1539.8008537642002,61.83130947508286,94.3144598859556,57.68733778981922,150.2530543454478,42.70494128329843,,0
6,202,Yes,4.0,3,1,20,6,Tilefish,83.8928348618712,No,,1.0,2.0,NRNL_r,183.0756233187149,1570.560182281473,48.465910572932664,76.89146425160882,,59.52827715385743,67.68900844495991,,0
6,202,Yes,4.0,3,1,20,7,Basslet,84.6215368376017,No,,1.0,2.0,NRNL_r,13.07191115019072,1275.0554698229669,226.23570132672256,82.55157039728928,,62.82367902755707,57.27224311700755,,0
6,202,Yes,4.0,3,1,20,8,Basslet,95.9583545873992,No,,1.0,2.0,NRNL_r,0.4551672523266071,1314.4210244607868,229.86219592922632,91.28371695001373,,96.81506315466638,57.05260438475375,,0
6,202,Yes,4.0,3,1,20,9,BrownChromis,49.88741195999928,No,,1.0,2.0,NRNL_r,571.5698463636423,1242.4279462845957,117.98807172177166,105.00763461317658,,79.46052616114855,62.96576324946031,,0
6,202,Yes,4.0,3,1,20,10,BrownChromis,50.37418832637846,No,,1.0,2.0,NRL_r,167.5365831655115,1425.3729866533506,44.71893917427575,67.13980049621732,65.8869364586634,83.23545730778476,20.94548670056305,,0
6,202,Yes,4.0,3,1,20,11,BrownChromis,48.471671094146174,No,,1.0,2.0,NRNL_r,489.5985873973359,721.5549304844461,109.6467190718994,106.73555285077936,,45.0344621872136,55.250470517811074,,0
6,202,Yes,4.0,3,1,20,12,BrownChromis,53.11092213382033,No,,1.0,2.0,NRL_r,197.6323682052234,1688.0381331974788,114.0981202646637,88.08163582676742,49.383759782951415,160.5622533175556,44.5781828783844,,0
6,202,Yes,4.0,3,1,20,13,BicolorDamselfish,21.283980785218866,No,,1.0,2.0,NRL_r,76.87660346824534,2091.0624162417953,30.222481580004526,64.62332071935468,31.86625755824564,20.70691770036261,39.13030899495274,,0
6,202,Yes,4.0,3,1,20,14,BrownChromis,26.546978882033414,No,,1.0,2.0,NRL_r,639.5607349573665,1658.648662358626,54.06161679497974,85.7054903232704,76.65917917282795,42.08977106421804,54.42342942123443,,0
6,202,Yes,4.0,3,1,20,15,BrownChromis,50.18366150171858,No,,1.0,2.0,NRNL_r,514.1515900081683,1007.9946841587883,116.2834715617512,115.47504471607394,,23.79201233472464,76.14798961440883,,0
6,202,Yes,4.0,3,1,20,16,BrownChromis,32.04337714509399,Yes,2389.0,0.0,1.0,FR,618.0897121025926,631.1450597448772,46.24174382056674,71.55716657978209,0.0,10.340265764088144,22.517550801427472,1263.5789163988625,1
6,202,Yes,4.0,3,1,20,17,BrownChromis,52.02914726858433,No,,1.0,2.0,NRNL_r,531.5232963246048,620.7401945844837,95.75563147452016,100.54306201785371,,33.88943745820714,65.09285253776515,,0
6,202,Yes,4.0,3,1,20,18,BrownChromis,48.648015615451165,No,,1.0,2.0,NRNL_r,769.6150639663457,808.6590095312108,83.62890390162227,101.86546987791831,,24.980297317286084,70.08349743804858,,0
6,202,Yes,4.0,3,1,20,19,BrownChromis,58.371078925387856,No,,1.0,2.0,NRNL_r,631.471894658859,1084.8601897574547,141.4962209804742,118.96215839244134,,33.91352460709792,76.01252544120563,,0
6,202,Yes,4.0,3,1,20,20,BrownChromis,58.54651948366828,No,,1.0,2.0,NRNL_r,790.1924394076182,1312.749388883518,50.808627592219715,78.1158253575052,,116.98302543372704,90.75925459874838,,0
6,202,Yes,4.0,3,1,20,21,BrownChromis,56.46101721468668,No,,1.0,2.0,NRNL_r,971.8731186283222,1451.2505066274432,59.53210764814634,85.6140105956457,,61.51106125242325,77.36276633185399,,0
6,202,Yes,4.0,3,1,20,22,BrownChromis,50.53140975129179,No,,1.0,2.0,NRNL_r,863.957681995932,1745.481767330071,41.682068811596096,67.20126291284866,,150.79001533206457,80.4390556203498,,0
6,202,Yes,4.0,3,1,20,23,BrownChromis,47.48837915243707,No,,1.0,2.0,NRNL_r,716.7613182176193,1411.68011977171,88.32651176023478,105.29707041385142,,127.6672670808872,75.05408378592989,,0
6,202,Yes,4.0,3,1,20,24,BrownChromis,47.84948532686881,No,,1.0,2.0,NRNL_r,507.06747345580544,1166.934058644314,145.60591738337402,116.21312331555085,,146.01978790337873,69.2173167634081,,0
6,202,Yes,4.0,3,1,20,25,BrownChromis,45.92868477180554,No,,1.0,2.0,NRL_r,678.5706851443147,1210.9525963726628,49.434233655096115,73.55418577475736,69.41791559460025,52.19228152891716,29.986826610310764,,0
6,202,Yes,4.0,3,1,20,26,BrownChromis,44.108701901154426,No,,1.0,2.0,NRNL_r,289.3888836381198,1733.8919631112442,55.96039209431936,83.04959818680574,,110.97501165086284,58.302175834422385,,0
6,202,Yes,4.0,3,1,20,27,BicolorDamselfish,79.71792299835828,No,,1.0,2.0,NRL_r,19.153819271840284,1723.5710796456117,80.30879287497027,87.28707958754491,69.71100322674964,80.98658193195173,46.786613581916626,,0
6,202,Yes,4.0,3,1,20,28,BrownChromis,32.622636390923205,No,,1.0,2.0,NRL_r,368.45203666585695,1059.622648786577,70.84446268687519,93.84906199123158,58.08759624940612,94.19908193000056,33.25882202988984,,0
6,203,No,2.0,3,1,21,1,BrownChromis,40.15903267137667,No,,,,NRNL_nr,897.4300710514731,1301.1777790419733,114.73351315753057,88.71030849255166,,120.48170211593542,73.62401552644137,,0
6,203,No,2.0,3,1,21,2,BrownChromis,37.45172036668191,No,,,,NRNL_nr,586.1041189769123,1626.8595767919155,101.957260326411,97.85497929261048,,163.10802554673663,67.86893035941335,,0
6,203,No,2.0,3,1,21,3,BrownChromis,44.63642195241722,No,,,,NRNL_nr,752.0056895293653,1322.3434716287595,103.05311835362689,87.7949234858786,,131.44014050745892,64.02011043499277,,0
6,203,No,2.0,3,1,21,4,BrownChromis,39.23828464993848,No,,,,NRNL_nr,501.87625805716874,2101.328428679087,105.84828116359044,84.9508600039369,,81.01115063432184,56.225987968064906,,0
6,203,No,2.0,3,1,21,5,BrownChromis,67.08424256485759,No,,,,NRNL_nr,741.5917844224829,2070.3674156633188,132.0132370619279,86.82087389999876,,133.41316467258287,61.731129527292865,,0
6,203,No,2.0,3,1,21,6,BrownChromis,47.63599963467355,No,,,,NRNL_nr,630.027768217153,1979.7186040385432,198.0849496408776,105.48762271735964,,141.47695268412707,55.70869609031828,,0
6,203,No,2.0,3,1,21,7,BrownChromis,45.05203592876918,No,,,,NRNL_nr,700.1030896183065,2046.4746314039655,217.3465223713679,111.6720846468032,,143.43899198665096,57.49989611471567,,0
6,203,No,2.0,3,1,21,8,BrownChromis,40.337024600000134,No,,,,NRNL_nr,965.3608900548888,1739.397735294884,64.94622083136454,83.90984908919862,,152.01769057523612,69.26373334898177,,0
6,203,No,2.0,3,1,21,9,BrownChromis,47.42314351554712,No,,,,NRNL_nr,865.5069335661484,2111.234231259531,97.17555878567607,87.16514569860263,,140.64051428185218,70.73816539432622,,0
6,203,No,2.0,3,1,21,10,BrownChromis,41.03413666291658,No,,,,NRNL_nr,805.942494021569,1953.0178596392736,160.67562989526704,93.2204384025594,,151.3445626437664,73.4445237408598,,0
6,203,No,2.0,3,1,21,11,BrownChromis,23.754408983094244,No,,,,NRNL_nr,403.6980512159932,1788.131773151524,136.58527033126808,96.37740989484362,,139.59493543427192,60.67750422277822,,0
6,203,No,2.0,3,1,21,12,BrownChromis,22.59877384806865,No,,,,NRNL_nr,380.2159985907882,2009.183713490998,104.31018553028257,87.58051408738298,,144.30347475928923,59.7698773602387,,0
6,203,No,2.0,3,1,21,13,Snapper,,No,,,,NRUD,,,0.0,0.0,0.0,,,,0
6,203,No,2.0,3,1,21,14,BrownChromis,,No,,,,NRUD,,,0.0,0.0,0.0,,,,0
6,203,No,2.0,3,1,21,15,BicolorDamselfish,28.75580993806125,No,,,,NRNL_nr,103.9078260235306,1617.510671347712,84.54487793531906,85.6093837151482,,151.2821721387698,57.98382867166513,,0
6,203,No,2.0,3,1,21,16,BrownChromis,62.574731935540086,No,,,,NRNL_nr,592.9427328410522,1617.5654342981843,40.04369453610333,56.470903446406446,,102.56999262971824,83.042431151261,,0
6,203,No,2.0,3,1,21,17,BrownChromis,,No,,,,NRUD,,,0.0,0.0,0.0,,,,0
6,203,No,2.0,3,1,21,18,BrownChromis,,No,,,,NRUD,,,0.0,0.0,0.0,,,,0
6,203,No,2.0,3,1,21,19,BicolorDamselfish,23.2805088818856,No,,,,NRNL_nr,276.7042960556034,1752.4693511634332,122.8913070624039,94.1837373113542,,116.9868403694477,62.63362405414423,,0
6,203,No,2.0,3,1,21,20,BrownChromis,48.90307474037167,No,,,,NRNL_nr,239.98106725246024,1162.0574760895024,54.560832070710006,76.01967638161791,,36.867996627069395,64.70399921952594,,0
6,203,No,2.0,3,1,21,21,BrownChromis,36.81249631709704,No,,,,NRNL_nr,290.8239070255589,1508.3076126040403,75.28666190924754,84.98360356695561,,81.82223066734048,69.18756711427365,,0
6,203,No,2.0,3,1,21,22,BrownChromis,54.48534998149542,No,,,,NRNL_nr,881.1056936164653,1839.6753416183897,65.55888676721007,60.552820589730025,,26.926755326518325,81.71152752969579,,0
6,203,No,2.0,3,1,21,23,BrownChromis,35.714909566903465,No,,,,NRNL_nr,881.214803173294,1912.8304888116968,144.51924342586105,80.36146444988103,,97.47747733987352,76.35232847170415,,0
6,203,No,2.0,3,1,21,24,BrownChromis,45.5977225896595,No,,,,NRNL_nr,941.6933153495024,1406.1343292704714,115.420441287149,91.13185150413643,,140.0065657126559,70.89159918826755,,0
6,203,No,2.0,3,1,21,25,BrownChromis,47.84236150269105,No,,,,NRNL_nr,740.411017364764,1321.5090380252611,66.61605521577107,73.201561412259,,89.49083710561058,78.74624814143436,,0
6,203,No,2.0,3,1,21,26,Basslet,97.849728420687,No,,,,NRNL_nr,12.925508760835267,1261.664489260402,49.41798182437282,59.680690679575754,,41.157048083600614,56.99027315339914,,0
6,203,No,2.0,3,1,21,27,Basslet,98.17236271562548,No,,,,NRNL_nr,84.11823115540633,1159.905323495587,64.6458778481879,72.61673399206884,,43.81169369364936,64.81999981283536,,0
6,203,No,2.0,3,1,21,28,Basslet,78.81368177311545,No,,,,NRL_nr,272.8817175591586,661.3605577239323,21.972628872087856,48.287636586774454,0.0,147.75944697660356,47.82894594529199,,0
6,204,Yes,6.0,3,1,22,1,Basslet,112.84548325639224,No,,1.0,2.0,NRNL_r,19.3080099520474,1176.5492009159404,42.041523129286254,56.14225615488814,,164.84036900221955,62.62887770360018,,0
6,204,Yes,6.0,3,1,22,2,Basslet,59.608171509831834,No,,1.0,2.0,NRL_r,190.39102439871473,687.9402390036312,24.113076471194567,52.614687190843014,11.822321659308818,166.10939647325517,52.74991818717779,,0
6,204,Yes,6.0,3,1,22,3,BrownChromis,44.565421048309055,No,,1.0,2.0,NRNL_r,595.3922192820595,1985.3839979633592,27.774672835911872,46.39688138964812,,17.64303612904919,74.85686435028556,,0
6,204,Yes,6.0,3,1,22,4,BrownChromis,39.39228207729504,Yes,2395.0,0.0,1.0,FR,815.0945870420996,464.8223620455197,45.18931992213825,62.1956846954818,17.61505206911978,28.273844030479317,34.113311592854444,827.3544078064309,1
6,204,Yes,6.0,3,1,22,5,BrownChromis,51.13621998313443,No,,1.0,2.0,NRNL_r,813.4272547933624,908.2971856461132,38.56351711648659,57.904035003197066,,128.79489013890498,76.77688455653495,,0
6,204,Yes,6.0,3,1,22,6,BrownChromis,48.77388143243488,No,,1.0,2.0,NRL_r,980.3024542458334,742.2761798301124,60.45940209389177,60.08398286678614,45.872657350017725,156.129262268746,35.65145149368336,,0
6,204,Yes,6.0,3,1,22,7,BrownChromis,52.00101861883349,No,,1.0,2.0,NRL_r,899.7324103551962,882.586770681859,27.920706187102176,46.52202087018406,6.4990952358083325,77.54226176922094,22.14630985261264,,0
6,204,Yes,6.0,3,1,22,8,BrownChromis,49.35060901971416,No,,1.0,2.0,NRL_r,1034.2483651498355,769.1393105466024,46.75721724544234,59.14351370599916,15.98952924379011,56.758889320432786,30.499565849004444,,0
6,204,Yes,6.0,3,1,22,9,BrownChromis,44.97919376092704,No,,1.0,2.0,NRNL_r,729.3822271939144,1321.9779425387026,39.20579859874386,62.01413078681261,,64.5996645517654,75.4901452783817,,0
6,204,Yes,6.0,3,1,22,10,BrownChromis,49.04043838558878,No,,1.0,2.0,NRL_r,918.689788859342,889.3224397005142,51.78371070199057,65.85864749173835,21.939746465596983,10.229923092608924,47.92663209541578,,0
6,204,Yes,6.0,3,1,22,11,BrownChromis,49.77600274930314,No,,1.0,2.0,NRNL_r,1200.328884409198,514.4828017287564,19.409619681946825,42.3569193769356,,163.43292437460568,71.81928353413775,,0
6,204,Yes,6.0,3,1,22,12,BrownChromis,45.72593787930858,No,,1.0,2.0,NRNL_r,134.5868988469577,1919.4158156961632,467.0850991893484,76.1653837836553,,51.41872479341675,61.98410096207101,,0
6,204,Yes,6.0,3,1,22,13,BrownChromis,45.09656855343661,No,,1.0,2.0,NRNL_r,90.9327139295134,1846.6918666147344,997.3080757218668,92.0452362075676,,39.02555222948199,61.391377678289935,,0
6,204,Yes,6.0,3,1,22,14,BrownChromis,27.193496713360176,No,,1.0,2.0,NRNL_r,132.92504324855682,1867.3468069296907,1442.8001234675828,130.69077686863477,,29.1087915506485,62.82239531299351,,0
6,204,Yes,6.0,3,1,22,15,BrownChromis,41.3377689807056,No,,1.0,2.0,NRNL_r,606.2687433552545,1601.0583450567617,44.55895858912,65.48092563560375,,112.81095312997763,57.7638136981526,,0
6,204,Yes,6.0,3,1,22,16,BrownChromis,46.59059456787838,No,,1.0,2.0,NRNL_r,386.2743448150644,932.1440323262526,40.81836249721334,63.67033981488869,,125.22729936933764,73.28977948610658,,0
6,204,Yes,6.0,3,1,22,17,BrownChromis,43.44927126010129,No,,1.0,2.0,NRL_r,788.1631718806149,1042.6234776009323,47.694940804419105,62.879825297711236,22.17396060951023,163.88751471939543,33.79950405208271,,0
6,204,Yes,6.0,3,1,22,18,BrownChromis,27.74067559108022,No,,1.0,2.0,NRL_r,120.26523912419836,1912.1443454189264,152.76102841001003,71.61065174853019,55.019451411333115,36.536391205437255,48.26283934688555,,0
6,204,Yes,6.0,3,1,22,19,BrownChromis,29.95819619982385,No,,1.0,2.0,NRL_r,16.30999697509259,2015.6196005830227,79.93292716973288,52.27737216348128,52.27737216348128,75.76672729984743,44.973438885814865,,0
6,204,Yes,6.0,3,1,22,20,BrownChromis,19.116606708883825,No,,1.0,2.0,NRL_r,84.76615117100066,2003.215826407614,151.0741593190515,69.29931318547123,69.29931318547123,52.06365112528909,48.54019257052247,,0
6,204,Yes,6.0,3,1,22,21,BicolorDamselfish,26.14936570912701,No,,1.0,2.0,NRL_r,172.30741491022877,1780.141479511233,96.63378164663705,67.72503436635346,54.03849662029576,85.09128720691152,50.590732564526114,,0
6,204,Yes,6.0,3,1,22,22,BicolorDamselfish,24.35445130958823,No,,1.0,2.0,NRL_r,109.6041922204948,1305.9379337195896,50.853996300561214,75.86209209542696,27.29600256880961,48.17569586516563,51.78486281147426,,0
6,204,Yes,6.0,3,1,22,23,BrownChromis,74.28174114319995,No,,1.0,2.0,NRL_r,822.2522350006992,1059.9480671302006,49.71758834351919,70.2751823513575,44.15093863193161,136.63135674327012,53.625430142691926,,0
6,204,Yes,6.0,3,1,22,24,BrownChromis,33.71551923062443,No,,1.0,2.0,NRNL_r,682.7467961435697,1335.127614968738,25.65919944042357,49.55764755370619,,116.19224528608032,91.22020344552767,,0
6,204,Yes,6.0,3,1,22,25,BrownChromis,,No,,1.0,2.0,NRUD,,,0.0,0.0,0.0,,,,0
6,204,Yes,6.0,3,1,22,26,BrownChromis,42.66925489668778,No,,1.0,2.0,NRNL_r,278.52358705978105,1940.319645943248,33.27026965171183,52.64703084750509,,98.44575793441408,55.250253793017514,,0
6,204,Yes,6.0,3,1,22,27,BrownChromis,36.88165793164429,No,,1.0,2.0,NRL_r,700.5561548863335,1378.066452811453,49.6383321804665,73.65575413895385,45.15937897817468,5.730866873772941,53.59697054828689,,0
6,205,No,1.0,3,1,23,1,BrownChromis,65.30702017249877,No,,,,NRL_nr,366.3725784122988,564.7112353286795,104.21162711804364,91.24059902795454,27.65062593447163,76.76177929126305,33.37436666288003,,0
6,205,No,1.0,3,1,23,2,BicolorDamselfish,39.10169754737642,No,,,,NRL_nr,150.8723097334115,1874.6722610830252,14.544883090845362,44.357282040983016,32.885877169742514,134.3902553400864,25.99646341450408,,0
6,205,No,1.0,3,1,23,3,BicolorDamselfish,27.07765404633246,No,,,,NRL_nr,155.47250928470166,1573.2346900919665,45.80117019588077,68.69471249449728,57.34804866948158,78.66046157559634,50.299118092448495,,0
6,205,No,1.0,3,1,23,4,BrownChromis,39.53902812487593,No,,,,NRNL_nr,376.7926660265823,1397.4279973565344,37.95380091215507,68.46402005644264,,160.97385372046364,78.97402365980729,,0
6,205,No,1.0,3,1,23,5,BrownChromis,49.56184197498048,No,,,,NRNL_nr,506.8219776082299,813.8007701420956,69.90481675600275,90.4362565350748,,115.08439599074303,80.80077075470895,,0
6,205,No,1.0,3,1,23,6,BrownChromis,50.059927018224926,No,,,,NRNL_nr,1094.702351361511,972.3405438027046,42.62277745458221,71.4001893975092,,49.71148024185959,88.0731200207517,,0
6,205,No,1.0,3,1,23,7,Basslet,67.71729117204617,No,,,,NRNL_nr,202.33612081942857,1427.6767536599443,87.87826181282885,82.34268557634536,,85.57735914057567,64.90531722317506,,0
6,205,No,1.0,3,1,23,8,Basslet,108.30434192955784,No,,,,NRNL_nr,7.400530043488123,1245.4866992729922,43.037918330674806,64.38038292062865,,70.25913959155324,59.828663945070616,,0
6,205,No,1.0,3,1,23,9,BrownChromis,33.60442008267588,No,,,,NRNL_nr,752.9453158317385,921.5404673566884,51.23635439038383,72.25409770958495,,117.689978529157,66.3731013150659,,0
6,205,No,1.0,3,1,23,10,BrownChromis,44.99378396956678,No,,,,NRL_nr,267.93558175315695,722.2403365790142,87.43518971365263,92.17409923688749,45.74088847773763,63.16371741848132,54.90574898042883,,0
6,205,No,1.0,3,1,23,11,BicolorDamselfish,46.90261143416102,No,,,,NRL_nr,1.3753090250866555,1153.3321936721225,36.25278586545754,63.02339296124614,46.2029846069085,65.06513299796579,34.24249233226999,,0
6,205,No,1.0,3,1,23,12,BrownChromis,49.082262709525466,No,,,,NRNL_nr,486.9625126713903,618.3276072315148,98.11896041712708,102.97550856083072,,11.59464697881786,69.60101168338728,,0
6,205,No,1.0,3,1,23,13,BrownChromis,41.76639517582424,No,,,,NRL_nr,528.6904358977176,593.3027127077037,121.9857822314888,84.54777286588646,65.87839413748615,118.31721122019466,15.973321684741236,,0
6,205,No,1.0,3,1,23,14,BrownChromis,54.67726782993106,No,,,,NRL_nr,720.788751717367,537.1372092599131,104.59769591154146,88.04683630585983,75.54236202379738,50.49167169812592,20.83243618533742,,0
6,205,No,1.0,3,1,23,15,BrownChromis,41.64124694570194,No,,,,NRL_nr,599.3399586204088,454.3672710510114,115.397996596118,91.92457225993726,13.432286568879334,42.20955440343312,9.160730946704296,,0
6,205,No,1.0,3,1,23,16,BrownChromis,54.44088994853559,No,,,,NRNL_nr,928.1223898516906,687.5726198219876,72.25400769849587,90.88069243782626,,12.997482674252916,93.46018394688195,,0
6,205,No,1.0,3,1,23,17,BrownChromis,48.16807952977306,No,,,,NRNL_nr,546.2316184371317,332.8587197356272,74.00189604745054,92.46878954587034,,112.26701455626768,56.41493583535841,,0
6,205,No,1.0,3,1,23,18,BrownChromis,50.31480551955036,No,,,,NRNL_nr,124.40758627895764,1485.2476308375878,94.25292845105348,86.08084465238338,,102.32537782627033,58.61033043487491,,0
6,205,No,1.0,3,1,23,19,BrownChromis,26.281567230829076,No,,,,NRNL_nr,186.8161193903523,1677.5608149587508,66.35940078742203,63.09610464287627,,140.38905740946993,63.994371687844115,,0
6,205,No,1.0,3,1,23,20,Basslet,153.11441199797142,No,,,,NRL_nr,25.012539022854487,2079.061023131398,15.611080314482669,38.34561188761917,38.34561188761917,123.03864529407667,39.107645266066925,,0
6,205,No,1.0,3,1,23,21,BrownChromis,51.24123662376412,No,,,,NRNL_nr,992.2320702318656,586.8594539256852,69.70044559048283,86.77318846256858,,15.897582642355903,90.37999446794323,,0
6,205,No,1.0,3,1,23,22,BrownChromis,50.14395640060582,No,,,,NRNL_nr,1055.92881466617,370.9585122616832,41.22201622830474,56.28468948339116,,111.24351887666992,62.04727206611651,,0
6,205,No,1.0,3,1,23,23,BrownChromis,43.56375763575183,No,,,,NRNL_nr,715.4995047203842,360.2553674208576,83.12193931702872,98.05989920234364,,132.53180267477688,63.3543339016576,,0
6,205,No,1.0,3,1,23,24,BrownChromis,54.635740273097134,No,,,,NRL_nr,876.1683810126469,749.799982017732,51.65571069196965,64.91713706244978,63.70374495291797,37.14609885420453,35.024451668071066,,0
6,206,Yes,6.0,3,1,24,1,BrownChromis,32.15096167986921,No,,1.0,2.0,NRL_r,112.7007111652578,1840.3545666307507,184.51170294599055,93.64268037486195,73.82783227379252,66.76623683877247,51.10615023719362,,0
6,206,Yes,6.0,3,1,24,2,BrownChromis,49.04811563530329,No,,1.0,2.0,NRNL_r,886.3435992069758,645.3118858805992,49.932834917805195,68.29705312096162,,100.1467555424486,79.74593201793607,,0
6,206,Yes,6.0,3,1,24,3,BrownChromis,66.3709153099205,No,,1.0,2.0,NRNL_r,903.652379994162,398.6001778062908,40.14852807227362,49.68869807664112,,89.81169168749415,96.49886597349104,,0
6,206,Yes,6.0,3,1,24,4,BrownChromis,49.505680809499694,No,,1.0,2.0,NRNL_r,549.1847124310743,1077.3641133662395,85.04015621857742,96.494866865624,,53.94289486541811,74.08177855957602,,0
6,206,Yes,6.0,3,1,24,5,BrownChromis,57.4115579448762,No,,1.0,2.0,NRNL_r,610.8502025384499,1324.6100215940749,57.979468024886515,76.55674044065312,,108.2023361788621,85.05084218751577,,0
6,206,Yes,6.0,3,1,24,6,BrownChromis,47.09614278346354,No,,1.0,2.0,NRL_r,637.554929589156,595.5274468125119,39.25157171596233,50.03047895516183,36.19793166090665,95.40761964218495,15.3643668002858,,0
6,206,Yes,6.0,3,1,24,7,BrownChromis,41.5413119256442,No,,1.0,2.0,NRL_r,142.59004344410073,1562.4537555866318,84.62893100274493,60.35664207984809,55.16380962173461,116.8142657047986,34.89103363596943,,0
6,206,Yes,6.0,3,1,24,8,BicolorDamselfish,39.62656681908636,No,,1.0,2.0,NRL_r,58.35521308613061,1166.2676065216651,52.2882575945266,64.41352198992898,52.04956001909339,112.7111490369323,37.060617794184594,,0
6,206,Yes,6.0,3,1,24,9,BrownChromis,55.06081025012819,No,,1.0,2.0,NRL_r,98.0736169672977,1884.948407630292,164.0006304515496,84.94935454507805,48.57617980967376,127.30678428494352,54.66195778201288,,0
6,206,Yes,6.0,3,1,24,10,BrownChromis,36.88540101021825,Yes,2399.0,0.0,1.0,FR,543.925573812316,481.2201966365069,57.38203405730924,66.3689621902525,8.400141650604136,41.32610940282349,38.18310104760636,960.6199638233392,1
6,206,Yes,6.0,3,1,24,11,BrownChromis,46.27740118410812,No,,1.0,2.0,NRNL_r,597.236930845583,1253.176015342897,81.80868029705286,85.6683700668677,,26.651604044690473,64.14928491794124,,0
6,206,Yes,6.0,3,1,24,12,BrownChromis,47.17047771099543,No,,1.0,2.0,NRNL_r,541.0765195805284,1437.6503760663916,79.70553882929566,93.61465037862044,,146.67678223136645,71.53701304326269,,0
6,206,Yes,6.0,3,1,24,13,BrownChromis,46.07142746906116,No,,1.0,2.0,NRNL_r,468.0818896386546,1809.282310957637,73.03625403688898,76.93847900589986,,131.61652544754443,65.77107645931281,,0
6,206,Yes,6.0,3,1,24,14,BrownChromis,45.05827091236231,No,,1.0,2.0,NRNL_r,750.2801566825206,1758.565058845127,53.56846693825778,74.08720411629567,,102.34627585650009,71.35451661049456,,0
6,206,Yes,6.0,3,1,24,15,BrownChromis,44.310003000199,No,,1.0,2.0,NRNL_r,437.2057837565304,1061.2516531892118,58.9546273564122,82.80385328867797,,119.59679685733022,80.4620102265223,,0
6,206,Yes,6.0,3,1,24,16,BrownChromis,58.10163034684879,No,,1.0,2.0,NRNL_r,864.5571698318884,1132.6323592818796,61.59979460490405,73.17679682321322,,153.35548398428742,79.9707072897817,,0
6,206,Yes,6.0,3,1,24,17,Doctorfish,124.6110314593594,No,,1.0,2.0,NRNL_r,875.9830035444369,2381.9573439014252,22.923758759861755,41.250189265604,,47.81923328312204,74.77466523632555,,0
6,206,Yes,6.0,3,1,24,18,BrownChromis,40.139675999033926,No,,1.0,2.0,NRNL_r,1102.155276182082,2072.895610532232,25.918233981435662,55.84514443359027,,45.680837092391315,84.44844223866795,,0
6,206,Yes,6.0,3,1,24,19,BrownChromis,,No,,1.0,2.0,NRUD,,,0.0,0.0,0.0,,,,0
6,206,Yes,6.0,3,1,24,20,BrownChromis,28.613917952884936,No,,1.0,2.0,NRNL_r,271.22676248353014,1842.0301380342933,120.30199092967554,87.43507819344718,,125.6449965741285,57.76811455057201,,0
6,206,Yes,6.0,3,1,24,21,BrownChromis,38.32426232301384,No,,1.0,2.0,NRL_r,260.0191562634704,1694.8166065100932,128.27971075039125,90.18647805368316,58.722739392541925,105.21523180420478,48.97003289624144,,0
6,206,Yes,6.0,3,1,24,22,BrownChromis,32.32665917075949,No,,1.0,2.0,NRL_r,80.37727997559206,2006.6338121670724,300.711308090773,70.95204815414074,47.126940917359995,29.033843987364587,47.69431511903941,,0
6,206,Yes,6.0,3,1,24,23,BicolorDamselfish,34.61659961070714,No,,1.0,2.0,NRL_r,129.52372332040702,1604.5307288242057,138.2617245947938,87.8187816840925,51.65697507941196,81.10636201725937,45.798144800940875,,0
6,206,Yes,6.0,3,1,24,24,BrownChromis,58.30657193519732,No,,1.0,2.0,NRL_r,110.9810706298856,1743.3452605045215,82.76484295320104,61.03834013437529,61.03834013437529,119.2228215466819,34.885755874776265,,0
6,206,Yes,6.0,3,1,24,25,BrownChromis,52.34240846515348,No,,1.0,2.0,NRL_r,210.1766285372782,1428.291991002933,108.87117265695656,78.23167302116883,33.31169704335094,57.36478092213771,46.21766351222733,,0
6,206,Yes,6.0,3,1,24,26,BrownChromis,37.79811427035573,No,,1.0,2.0,NRNL_r,272.36172538229516,801.7825954379331,59.43024175162407,76.48177451817654,,37.42929634455413,58.62808812530541,,0
6,206,Yes,6.0,3,1,24,27,BrownChromis,37.98088095267077,No,,1.0,2.0,NRNL_r,524.0172741272071,804.7021458717882,68.24001177514906,80.89517427955248,,121.62789960998064,55.88348833797532,,0
6,206,Yes,6.0,3,1,24,28,Basslet,49.89353997413697,No,,1.0,2.0,NRNL_r,21.784118937731684,1308.6334300691326,57.653013905511486,81.21916144265325,,70.86463525890012,61.00397069887447,,0
6,206,Yes,6.0,3,1,24,29,BrownChromis,31.32933694419254,No,,1.0,2.0,NRL_r,83.86169404317322,2048.2529138748127,343.62925140861785,94.68961210227776,90.13176724414676,88.72227468512344,49.19398851041011,,0
6,208,No,4.0,3,1,25,1,BrownChromis,35.59545190989268,No,,,,NRNL_nr,970.6860021745496,1486.4377032496816,29.01370875710577,43.420554027871226,,140.59963440650787,90.0956653252152,,0
6,208,No,4.0,3,1,25,2,BrownChromis,44.489282486563354,No,,,,NRNL_nr,683.9346389956331,1395.5415259953795,48.523697798762264,56.72736045851778,,160.0782520629235,69.56618755507411,,0
6,208,No,4.0,3,1,25,3,BrownChromis,50.341693839768766,No,,,,NRNL_nr,479.73177546904,1826.8259862137293,79.84375627538489,59.752039602841954,,143.91404446800192,68.40597034865168,,0
6,208,No,4.0,3,1,25,4,BrownChromis,49.991432503337315,No,,,,NRNL_nr,707.1967020845938,679.5875853788883,31.171930798393003,42.68603148817011,,41.27767218113462,61.62906035399054,,0
6,208,No,4.0,3,1,25,5,BrownChromis,59.9512542452644,No,,,,NRNL_nr,610.3397877672865,2037.9665621332977,61.254725065669305,51.21645175492058,,90.28069526929444,60.17509037699008,,0
6,208,No,4.0,3,1,25,6,BrownChromis,36.877997732312814,No,,,,NRNL_nr,341.57734858943684,2169.415081618428,135.1803008797632,52.52750382822151,,114.93536210342016,56.02324997028677,,0
6,208,No,4.0,3,1,25,7,BrownChromis,59.000796142181535,No,,,,NRNL_nr,836.7507865190629,1858.8161210905052,39.15921267880903,50.65111102796477,,59.6675718516293,75.36111691261482,,0
6,208,No,4.0,3,1,25,8,BrownChromis,43.56023835330473,No,,,,NRNL_nr,913.2401783010364,886.311017955381,26.290609749953266,44.36354729000839,,143.42430934683338,95.32585338628814,,0
6,208,No,4.0,3,1,25,9,BrownChromis,45.92944494551957,No,,,,NRNL_nr,281.48992992081804,1038.7305078470984,40.04724855441556,60.34151785738431,,139.59154302823256,73.09584337635452,,0
6,208,No,4.0,3,1,25,10,BrownChromis,50.82649733133822,No,,,,NRL_nr,110.13836251957144,935.391177521969,17.303656915728702,33.994008102355174,33.994008102355174,132.7604354841381,35.80947257235065,,0
6,208,No,4.0,3,1,25,11,BrownChromis,45.40797741078044,No,,,,NRNL_nr,461.7154242094077,896.6814423357692,60.67329213744951,65.07038496804438,,154.38179820263574,61.862782552942946,,0
6,208,No,4.0,3,1,25,12,BrownChromis,27.371847683703276,No,,,,NRL_nr,200.1400074662754,1831.56092305272,64.19409817523973,46.53640356105976,44.40404463951695,99.28425146363412,46.98629011026008,,0
6,208,No,4.0,3,1,25,13,BicolorDamselfish,33.921350957249345,No,,,,NRL_nr,160.8778504552849,1320.9441330469776,47.86233437390523,54.129884443526024,42.97478084278433,93.95856174335648,44.67167956156517,,0
6,208,No,4.0,3,1,25,14,BicolorDamselfish,33.344633927154874,No,,,,NRL_nr,277.3617632332915,1792.078333732494,105.81145040608531,65.67802499146437,32.02013159278938,148.4727837828109,54.92407079016246,,0
6,208,No,4.0,3,1,25,15,Basslet,97.78521834031716,No,,,,NRNL_nr,6.214263221771018,1278.0441057255996,36.2447787951571,52.87937637554954,,137.5325151267038,61.5667024910142,,0
6,208,No,4.0,3,1,25,16,Basslet,66.16448562513918,No,,,,NRNL_nr,255.78635391084555,1494.6434286261897,55.89785206350955,63.76909162549022,,87.07148947018429,68.21017984648982,,0
6,208,No,4.0,3,1,25,17,BrownChromis,48.18497280815885,No,,,,NRL_nr,367.1102151371044,1076.2398224090502,74.61112477890697,55.122553349208694,33.963876174290725,89.21068961355031,53.48470527056219,,0
6,208,No,4.0,3,1,25,18,BrownChromis,25.883055669445145,No,,,,NRNL_nr,281.58715855463834,2045.1069828297896,172.4863566095389,69.69110653675101,,169.0427784709159,56.28018627343185,,0
6,208,No,4.0,3,1,25,19,BrownChromis,26.938861655891635,No,,,,NRNL_nr,283.88164738641944,1932.4538731070973,149.7850072932268,72.84476959195058,,156.2159748571421,60.320452747676065,,0
6,208,No,4.0,3,1,25,20,BrownChromis,23.64990381689888,No,,,,NRNL_nr,260.8666850420152,1797.688530062541,132.00453286009625,75.20474526617109,,114.14722099038336,62.23196519651363,,0
6,208,No,4.0,3,1,25,21,BrownChromis,,No,,,,NRUD,,,0.0,0.0,0.0,,,,0
6,208,No,4.0,3,1,25,22,BrownChromis,,No,,,,NRUD,,,0.0,0.0,0.0,,,,0
6,210,No,0.5,3,1,27,1,BrownChromis,53.333414427728634,No,,,,NRL_nr,433.2091160287053,1520.6398841254843,83.17518286112872,67.89400492448424,43.67986879312235,93.96908536413348,53.2187916228386,,0
6,210,No,0.5,3,1,27,2,BrownChromis,69.5462048311325,No,,,,NRL_nr,387.50441086684066,1793.124643300605,182.60854369835363,107.64779256466468,47.5218145050539,136.72771027124222,53.13630287190068,,0
6,210,No,0.5,3,1,27,3,BrownChromis,,No,,,,NRUD,,,0.0,0.0,0.0,,,,0
6,210,No,0.5,3,1,27,4,BrownChromis,61.53495241903117,No,,,,NRNL_nr,457.0769491560958,2012.087775501727,336.7945417090446,125.83205692168106,,111.851821003863,55.433240120499505,,0
6,210,No,0.5,3,1,27,5,BrownChromis,44.280096138152615,No,,,,NRNL_nr,449.6113851845753,1978.5784234525163,367.3457626102275,142.1766476572219,,115.53049200135212,57.80184817720522,,0
6,210,No,0.5,3,1,27,6,BrownChromis,48.88689207509861,No,,,,NRNL_nr,522.1741819804515,1815.0541574522283,147.395831018003,97.4287107320469,,119.33322465878864,62.05372830376777,,0
6,210,No,0.5,3,1,27,7,BrownChromis,72.92070562310005,No,,,,NRNL_nr,633.7939440557446,2013.3946578916596,167.3747853089154,101.2488620752531,,113.91664723705992,60.81808393950051,,0
6,210,No,0.5,3,1,27,8,BrownChromis,44.75539466867736,No,,,,NRNL_nr,1048.2951435789662,2022.9869944234104,32.65803846053012,59.23516606940523,,109.54531403932162,83.17528294950074,,0
6,210,No,0.5,3,1,27,9,BrownChromis,54.05360321682985,No,,,,NRNL_nr,863.7961471306719,722.4521161914079,69.650131007426,47.174362647623234,,132.69289491843276,86.11024006828202,,0
6,210,No,0.5,3,1,27,10,BrownChromis,58.80079813385613,No,,,,NRNL_nr,765.3161724662176,773.1228918859792,792670.2309088595,159.79213469500135,,150.64946240282035,70.59689533679582,,0
6,210,No,0.5,3,1,27,11,BrownChromis,58.51367364018027,No,,,,NRL_nr,141.55772899070163,1988.346170574564,55.940059219543365,70.47724544646465,70.47724544646465,70.80567007755029,42.42918208107012,,0
6,210,No,0.5,3,1,27,12,BrownChromis,60.682077351522544,No,,,,NRNL_nr,872.392459376889,1069.5962040174984,90.93761080090232,71.63086540790583,,132.94469015646493,93.33630105458047,,0
6,210,No,0.5,3,1,27,13,BrownChromis,50.21394790255555,No,,,,NRNL_nr,965.6846563529396,1081.6866626564863,91.8316355689357,73.57261895021635,,107.01270734773514,93.50643239132432,,0
6,210,No,0.5,3,1,27,14,BrownChromis,59.640782613006344,No,,,,NRNL_nr,764.9716579035338,773.3859546498273,792670.5028494531,121.78495594864366,,150.90689060839586,70.63338253156381,,0
6,210,No,0.5,3,1,27,15,BrownChromis,52.8256758373557,No,,,,NRL_nr,398.9791986058113,1806.3519918316897,133.91643114333365,102.78523544516852,97.20149008193414,107.38727200964118,48.06786735360506,,0
6,210,No,0.5,3,1,27,16,BrownChromis,21.89612091191489,No,,,,NRL_nr,173.72674448300083,1852.646705619508,150.90936232519363,103.49023181809174,31.816018234741534,120.62956266987028,49.159734175214986,,0
6,210,No,0.5,3,1,27,17,BrownChromis,50.362574009405954,No,,,,NRNL_nr,1221.735437939832,2110.0574334830912,24.320599778645903,49.99511810373009,,78.97551691614983,90.77883775918664,,0
6,210,No,0.5,3,1,27,18,BicolorDamselfish,37.43078342567598,No,,,,NRNL_nr,241.0987754114828,1693.66075630174,70.88431789707435,71.90720689024587,,124.44613267689547,64.43527793911363,,0
6,210,No,0.5,3,1,27,19,BrownChromis,46.7189088126908,No,,,,NRNL_nr,499.06536814338494,1950.0660802334528,139.65234323990862,111.0985293478254,,103.14173790930178,64.1469895314748,,0
6,210,No,0.5,3,1,27,20,BrownChromis,35.83797979816309,No,,,,NRNL_nr,795.7812426131763,2385.605955047663,28.71263089094946,53.98762115369175,,127.34191086487348,72.91501190937055,,0
6,210,No,0.5,3,1,27,21,Basslet,67.95724607254375,No,,,,NRNL_nr,254.05036423781308,1124.063234845022,37.86639553213441,52.40109674290202,,94.09751788729524,64.7426966870265,,0
6,210,No,0.5,3,1,27,22,BicolorDamselfish,27.808048123192908,No,,,,NRL_nr,92.27927827048812,1625.1202137731389,93.66836238495014,78.91355625041751,58.66330704512596,123.81716939327082,51.33350718724887,,0
6,210,No,0.5,3,1,27,23,BicolorDamselfish,40.12064129805136,No,,,,NRL_nr,78.22414114110686,915.6815588886226,17.916245676683047,34.92670180210482,8.337607795433346,57.26360162989303,38.25275569993203,,0
6,210,No,0.5,3,1,27,24,BrownChromis,,No,,,,NRUD,,,0.0,0.0,0.0,,,,0
6,210,No,0.5,3,1,27,25,BrownChromis,,No,,,,NRUD,,,0.0,0.0,0.0,,,,0
6,210,No,0.5,3,1,27,26,BrownChromis,25.684307863537292,No,,,,NRNL_nr,339.6589467892369,1916.3719158886877,251.48893149085495,117.0652564986395,,120.37186830441776,57.28760574351893,,0
6,210,No,0.5,3,1,27,27,BrownChromis,18.0703298935479,No,,,,NRL_nr,251.8164537276701,2021.0108495393067,148.35667870914207,104.07312735745435,38.66150241748392,124.99012424315823,52.03896382831391,,0
6,211,No,1.0,3,1,28,1,BrownChromis,55.996523234060746,No,,,,NRNL_nr,406.2992053454465,1687.6489796133478,78.40065033878517,102.20920821212108,,80.88801852116315,56.405311428252205,,0
6,211,No,1.0,3,1,28,2,BrownChromis,40.96533894951996,No,,,,NRNL_nr,454.2364955879264,2137.657965376355,206.1773065699659,140.09564158585349,,120.51447047973956,69.92577116292674,,0
6,211,No,1.0,3,1,28,3,BrownChromis,35.57864254412113,No,,,,NRNL_nr,430.02957892591246,2021.3121694433244,189.720200210952,148.3737130475337,,86.20859037128697,70.67960337492083,,0
6,211,No,1.0,3,1,28,4,BrownChromis,34.83220817004439,No,,,,NRNL_nr,628.8039009317927,2114.42690213421,171.3356840650917,154.06175899914345,,116.88511464706669,75.57176327610662,,0
6,211,No,1.0,3,1,28,5,Basslet,118.08741860649036,No,,,,NRNL_nr,577.469099873808,2276.369241250753,137.35004171628276,122.55962939875522,,116.12179080214052,71.20041770305453,,0
6,211,No,1.0,3,1,28,6,Basslet,87.79580274953278,No,,,,NRNL_nr,1398.2707861340316,3042.2570952154824,24.16216328856225,62.99112373033207,,104.57505975474342,79.28891088951049,,0
6,211,No,1.0,3,1,28,7,BicolorDamselfish,53.7679200356779,No,,,,NRL_nr,138.73568159329565,1391.5309864283918,84.75243005088699,114.0032545579966,3.219755449895648,97.71452352088912,54.00253356843726,,0
6,211,No,1.0,3,1,28,8,BrownChromis,33.63396162752734,No,,,,NRNL_nr,232.9740667042592,1941.5990433693937,126.3940806892268,110.07942444561728,,144.22638627089955,56.629218266886554,,0
6,211,No,1.0,3,1,28,9,BrownChromis,37.87153091410295,No,,,,NRNL_nr,198.95018176833065,2140.830554604938,92.86150213061916,106.98113815494705,,45.14065030609524,60.20942839818942,,0
6,211,No,1.0,3,1,28,10,BrownChromis,27.821389061677657,No,,,,NRNL_nr,264.7371670890981,1907.5725320641836,179.77935358417432,127.60658066704588,,22.11190786373996,65.81076615622578,,0
6,211,No,1.0,3,1,28,11,BrownChromis,21.131739330205615,No,,,,NRNL_nr,323.15275053259506,1812.8912865753457,162.92558217881742,118.8970951138122,,128.41756149701962,69.63586527020693,,0
6,211,No,1.0,3,1,28,12,BrownChromis,68.99824783490244,No,,,,NRNL_nr,1144.836171416303,2090.3485335460355,59.817973885831634,97.75229366508478,,170.09779527167808,85.58979919795831,,0
6,211,No,1.0,3,1,28,13,BrownChromis,51.1084587519168,No,,,,NRNL_nr,564.5702353351224,1492.8447841580112,124.77033751867694,125.50281950964433,,140.36352392657938,72.03806802254972,,0
6,211,No,1.0,3,1,28,14,BrownChromis,55.27305466118827,No,,,,NRNL_nr,514.5143484717593,1348.054315343595,150.23774408646983,140.20386661424598,,127.70794921687846,77.53854836064009,,0
6,211,No,1.0,3,1,28,15,BrownChromis,54.5157786969179,No,,,,NRNL_nr,569.8182391819826,1535.6024876687306,176.3382440991784,147.57949909272634,,21.800480674380704,79.83876620299448,,0
6,211,No,1.0,3,1,28,16,BrownChromis,46.89918836383123,No,,,,NRNL_nr,788.2711641697241,1613.23079711013,157.28585193442342,145.6932307855752,,118.55085577439552,86.53193047588483,,0
6,211,No,1.0,3,1,28,17,BrownChromis,53.73659768277248,No,,,,NRNL_nr,826.3391248370262,1637.072518182977,153.20727903663007,139.629462756227,,42.552196537884406,84.1191839242537,,0
6,211,No,1.0,3,1,28,18,BrownChromis,71.1212222670292,No,,,,NRNL_nr,551.2527178734232,833.5197792080115,90.98870504359743,108.82032072047286,,95.36502087054576,71.44358840310773,,0
6,211,No,1.0,3,1,28,19,BrownChromis,57.91153837884385,No,,,,NRNL_nr,767.5730929985685,1090.6287711378177,116.85963063933995,125.43533034778612,,116.07737963616532,82.60713924248701,,0
6,211,No,1.0,3,1,28,20,BrownChromis,50.59124553053239,No,,,,NRNL_nr,783.8721364551801,1084.349174752985,121.21952152808794,122.3593705439729,,113.2196939280158,91.83975934221095,,0
6,211,No,1.0,3,1,28,21,BrownChromis,60.549747837972006,No,,,,NRNL_nr,689.7399752919655,877.6046431185547,105.45789710430086,105.30241962638678,,111.7219034127869,88.14514956840999,,0
6,211,No,1.0,3,1,28,22,BrownChromis,68.47267559640754,No,,,,NRNL_nr,1058.7960600488518,1372.3837713053454,63.4299954705013,99.82470482506072,,153.34936214886682,94.63307640411428,,0
6,211,No,1.0,3,1,28,23,BrownChromis,57.91655621314778,No,,,,NRNL_nr,488.692169715974,1047.2248337438002,117.4790377917852,139.07456471542244,,108.80318430202536,70.72704879377866,,0
6,211,No,1.0,3,1,28,24,Doctorfish,114.4492790063294,No,,,,NRNL_nr,1758.976950228726,3532.0603089437313,14.38747854572703,47.29830012298896,,159.68330105039897,75.69639439961519,,0
6,211,No,1.0,3,1,28,25,BicolorDamselfish,40.90581209963986,No,,,,NRNL_nr,6.5600984375073415,1747.6925563271743,110.98920070032804,122.71907380739266,,115.72882415172803,56.92089456140651,,0
6,211,No,1.0,3,1,28,26,BicolorDamselfish,34.68785999365907,No,,,,NRL_nr,93.31747060797136,1543.8888543410746,53.97059349210658,98.98269118266973,46.52265306916237,37.58508769218779,42.98598781032316,,0
6,211,No,1.0,3,1,28,27,Basslet,68.4829016237871,No,,,,NRNL_nr,202.12665896857,1202.1593039174468,85.88391555244395,118.41039171710683,,77.04740032801385,68.04826595828591,,0
6,211,No,1.0,3,1,28,28,BrownChromis,,No,,,,NRUD,,,0.0,0.0,0.0,,,,0
6,211,No,1.0,3,1,28,29,BrownChromis,,No,,,,NRUD,,,0.0,0.0,0.0,,,,0
6,211,No,1.0,3,1,28,30,BrownChromis,50.60233455134893,No,,,,NRNL_nr,606.9067301900657,1885.415856492761,95.8943981534161,105.0094407231783,,152.20666693918122,69.30530651132348,,0
6,211,No,1.0,3,1,28,31,BrownChromis,49.92051504427084,No,,,,NRNL_nr,627.7439908161826,1762.043438471177,171.93442713809887,153.49104123632347,,146.61661125598357,77.71751436037991,,0
6,211,No,1.0,3,1,28,32,BrownChromis,44.527115175015055,No,,,,NRNL_nr,821.9353396386209,2064.4797349481605,201.5870904584264,166.11153195939562,,81.74662257868528,81.89313239720748,,0
6,211,No,1.0,3,1,28,33,BrownChromis,51.35671516250812,No,,,,NRNL_nr,713.3607701604177,2081.296034040153,160.74290778013594,140.41027419860123,,22.13583045833843,76.97423706227346,,0
6,211,No,1.0,3,1,28,34,BrownChromis,77.50101516575197,No,,,,NRNL_nr,1031.0674477895648,2303.6291673479564,91.71431854922588,117.16794142656325,,52.29943861729328,83.35502095697656,,0
6,211,No,1.0,3,1,28,35,BrownChromis,76.76778892413873,No,,,,NRNL_nr,943.659043088846,2054.0321332026087,140.5485993655957,138.17696665516053,,118.27488577581614,86.09359040505042,,0
6,211,No,1.0,3,1,28,36,BrownChromis,43.6133327515791,No,,,,NRNL_nr,621.2925023161206,1863.8695313423707,168.62114857811832,153.99746167083055,,92.43413441683364,78.68395779968576,,0
6,211,No,1.0,3,1,28,37,BrownChromis,25.306762405080296,No,,,,NRNL_nr,206.3429698588879,1877.98004002722,153.1842973432677,125.47530722949976,,32.70296872801561,60.43432651524411,,0
6,211,No,1.0,3,1,28,38,BrownChromis,33.40293814724562,No,,,,NRNL_nr,379.0988907532045,2035.1090656070849,179.6101983124065,129.3994918818401,,128.43631156701747,67.91493971800013,,0
6,212,No,2.0,3,1,29,1,BrownChromis,44.71810172183519,No,,,,NRNL_nr,498.95030066954104,449.8018991542508,261.9370252453957,93.6248255433108,,7.8094052034645935,65.35285565031178,,0
6,212,No,2.0,3,1,29,2,Basslet,67.95525931975709,No,,,,NRNL_nr,130.4075595806658,1826.6370402512052,132.03367703698274,98.549695585796,,149.4959109581636,56.41521547622306,,0
6,212,No,2.0,3,1,29,3,BrownChromis,223.9360368077226,No,,,,NRNL_nr,343.4874955249331,2202.582248565301,33.308877682683665,69.85733310021315,,73.43770284672284,61.43890139403799,,0
6,212,No,2.0,3,1,29,4,BrownChromis,16.31935865898322,No,,,,NRNL_nr,137.42684028438984,1937.7180365922875,158.65897050025254,116.21382680968529,,42.55938327600385,59.542111541399194,,0
6,212,No,2.0,3,1,29,5,BrownChromis,31.396838365122782,No,,,,NRL_nr,179.15447945214177,1535.646564709575,138.424274517777,80.1708521063848,41.19802496856977,154.65023454937156,21.68848007118528,,0
6,212,No,2.0,3,1,29,6,BicolorDamselfish,27.353879210168635,No,,,,NRL_nr,131.8679472598211,1883.517648139663,44.00533354427232,79.61022567641889,73.98581555157499,117.53434138736918,43.71825813206427,,0
6,212,No,2.0,3,1,29,7,BrownChromis,40.441552312962,No,,,,NRL_nr,167.99050458636788,1706.129779993392,28.991509734150817,62.719597214450424,62.719597214450424,77.06170176777597,23.48410826100389,,0
6,212,No,2.0,3,1,29,8,BrownChromis,55.3482174607881,No,,,,NRNL_nr,700.777916924886,1473.9112422533449,55.78311480404655,74.67575693002931,,29.964319342377205,61.31942335577466,,0
6,212,No,2.0,3,1,29,9,BrownChromis,27.48771391213708,No,,,,NRNL_nr,345.56535931630526,1744.614720152208,433.1292215543628,135.16847489398086,,80.26027046338494,61.045754643147376,,0
6,212,No,2.0,3,1,29,10,BrownChromis,,No,,,,NRUD,,,0.0,0.0,0.0,,,,0
6,212,No,2.0,3,1,29,11,BrownChromis,,No,,,,NRUD,,,0.0,0.0,0.0,,,,0
6,212,No,2.0,3,1,29,12,BrownChromis,,No,,,,NRUD,,,0.0,0.0,0.0,,,,0
6,212,No,2.0,3,1,29,13,BrownChromis,43.18489483741839,No,,,,NRNL_nr,980.0195413095402,2049.03632540809,70.82504624496956,88.40313798412348,,129.31796309178472,79.7680898873054,,0
6,212,No,2.0,3,1,29,14,BrownChromis,45.7936421978604,No,,,,NRNL_nr,849.2538019003043,1886.1677424093969,103.42572245393237,104.97510119224258,,159.02020883775648,75.51296186016069,,0
6,212,No,2.0,3,1,29,15,BrownChromis,48.638655168253095,No,,,,NRNL_nr,619.3267300389087,1218.8850605369469,99.1017269479996,92.88928213517768,,126.67870148945391,77.35089420311132,,0
6,212,No,2.0,3,1,29,16,BrownChromis,60.54086175529959,No,,,,NRNL_nr,699.1371969034185,1831.119251263842,101.3876255936734,106.040289524632,,95.58631705419968,74.22934915558638,,0
6,212,No,2.0,3,1,29,17,BrownChromis,53.674279627064934,No,,,,NRNL_nr,940.1050861736576,1535.0441911810312,69.77118626565827,90.86952483388114,,138.19574525847642,87.75291073705029,,0
6,212,No,2.0,3,1,29,18,BrownChromis,44.710591287759165,No,,,,NRNL_nr,862.2919991405796,856.6864374852568,34.46797078182064,60.73225439908035,,144.71473098425608,80.36676404647903,,0
6,212,No,2.0,3,1,29,19,BrownChromis,38.1465597212264,No,,,,NRNL_nr,355.1635437981358,1711.730031018113,423.9211037820229,110.2889291270013,,107.11530992513184,59.96659205328336,,0
6,212,No,2.0,3,1,29,20,BrownChromis,31.126071359825957,No,,,,NRL_nr,249.8106355821512,1578.0511920483575,116.3409507641272,74.12948095985327,18.815559653082865,112.27892136070191,25.328596491574658,,0
6,212,No,2.0,3,1,29,21,BrownChromis,40.239660834444024,No,,,,NRL_nr,255.13490385609748,1425.6503150041842,148.7113341883219,70.92023372763667,48.86458693021908,96.50486853128292,22.218407774890863,,0
6,212,No,2.0,3,1,29,22,BrownChromis,42.69156482791104,No,,,,NRL_nr,221.37102143416513,1342.61362613222,85.65145003430823,59.40391300576692,43.99144015300119,93.39812439255734,19.173790980397975,,0
6,212,No,2.0,3,1,29,23,BicolorDamselfish,36.81334553517357,No,,,,NRL_nr,180.92822721261825,1050.071046250978,37.94042040704668,70.88216508978316,56.62515605024319,131.9327651241962,45.7196945792168,,0
6,212,No,2.0,3,1,29,24,BicolorDamselfish,53.53697740972557,No,,,,NRNL_nr,117.88395178122892,1569.8156094699054,86.8960001031135,85.92248556963585,,75.46535225662001,56.6405407126137,,0
6,212,No,2.0,3,1,29,25,BrownChromis,63.93987887945146,No,,,,NRNL_nr,226.694669668344,2033.1035401827469,124.5838210903149,111.22611478773597,,98.84930805211997,62.38027222038268,,0
6,212,No,2.0,3,1,29,26,Snapper,259.7952980045659,No,,,,NRNL_nr,1310.2898559610524,2816.889909841431,12.187548245217368,50.38705894853524,,89.01477085213622,82.75591263059626,,0
6,212,No,2.0,3,1,29,27,BrownChromis,53.84946590675193,No,,,,NRNL_nr,838.6736919067963,1921.2033899709984,63.29719301482895,79.00414380285177,,142.4303809723925,66.82207946343992,,0
6,212,No,2.0,3,1,29,28,BrownChromis,45.39362096905428,No,,,,NRNL_nr,706.6666503373475,2208.4843008346206,50.76884486127329,76.61001675260317,,72.4971300991251,62.67663952269415,,0
6,212,No,2.0,3,1,29,29,BrownChromis,49.43427487950239,No,,,,NRNL_nr,1287.1205711784194,2213.1942418710637,24.887455415815097,69.4986772993863,,135.0427977050425,91.57500408318444,,0
6,212,No,2.0,3,1,29,30,BrownChromis,68.97270849542645,No,,,,NRNL_nr,1141.6518593351288,1547.6144175135478,51.7919211587669,74.21743358051609,,115.08931538053808,87.4476052596043,,0
6,212,No,2.0,3,1,29,31,BrownChromis,41.56266707977692,No,,,,NRNL_nr,503.2431311789994,1242.163551028499,76.52815507092338,84.79812468032337,,47.70743345997826,79.36341696374996,,0
6,212,No,2.0,3,1,29,32,BrownChromis,44.093956248078115,No,,,,NRNL_nr,742.3142644249721,1388.6475644168836,99.48781823646952,104.30431134454808,,114.99569225361958,79.38484102625857,,0
6,212,No,2.0,3,1,29,33,BrownChromis,51.42062693720877,No,,,,NRNL_nr,527.2096833913108,425.92836802428315,387.3505369076823,96.98754659524276,,70.5926071548735,78.79072664164369,,0
6,212,No,2.0,3,1,29,34,BrownChromis,51.38501076776232,No,,,,NRNL_nr,516.738876143547,426.8285867975999,363.4581456840402,81.20958981290022,,96.55196918603072,74.50329344990404,,0
6,212,No,2.0,3,1,29,35,BrownChromis,49.65551974571997,No,,,,NRNL_nr,513.0623958286416,512.4028836921988,166.78894430058966,70.89865921398892,,36.40956035400339,70.33315255308817,,0
6,213,No,4.0,3,1,30,1,BrownChromis,65.92218763390913,No,,,,NRL_nr,567.9265196451939,1219.2563659059076,69.78171846694676,67.8616539218344,65.01748901141816,86.27924292789962,8.063950253276882,,0
6,213,No,4.0,3,1,30,2,BrownChromis,46.772965418506445,No,,,,NRL_nr,398.366828122648,542.4898894231006,63.01958205413431,94.08489563758344,19.329772795641627,97.88943229065276,36.1526596666728,,0
6,213,No,4.0,3,1,30,3,BrownChromis,45.75845491863061,No,,,,NRNL_nr,865.2889139305769,956.9108643198458,87.06031721637704,78.18267818477155,,20.983731059826813,88.10611382136914,,0
6,213,No,4.0,3,1,30,4,BrownChromis,35.05861702656351,No,,,,NRNL_nr,731.9715874438414,801.8877426993994,100.9681309776252,86.3587798533919,,56.983726954142845,82.68091178141024,,0
6,213,No,4.0,3,1,30,5,BrownChromis,50.59590009611401,No,,,,NRNL_nr,705.5763379753992,995.8312449864512,96.21741474314352,83.04122384935927,,45.086661292254576,72.07676509331989,,0
6,213,No,4.0,3,1,30,6,BrownChromis,40.96450732858849,No,,,,NRNL_nr,427.1176210812838,836.5226663862773,69.50863910557348,84.78633033242863,,26.26080731784746,72.67064914432915,,0
6,213,No,4.0,3,1,30,7,BrownChromis,50.85869036210656,No,,,,NRL_nr,984.0002663348992,461.6483911973014,3647.1128767144537,175.26339178326384,63.75436324225419,163.31094836287767,47.96707606825075,,0
6,213,No,4.0,3,1,30,8,Basslet,92.7528941307406,No,,,,NRNL_nr,101.34589396375875,1643.1460477048906,34.16438917670516,64.7112245130915,,83.59892016375206,64.10840577953203,,0
6,213,No,4.0,3,1,30,9,Basslet,66.05719332949141,No,,,,NRL_nr,126.89868633085833,792.9265260539305,72.57626648057892,89.28825439848701,38.42364507244405,142.78791846519485,45.90511220295216,,0
6,213,No,4.0,3,1,30,10,BicolorDamselfish,31.397588108271577,No,,,,NRL_nr,121.25678187770907,1492.3581626128664,71.2070794929034,75.15488677384158,34.09179765849014,5.870062973435792,41.06172896853311,,0
6,213,No,4.0,3,1,30,11,BicolorDamselfish,39.66548119392695,No,,,,NRL_nr,33.34316827622564,1647.327520846913,81.02815191007201,75.66375890849771,38.1325664639658,135.53531358518623,45.878916838076584,,0
6,213,No,4.0,3,1,30,12,BicolorDamselfish,31.761144227339297,No,,,,NRL_nr,359.921874698931,660.8848588851698,102.95511147138664,104.83934935711068,41.55356126646877,138.70642228073962,42.8674071502437,,0
6,213,No,4.0,3,1,30,13,BrownChromis,47.379389390846946,No,,,,NRNL_nr,687.1505394502966,1220.4935025400337,87.9367724335886,83.61410469947917,,23.710572639423447,74.21885844483174,,0
6,213,No,4.0,3,1,30,14,BrownChromis,42.91072108801551,No,,,,NRNL_nr,807.1168830601255,1321.0098964179228,66.99168899198555,79.44277211122832,,78.61478640454835,70.03082122683972,,0
6,213,No,4.0,3,1,30,15,BrownChromis,59.258358898044435,No,,,,NRL_nr,565.5356687816649,570.2109072820947,91.45703254443735,101.22805549525124,47.46184472902023,39.71584313348403,26.299773054658033,,0
6,213,No,4.0,3,1,30,16,BrownChromis,53.908657263225805,No,,,,NRL_nr,710.1626842346286,774.5688241589825,66.35097051924583,89.72466505423354,47.83976897881423,147.14912142913627,40.99809214737723,,0
6,213,No,4.0,3,1,30,17,BrownChromis,43.68947762795203,No,,,,NRL_nr,439.4589189044193,935.6658209486686,72.00192580369075,81.73624873920326,53.18649130563461,141.7587954047205,26.178698855517883,,0
6,213,No,4.0,3,1,30,18,BicolorDamselfish,35.291014446975446,No,,,,NRL_nr,218.0181673720036,2050.702224971998,12.597622742876846,41.076802441078925,41.076802441078925,90.6883539639718,17.79758930538021,,0
6,213,No,4.0,3,1,30,19,BrownChromis,59.346620017565016,No,,,,NRNL_nr,529.4115912015404,1566.659712586125,54.53429658743309,69.67524686015985,,106.55845489340864,60.12101447732456,,0
6,213,No,4.0,3,1,30,20,BrownChromis,38.90789212150472,No,,,,NRNL_nr,92.1878457680848,1345.414865190529,66.23160527784323,88.30726813974692,,85.83627737290853,56.45240041396554,,0
6,213,No,4.0,3,1,30,21,BrownChromis,41.78934037838629,No,,,,NRL_nr,362.9500575464595,1252.8377781530978,82.44127613024624,83.09088579115422,45.30030024468997,137.6489390337181,54.42629964526844,,0
6,213,No,4.0,3,1,30,22,BrownChromis,47.02211323425217,No,,,,NRL_nr,623.6747996394403,1314.4775785504685,58.60902305534742,72.1594852307386,46.18391531524898,168.89314860960357,49.40815197117253,,0
6,213,No,4.0,3,1,30,23,BrownChromis,32.70862795970285,No,,,,NRL_nr,80.12861084787437,1850.756899888125,62.83737570482213,64.53586725484517,54.313021683075945,114.89944332103484,47.49698588481424,,0
6,213,No,4.0,3,1,30,24,BrownChromis,75.76041129741624,No,,,,NRNL_nr,1076.691500785106,483.7393006209739,43.1599915366887,71.8004930267454,,78.09023627089262,58.35006918849461,,0
6,213,No,4.0,3,1,30,25,BrownChromis,64.89940109010354,No,,,,NRL_nr,994.0065925767178,466.37915152280885,3645.2248418466497,133.44541418852234,133.44541418852234,136.5836493181016,47.99699419290979,,0
6,213,No,4.0,3,1,30,26,BrownChromis,47.898630991782824,No,,,,NRL_nr,785.6022894072676,517.0707937184643,100.18655260136528,94.52921712106402,64.81147113505288,27.246686267175004,25.42954049998629,,0
6,213,No,4.0,3,1,30,27,BrownChromis,56.45517230331005,No,,,,NRNL_nr,775.8513424254297,477.7298782258033,55.68078561196752,70.88411561310791,,105.90717137387924,93.18554252614938,,0
6,213,No,4.0,3,1,30,28,BrownChromis,42.18350387912014,No,,,,NRL_nr,828.7018930903445,914.0722445022558,48.26425940980287,62.40033618160171,62.40033618160171,31.80721767907263,30.014347984988717,,0
6,213,No,4.0,3,1,30,29,BrownChromis,45.05738937116701,No,,,,NRL_nr,724.2418159254306,1028.2398044907438,64.20111200741577,81.01632365665189,59.129659259049895,82.01311003439919,7.042419269517472,,0
6,213,No,4.0,3,1,30,30,BrownChromis,45.228143379956606,No,,,,NRL_nr,606.3029225093987,1136.397643393119,59.77116038254425,68.6858937295621,57.47087991007342,110.4555229586807,18.457172624047995,,0
6,214,Yes,8.0,3,1,31,1,BicolorDamselfish,31.916052622441597,Yes,2409.0,59.0,11.0,SRL,161.5653537949943,1029.4073776019784,89.88450254948293,123.55991153007088,62.376314090812855,86.88178522647536,42.31716368509163,401.8294342933599,1
6,214,Yes,8.0,3,1,31,2,BrownChromis,,No,,85.0,14.0,NRUD,,,0.0,0.0,0.0,,,,0
6,214,Yes,8.0,3,1,31,3,BrownChromis,52.83962661196093,No,,85.0,14.0,NRNL_r,229.68371514503903,1404.5478302926615,86.9755153496356,117.97925645831889,,135.77884893721782,59.23366371122486,,0
6,214,Yes,8.0,3,1,31,4,Parrotfish,198.7652852666876,No,,85.0,14.0,NRL_r,36.83148185292904,1689.597659002496,24.119392772513105,59.46038843115017,57.986551891790945,116.58197659738504,27.211987787130816,,0
6,214,Yes,8.0,3,1,31,5,Parrotfish,160.50244042884898,No,,85.0,14.0,NRL_r,277.92040203273075,2402.57520010232,16.268168935168564,48.84473670087416,48.84473670087416,48.53409000340042,38.68844880650677,,0
6,214,Yes,8.0,3,1,31,6,BrownChromis,23.354559667793325,No,,85.0,14.0,NRL_r,295.82679405406196,1760.4870633156006,90.87682994334416,99.85279411092873,81.21208163159518,94.42425754702896,51.72848705300421,,0
6,214,Yes,8.0,3,1,31,7,Basslet,59.27775358587841,No,,85.0,14.0,NRNL_r,123.01364352142424,1259.3592222531252,68.16528559776731,104.4727940831058,,104.43810189065456,68.76610399980464,,0
6,214,Yes,8.0,3,1,31,8,Basslet,99.3536934704413,No,,85.0,14.0,NRNL_r,85.39772915124588,1498.267218987624,67.36300384037933,99.06344160360592,,131.16611042406126,65.6852074391274,,0
6,214,Yes,8.0,3,1,31,9,BrownChromis,37.7660263230756,No,,85.0,14.0,NRL_r,227.856426474938,1855.602173609621,81.73413704456645,87.01006479468461,72.83449145132678,23.7107655663049,54.87372294089757,,0
6,214,Yes,8.0,3,1,31,10,BrownChromis,61.19755021511175,Yes,2397.0,47.0,6.0,SRL,700.2119272025606,627.5006115367659,97.66650022338683,98.54576463413514,36.386053195050344,79.31397512230225,44.334385864080545,1664.992191672576,1
6,214,Yes,8.0,3,1,31,11,BrownChromis,44.508284112138625,No,,85.0,14.0,NRNL_r,562.3237285373699,1495.4398321778483,63.00089462599923,98.03564891933313,,143.5018412278342,61.097490824205835,,0
6,214,Yes,8.0,3,1,31,12,BrownChromis,48.02618638879181,No,,85.0,14.0,NRNL_r,490.8958775669969,1818.5092632772555,50.764980587239975,80.76884219432006,,123.7603017626333,67.25758964104752,,0
6,214,Yes,8.0,3,1,31,13,BrownChromis,50.7002090698798,Yes,2398.0,48.0,7.0,SRL,778.7508918144388,832.4918898026929,75.53940105564156,99.68600483093807,75.2438168068174,42.33364198227069,40.87366935114325,1901.7510785427532,1
6,214,Yes,8.0,3,1,31,14,BrownChromis,62.200084540159686,No,,85.0,14.0,NRNL_r,945.7184602802016,2274.9603438266845,20.81157824823094,51.98148863240745,,110.38293953853582,71.21274841807819,,0
6,214,Yes,8.0,3,1,31,15,BrownChromis,50.897277233728744,No,,85.0,14.0,NRNL_r,829.5497251790764,1581.315039600913,41.56288248778338,80.66681843736835,,94.0606395231094,81.91260519108936,,0
6,214,Yes,8.0,3,1,31,16,BrownChromis,68.8400995753477,No,,85.0,14.0,NRNL_r,1150.4824094844391,1601.2684978516438,27.476504862144207,64.58032545764169,,140.6972815709431,92.83491264105628,,0
6,214,Yes,8.0,3,1,31,17,BrownChromis,53.02538532250246,Yes,2364.0,14.0,4.0,SRL,641.0018044518025,726.3460392925379,61.59386966817615,89.71441195684181,70.76599966303266,107.03662792724404,8.858731087215027,1038.1029470840108,1
6,214,Yes,8.0,3,1,31,18,BrownChromis,53.755493400813926,Yes,2380.0,30.0,5.0,SRL,884.6117241792182,874.6183705372963,25.813190139396635,55.444798088019056,55.444798088019056,50.47457014430956,28.22738965346027,1427.8842767597007,1
6,214,Yes,8.0,3,1,31,19,BrownChromis,85.39040355048515,No,,85.0,14.0,NRNL_r,568.7815855248795,1134.7606765585183,37.0821354291587,75.04765268796523,,73.81572288223533,90.04229552217046,,0
6,214,Yes,8.0,3,1,31,20,BrownChromis,46.65287911722598,Yes,2406.0,56.0,10.0,SRNL,660.8879727531094,731.414369156404,51.76518893161256,95.6865439560629,,134.05191332981337,85.56555249145714,469.7232274140002,1
6,214,Yes,8.0,3,1,31,21,BrownChromis,51.31751231947024,Yes,2412.0,62.0,12.0,SRNL,493.79859046269024,574.5250170053902,53.828523892512855,89.52008245164586,,113.40389063005723,81.1207753232942,585.3468532570492,1
6,214,Yes,8.0,3,1,31,22,BicolorDamselfish,28.56555480119802,No,,85.0,14.0,NRL_r,91.24868055238537,1543.0105038589195,203.14407944744207,116.7939375467166,79.11076041256518,42.317828653219244,46.16994784717068,,0
6,214,Yes,8.0,3,1,31,23,BrownChromis,50.33350339226719,Yes,2357.0,7.0,3.0,SRTC,763.2446584892862,471.2750579002948,87.50505337049785,96.15033772927258,26.95707076870159,116.59085076876464,28.313303284823338,6893.844337826075,1
6,214,Yes,8.0,3,1,31,24,BrownChromis,38.000302494497625,No,,85.0,14.0,NRNL_r,137.09158059538962,922.5285344352152,61.91293337702228,101.9194095751823,,43.80472600141873,62.30257367067373,,0
6,214,Yes,8.0,3,1,31,25,BrownChromis,57.63090842327291,Yes,2399.0,49.0,8.0,SRL,387.0256646066121,1136.8112261154129,66.81285350812321,102.88347036022935,76.23256049122,52.488136614579034,31.24793852703817,1312.446202137549,1
6,214,Yes,8.0,3,1,31,26,BrownChromis,48.081411959371536,Yes,2356.0,6.0,2.0,SRL,499.6804001005469,414.1713509219446,69.98364466258798,86.15736561606079,72.37598845437765,167.1330894623935,35.31906217753953,952.5369776565684,1
6,214,Yes,8.0,3,1,31,27,BrownChromis,38.80250274249503,Yes,2351.0,1.0,1.0,FRTC,751.4698872369394,144.40503395717815,163.88482679872922,90.93887728814909,17.083725036776595,144.5410434335861,26.574507848747356,,1
6,214,Yes,8.0,3,1,31,28,BrownChromis,27.2529206480898,Yes,2350.0,0.0,1.0,FR,781.7214010913407,190.00780159339604,216.22093740386765,91.77213630226304,32.96969523417772,108.79957189130336,8.831315963241382,699.8559458208439,1
6,214,Yes,8.0,3,1,31,29,BicolorDamselfish,33.739963297610174,No,,85.0,14.0,NRL_r,50.491729443321375,1646.9009840972049,161.4182296926913,109.14936653352277,74.40896592685655,109.1785425122677,46.89921087571048,,0
6,214,Yes,8.0,3,1,31,30,BrownChromis,53.481545973482504,No,,85.0,14.0,NRL_r,232.56383788002148,1375.063390949338,101.78076435726256,109.60498568141443,41.87550674433093,44.01651693944751,43.57020421092536,,0
6,214,Yes,8.0,3,1,31,31,BrownChromis,,No,,85.0,14.0,NRUD,,,0.0,0.0,0.0,,,,0
6,214,Yes,8.0,3,1,31,32,BrownChromis,,No,,85.0,14.0,NRUD,,,0.0,0.0,0.0,,,,0
6,214,Yes,8.0,3,1,31,33,BrownChromis,,No,,85.0,14.0,NRUD,,,0.0,0.0,0.0,,,,0
6,214,Yes,8.0,3,1,31,34,BrownChromis,43.597389553020136,Yes,2434.0,84.0,13.0,SRL,340.9522269290506,989.153707566082,96.3700274491165,118.31759034789988,61.04587008150223,135.37276370511364,50.99207717227434,382.5301584134322,1
6,214,Yes,8.0,3,1,31,35,BrownChromis,39.83786566915318,Yes,2403.0,53.0,9.0,SRNL,841.8590025869318,920.9497765910496,55.58915661251617,95.18223881920038,,62.56610974826706,59.90515864167785,2029.6527000936928,1
6,215,No,6.0,3,1,32,1,BrownChromis,53.41390273113792,No,,,,NRNL_nr,368.52798787305295,1424.5235663728556,167.7485723153943,137.65520410772916,,41.405376173236114,65.36565662047433,,0
6,215,No,6.0,3,1,32,2,Basslet,57.47685829772238,No,,,,NRNL_nr,314.74925663587516,1275.0449305538057,178.0466438535592,133.1718503504786,,147.60646507281857,68.33311241225758,,0
6,215,No,6.0,3,1,32,3,Basslet,76.19395937224424,No,,,,NRNL_nr,11.810751162121589,1616.454534169062,72.54846188889212,85.29000325289813,,102.08527732759768,57.51776257697235,,0
6,215,No,6.0,3,1,32,4,BicolorDamselfish,34.67282753524365,No,,,,NRNL_nr,103.31893279016718,1737.741409801289,164.93256844355133,113.67888016084886,,51.549974737994496,55.5518398951607,,0
6,215,No,6.0,3,1,32,5,BicolorDamselfish,46.074674343468466,No,,,,NRL_nr,145.3362004285113,1068.40860785756,109.07296903347137,87.56819757999133,51.91446225782795,103.26251067794584,44.24592360986698,,0
6,215,No,6.0,3,1,32,6,BrownChromis,68.63204636475955,No,,,,NRNL_nr,788.2119609982428,1336.5164059442052,100.67511514223344,115.48232652802052,,25.5618051655963,69.21679343879951,,0
6,215,No,6.0,3,1,32,7,BrownChromis,48.965887869255894,No,,,,NRNL_nr,600.4595668698539,980.0934926279344,270.8680735272745,161.4153451155546,,16.726946350449595,82.92483791720187,,0
6,215,No,6.0,3,1,32,8,BrownChromis,52.50282511507755,No,,,,NRNL_nr,830.8257498756449,1085.6839865048212,104.188857030121,120.97023926707186,,12.032602545260309,73.8634581012188,,0
6,215,No,6.0,3,1,32,9,BrownChromis,34.6971104447391,No,,,,NRNL_nr,494.3480800660796,885.1392093219389,156.55723406081694,134.85090813712856,,51.72688948745971,66.87959227305252,,0
6,215,No,6.0,3,1,32,10,BrownChromis,46.461971548726616,No,,,,NRNL_nr,412.89894108956565,728.8283752543732,118.5036855203666,115.77374848974188,,96.0697365888279,59.10501754498361,,0
6,215,No,6.0,3,1,32,11,BrownChromis,71.15474866493807,No,,,,NRNL_nr,864.5433811845471,1433.8972793537473,75.88873632761783,85.19435603290962,,29.65024045373477,91.15403217058078,,0
6,215,No,6.0,3,1,32,12,BrownChromis,54.286243783775795,No,,,,NRNL_nr,553.2926069821285,1046.7710134855795,306.3379268477744,170.08012752209643,,12.02048510078831,76.57952481199811,,0
6,215,No,6.0,3,1,32,13,BrownChromis,58.11010109767685,No,,,,NRNL_nr,607.4255272479544,1143.7916991497048,250.51767391063777,158.67735898633595,,48.384226888355435,82.99127538605238,,0
6,215,No,6.0,3,1,32,14,BrownChromis,53.08468332022441,No,,,,NRNL_nr,733.8810954749381,1440.597416084864,107.45799059694828,117.332689930177,,48.89676675070962,77.24472867186265,,0
6,215,No,6.0,3,1,32,15,Doctorfish,110.7038465152403,No,,,,NRNL_nr,322.28318014900333,2184.2283491187263,96.1080308613666,79.0180473769145,,142.13398953053064,56.12504365738967,,0
6,215,No,6.0,3,1,32,16,BrownChromis,51.96479348600619,No,,,,NRNL_nr,410.3738628785927,1236.4389577499774,192.73271116661388,134.56198517895598,,53.68639906623409,75.57522944135847,,0
6,215,No,6.0,3,1,32,17,BrownChromis,52.8106548650111,No,,,,NRNL_nr,547.1732070096684,1140.0251692984396,272.4011333134641,166.85062509823115,,45.426286948484,74.33814273753585,,0
6,215,No,6.0,3,1,32,18,BrownChromis,40.23194153204666,No,,,,NRNL_nr,666.770096279295,953.7534415951744,173.41856668974185,128.70193161579994,,83.37839359608358,90.50860172944742,,0
6,215,No,6.0,3,1,32,19,BrownChromis,42.43257138057108,No,,,,NRL_nr,292.6384460621706,616.5597513196703,65.74687937083421,81.84518376462982,0.0,138.39534230673382,39.7830124128838,,0
6,215,No,6.0,3,1,32,20,BrownChromis,53.16881992024012,No,,,,NRNL_nr,389.6448210899887,1398.1832015812597,219.5063563121742,133.4246478280501,,41.91198436943434,59.156534392377594,,0
6,215,No,6.0,3,1,32,21,BrownChromis,41.18331844175711,No,,,,NRL_nr,279.6776060097781,1430.685290568728,201.84047519038293,120.61141122095982,68.15130512596565,76.94625063551014,54.11098814781831,,0
6,215,No,6.0,3,1,32,22,BrownChromis,41.94127777027523,No,,,,NRL_nr,413.5906150469942,1251.5428062130827,125.55383575587769,109.5607303888526,46.46875967218177,17.020234939044318,47.371533999589694,,0
6,215,No,6.0,3,1,32,23,BrownChromis,31.94794334671713,No,,,,NRL_nr,421.16286666578515,1465.3939434155948,158.779846899071,125.8915953476784,89.78316511538043,16.338000118805287,53.42779889838012,,0
6,215,No,6.0,3,1,32,24,BrownChromis,47.92017547455536,No,,,,NRL_nr,95.40559126949702,2055.2896403775812,243.7943263378018,113.30597559652333,84.15439621546332,69.16783363304882,54.57610894687371,,0
6,215,No,6.0,3,1,32,25,BrownChromis,33.896391505287724,No,,,,NRNL_nr,152.7923631047423,2011.6207448170296,344.1466816586609,137.54194928024413,,129.84574991495407,57.241750682767666,,0
6,215,No,6.0,3,1,32,26,BrownChromis,,No,,,,NRUD,,,0.0,0.0,0.0,,,,0
6,215,No,6.0,3,1,32,27,BrownChromis,25.887931430905716,No,,,,NRNL_nr,105.51224932442544,1951.8234588845648,346.27250697204875,131.13852904821903,,9.338747966180042,56.37718903084048,,0
6,215,No,6.0,3,1,32,28,BicolorDamselfish,30.87762750456183,No,,,,NRL_nr,33.85376273082456,1676.577501137672,147.44147271046853,102.04659568772745,26.589073704940056,144.245665937501,51.359758154011075,,0
6,215,No,6.0,3,1,32,29,BrownChromis,45.4096464457415,No,,,,NRL_nr,331.00804322284677,770.5752804650322,107.58921391523252,87.82512232643396,81.26552139045373,58.0069136980401,33.0721530524015,,0
6,215,No,6.0,3,1,32,30,BrownChromis,60.064438250028694,No,,,,NRL_nr,430.273138313929,841.019390474746,121.30679991506382,101.47826854137683,75.3731257540508,63.96466080102877,45.78825136936526,,0
6,215,No,6.0,3,1,32,31,BrownChromis,36.8865850921521,No,,,,NRL_nr,339.73595076126975,1036.143574881085,81.291327742243,78.3488177905879,22.205525839803485,29.378271061628297,28.383986323808188,,0
6,215,No,6.0,3,1,32,32,BrownChromis,42.07464615016298,No,,,,NRL_nr,244.50990744609467,1383.2833831333703,79.06115017479108,78.72102700581672,73.30363847418954,49.244229635261014,36.60364061456731,,0
6,215,No,6.0,3,1,32,33,BrownChromis,15.320517267359724,No,,,,NRL_nr,1.598740079745417,2031.466090087754,86.48471660174745,78.97822614548852,50.913906208916096,74.70610993192918,48.42285561699375,,0
6,215,No,6.0,3,1,32,34,BrownChromis,,No,,,,NRUD,,,0.0,0.0,0.0,,,,0
6,216,No,2.0,3,1,33,1,BrownChromis,55.5611535162396,No,,,,NRL_nr,821.5605345001983,529.2881565989437,42.50529705070702,60.574240236577396,0.0,138.6293084978655,23.59992950994871,,0
6,216,No,2.0,3,1,33,2,BrownChromis,51.02900237410316,No,,,,NRNL_nr,949.6578678176584,449.5191729714246,56.130324857088354,66.81931777192952,,161.50822600301552,83.21350481473469,,0
6,216,No,2.0,3,1,33,3,BrownChromis,51.38713980738935,No,,,,NRNL_nr,964.8792444106518,670.553645163613,61.671673610342566,83.80580774231993,,131.03022384142955,88.91233489523809,,0
6,216,No,2.0,3,1,33,4,BrownChromis,60.163163270857645,No,,,,NRNL_nr,869.1715891654015,759.8694908162504,52.84807001852063,81.31780525029143,,150.60067788643903,96.90709768921404,,0
6,216,No,2.0,3,1,33,5,BrownChromis,49.9942920699431,No,,,,NRNL_nr,817.9921044867885,1330.8180100839793,96.01925644546472,102.21799351854584,,131.57451612264938,88.4814418488123,,0
6,216,No,2.0,3,1,33,6,BrownChromis,47.12766442097021,No,,,,NRNL_nr,753.5499158517196,1412.582170808655,122.96683987542742,129.2105566636856,,42.60852168154664,80.60650417313802,,0
6,216,No,2.0,3,1,33,7,BrownChromis,52.863638382111745,No,,,,NRNL_nr,805.766520598003,1254.1604302293797,116.3708376013342,124.3597785153996,,119.93877285103088,77.54267036865973,,0
6,216,No,2.0,3,1,33,8,BrownChromis,38.17187610635874,No,,,,NRNL_nr,580.6138704398728,1596.727593801381,95.59455982294304,121.58117750333103,,138.1142589133635,77.16471917782057,,0
6,216,No,2.0,3,1,33,9,BrownChromis,46.054339214107266,No,,,,NRNL_nr,829.2155832957168,1556.652901240168,102.7271690089118,103.22817499242876,,114.3756254789361,74.1756192335925,,0
6,216,No,2.0,3,1,33,10,BrownChromis,,No,,,,NRUD,,,0.0,0.0,0.0,,,,0
6,216,No,2.0,3,1,33,11,BrownChromis,66.60170547626146,No,,,,NRNL_nr,639.763363428875,1966.7354518942989,79.7637933131684,87.10646936100407,,95.00187498862128,71.80879297691784,,0
6,216,No,2.0,3,1,33,12,BrownChromis,47.750785345252105,No,,,,NRNL_nr,731.5530385072193,1950.3537836083171,109.07244926765064,92.0956529789816,,162.83270278647734,67.58090931747726,,0
6,216,No,2.0,3,1,33,13,BrownChromis,59.026848485699446,No,,,,NRL_nr,799.5587440757904,693.1782996185285,52.34331187135242,72.19547105059593,57.87495094831758,146.43575930065893,43.36499934729058,,0
6,216,No,2.0,3,1,33,14,BrownChromis,57.056549429429936,No,,,,NRNL_nr,435.7791498657678,971.7498234329591,83.73884190605867,108.86243891583852,,121.7248509174358,66.79963902726345,,0
6,216,No,2.0,3,1,33,15,BrownChromis,49.443586024611776,No,,,,NRNL_nr,558.5235445388412,1214.826032301862,220.72113832945388,141.04407498819404,,60.16677794978622,60.72014054584352,,0
6,216,No,2.0,3,1,33,16,BrownChromis,52.116356055361216,No,,,,NRNL_nr,644.4222792480967,1221.200695546278,245.82239067668473,147.39890806159397,,78.79826384727127,64.13236602173322,,0
6,216,No,2.0,3,1,33,17,BrownChromis,45.13551724542032,No,,,,NRNL_nr,605.6617086018648,1643.8808920743795,130.1566770488312,119.7242716907315,,153.99443352910032,62.17831018781647,,0
6,216,No,2.0,3,1,33,18,BrownChromis,34.67863744924154,No,,,,NRNL_nr,416.8277873583611,1616.0609265575106,149.2377062350317,126.49225999200706,,99.20018738659284,61.242624360583406,,0
6,216,No,2.0,3,1,33,19,BrownChromis,48.65078015848206,No,,,,NRNL_nr,810.3270382585603,2116.1557978026713,77.6766257390259,78.55610845309123,,33.95480237366758,62.6378162872714,,0
6,216,No,2.0,3,1,33,20,BrownChromis,52.76022807113397,No,,,,NRL_nr,610.7321977394969,728.7939845789332,35.36191817499694,64.2417462732278,64.2417462732278,117.35197980667438,3.100895558263901,,0
6,216,No,2.0,3,1,33,21,BicolorDamselfish,34.97105087822983,No,,,,NRL_nr,224.14387793852876,827.2430121063284,56.53070306585614,90.21018084209848,23.79862679331861,115.94938061292744,40.63918887413159,,0
6,216,No,2.0,3,1,33,22,BicolorDamselfish,37.909421320598646,No,,,,NRL_nr,52.543686701035426,1548.102979486368,31.005404729291,60.38175314958354,10.237370442359705,169.18277046253337,26.431420983793043,,0
6,216,No,2.0,3,1,33,23,Basslet,120.82323280255592,No,,,,NRNL_nr,190.29686818197175,1456.432603506601,97.70111073433068,89.61186197808063,,148.60808263341147,70.7686119027502,,0
6,216,No,2.0,3,1,33,24,Basslet,97.2184677190983,No,,,,NRNL_nr,373.7772852359881,1578.7531675357766,65.74627410470532,100.45805776159506,,91.99223380550649,76.50958322248415,,0
6,216,No,2.0,3,1,33,25,Basslet,65.79207777440855,No,,,,NRNL_nr,344.137297359513,1642.7851642275605,95.72028243516704,107.86932863064592,,81.93808325993649,70.33082136120962,,0
6,216,No,2.0,3,1,33,26,BrownChromis,34.44280974140369,No,,,,NRL_nr,302.6849276841735,1812.3309882799567,172.91981700047742,107.58806261991708,88.36374383763513,122.646506164785,52.18003509625054,,0
6,216,No,2.0,3,1,33,27,BrownChromis,23.193329001112648,No,,,,NRL_nr,281.13557326381573,1922.2565908931613,225.01437394334175,93.99321892712842,24.323570204800603,106.1597494811228,53.17298104577204,,0
6,216,No,2.0,3,1,33,28,BrownChromis,26.442909140610517,No,,,,NRNL_nr,285.8327225764806,1858.1194047860324,179.5738775583999,115.56521798305648,,162.29681378878396,57.2116011722758,,0
6,216,No,2.0,3,1,33,29,BicolorDamselfish,29.117015714160743,No,,,,NRL_nr,108.18728413492796,1609.375542995536,143.2124619797243,92.69463690146284,80.92379199201267,103.05421307676308,48.62982279517158,,0
6,216,No,2.0,3,1,33,30,BicolorDamselfish,23.82318823927651,No,,,,NRL_nr,169.2341516732418,1567.7475222097871,107.58814909248484,90.87644512038032,59.799863503766765,56.233540782211854,43.55304356608072,,0
6,216,No,2.0,3,1,33,31,BrownChromis,54.51018082354943,No,,,,NRL_nr,538.7631712134206,912.359026691381,86.0146795420406,103.7419101722856,23.19345139738966,137.11637938346848,51.91779681942763,,0
6,216,No,2.0,3,1,33,32,BrownChromis,47.34781050741828,No,,,,NRL_nr,593.5751715887978,1363.8237733527626,87.89965411082234,107.81734563628784,54.30731170716638,25.71472912525651,51.03934254777836,,0
6,216,No,2.0,3,1,33,33,Parrotfish,,No,,,,NRUD,,,0.0,0.0,0.0,,,,0
6,216,No,2.0,3,1,33,34,BrownChromis,23.647085498208448,No,,,,NRNL_nr,189.81011456320053,2060.4005716300258,61.311793457946,80.81129679456961,,153.41161877259316,61.98752607125221,,0
6,216,No,2.0,3,1,33,35,BrownChromis,17.223298778295092,No,,,,NRNL_nr,463.21691045358045,1888.234399125684,142.05243094521848,120.09197979308726,,66.86474386596055,61.52458204740349,,0
7,217,Yes,6.0,3,3,1,1,BrownChromis,,No,,21.0,5.0,NRUD,,,0.0,0.0,0.0,,,,0
7,217,Yes,6.0,3,3,1,2,BrownChromis,,No,,21.0,5.0,NRUD,,,0.0,0.0,0.0,,,,0
7,217,Yes,6.0,3,3,1,3,Doctorfish,,No,,21.0,5.0,NRUD,,,0.0,0.0,0.0,,,,0
7,217,Yes,6.0,3,3,1,4,BrownChromis,116.17611522768064,No,,21.0,5.0,NRNL_r,609.215857799457,915.5150846049391,30.143461034852788,54.38557481565525,,160.87393050029934,85.29834826254049,,0
7,217,Yes,6.0,3,3,1,5,BrownChromis,32.82071522329401,Yes,2400.0,20.0,4.0,SRL,112.12141563708136,1473.825552159591,15.397640733514343,35.779750642998366,12.33776454854751,7.423260464106498,16.929406552474628,346.7871295010556,1
7,217,Yes,6.0,3,3,1,6,BicolorDamselfish,25.51212048313362,No,,21.0,5.0,NRL_r,5.647538818579928,1932.8260261134928,13.940651864563996,36.93225855252744,36.93225855252744,92.89142775432464,35.177108542694036,,0
7,217,Yes,6.0,3,3,1,7,BrownChromis,44.32241813020339,No,,21.0,5.0,NRL_r,1063.4126289785763,1085.8886205198528,15.49723411929091,38.280869725028744,29.15338693890248,48.5349281139953,52.11892046227852,,0
7,217,Yes,6.0,3,3,1,8,BrownChromis,31.275260369864373,No,,21.0,5.0,NRNL_r,813.3996702443465,2469.712074795906,20.721272924143552,40.396196133009326,,133.3795610986164,70.73669965140652,,0
7,217,Yes,6.0,3,3,1,9,BrownChromis,62.68247841084444,No,,21.0,5.0,NRNL_r,875.606023657685,2228.523744878505,24.01854925254506,41.25481993348494,,91.44847499652678,75.8825795086437,,0
7,217,Yes,6.0,3,3,1,10,BrownChromis,,No,,21.0,5.0,NRUD,,,0.0,0.0,0.0,,,,0
7,217,Yes,6.0,3,3,1,11,BrownChromis,,No,,21.0,5.0,NRUD,,,0.0,0.0,0.0,,,,0
7,217,Yes,6.0,3,3,1,12,BrownChromis,48.60739238283439,Yes,2380.0,0.0,1.0,FR,792.8730422380132,267.9843733554548,102.2993425351806,67.88477472600242,50.22577292961516,143.2995420708859,18.389454437286503,1959.240330505491,1
7,217,Yes,6.0,3,3,1,13,BrownChromis,62.10483844894843,Yes,2391.0,11.0,2.0,SRL,731.8954477506156,374.5795998849973,117.6470449116541,73.79916027139504,65.90089890903894,143.0497363714868,15.743799835155528,731.4195141630427,1
7,217,Yes,6.0,3,3,1,14,BrownChromis,48.04591669628228,No,,21.0,5.0,NRNL_r,1271.749018148093,789.5006714203492,29.961243165871014,41.92875728966818,,93.0483530201819,123.32079125961454,,0
7,217,Yes,6.0,3,3,1,15,BrownChromis,51.13711368953484,No,,21.0,5.0,NRNL_r,1346.6317487264998,611.3869737955368,31.55280142766785,43.10159757989119,,157.65141398630297,134.23614235381882,,0
7,217,Yes,6.0,3,3,1,16,BrownChromis,71.3548032175502,No,,21.0,5.0,NRNL_r,1444.6231469177562,971.0823563892402,14.019359413353346,41.88695469951442,,120.48289754419766,100.48834842143594,,0
7,217,Yes,6.0,3,3,1,17,BrownChromis,50.43503883840272,No,,21.0,5.0,NRNL_r,764.9191665497207,577.6177864709499,54.50056675777285,74.2694331840731,,150.43316804576725,89.84200544929857,,0
7,217,Yes,6.0,3,3,1,18,BrownChromis,52.430238573080985,No,,21.0,5.0,NRNL_r,924.5327492602828,361.4400501264398,55.237059234652,70.00078826728097,,147.66553284566044,99.01030966790678,,0
7,217,Yes,6.0,3,3,1,19,BrownChromis,48.859137970319395,No,,21.0,5.0,NRNL_r,949.3635668414448,623.2380428901535,49.73637555998096,68.74763521789943,,88.01686016763603,105.92912312718832,,0
7,217,Yes,6.0,3,3,1,20,BrownChromis,45.47668599587243,No,,21.0,5.0,NRL_r,853.7089910331453,1039.1956443554443,16.159210598305044,37.58430280969695,30.829581525647043,114.48775162112824,19.204063661312773,,0
7,217,Yes,6.0,3,3,1,21,BicolorDamselfish,35.64652428832137,No,,21.0,5.0,NRNL_r,367.0453331904159,1002.4465364309254,41.00160955362682,60.67218133144269,,86.32062065254217,55.030241489455115,,0
7,217,Yes,6.0,3,3,1,22,BrownChromis,54.07783002034996,No,,21.0,5.0,NRNL_r,260.20576812275004,1437.186989200888,39.05993864004381,58.12445999327281,,92.54008004557306,61.33964007463239,,0
7,217,Yes,6.0,3,3,1,23,BrownChromis,42.41215454941178,No,,21.0,5.0,NRNL_r,682.8368770415954,1192.2346237651166,33.95728730066802,58.12215807461924,,54.69640417660496,71.60411059952426,,0
7,217,Yes,6.0,3,3,1,24,BrownChromis,41.60116888359543,No,,21.0,5.0,NRNL_r,641.9769825118514,1353.218405444207,32.10174522407806,59.576720135708456,,125.59991408641972,79.30269453140144,,0
7,217,Yes,6.0,3,3,1,25,BrownChromis,63.35828873861368,No,,21.0,5.0,NRNL_r,1106.7115033621835,2051.7656382946216,62.67504967805468,52.49920973479834,,51.64005928183616,88.07961133672192,,0
7,217,Yes,6.0,3,3,1,26,BrownChromis,63.410172256753974,No,,21.0,5.0,NRNL_r,741.7102641231119,2852.7012837478,11.00576814488528,26.45160950618156,,101.89615027047508,63.652741576663566,,0
7,217,Yes,6.0,3,3,1,27,BrownChromis,,No,,21.0,5.0,NRUD,,,0.0,0.0,0.0,,,,0
7,217,Yes,6.0,3,3,1,28,BrownChromis,,No,,21.0,5.0,NRUD,,,0.0,0.0,0.0,,,,0
7,217,Yes,6.0,3,3,1,29,BrownChromis,44.30767281846198,Yes,2396.0,16.0,3.0,SRL,520.9072608712784,638.1071918157219,44.53639978088595,58.800099986048934,32.43415555522823,48.31933856966043,48.63564182945458,931.9740367969456,1
7,217,Yes,6.0,3,3,1,30,BrownChromis,43.65212944315449,No,,21.0,5.0,NRNL_r,974.5739420176112,1981.4602994211496,64.99545746643099,62.243559045359625,,74.21041073875894,84.91485960741716,,0
7,217,Yes,6.0,3,3,1,31,BrownChromis,,No,,21.0,5.0,NRUD,,,0.0,0.0,0.0,,,,0
7,217,Yes,6.0,3,3,1,32,BrownChromis,63.48995339839532,No,,21.0,5.0,NRNL_r,240.89856872991297,1682.674065531164,28.423414367050867,46.88449269933949,,93.99330795466965,55.271119974400506,,0
7,218,No,6.0,3,3,2,1,BrownChromis,55.56096448374775,No,,,,NRL_nr,917.3996532670404,901.2864512559534,26.03790779028803,57.58371337673183,22.35099388419817,31.97607623455502,25.58938988944059,,0
7,218,No,6.0,3,3,2,2,BrownChromis,53.61549738288126,No,,,,NRNL_nr,1409.81250709275,1441.9347317084478,20.485424965911573,49.70566801227456,,43.23707800038208,105.27708797004932,,0
7,218,No,6.0,3,3,2,3,BrownChromis,54.53954601797188,No,,,,NRNL_nr,994.0845376310872,314.2504690274951,24.825931745906992,64.63386128044634,,144.3219146834801,111.47703574678565,,0
7,218,No,6.0,3,3,2,4,BrownChromis,61.89608127094056,No,,,,NRNL_nr,1209.0921965310472,742.766812854447,40.08719061391467,74.33570272497768,,174.3107254310103,81.45843331617462,,0
7,218,No,6.0,3,3,2,5,BrownChromis,78.04018784298619,No,,,,NRNL_nr,1367.5951108843165,1123.195071848801,44.98286486977481,76.66705524983847,,40.692666357623466,85.07410916167944,,0
7,218,No,6.0,3,3,2,6,BrownChromis,47.58733445869247,No,,,,NRNL_nr,1035.0669966480075,874.1743783499759,90.45988326926164,101.46611798404945,,60.46565763393008,77.02850517416489,,0
7,218,No,6.0,3,3,2,7,BrownChromis,48.11883423779913,No,,,,NRNL_nr,778.5556622211883,863.6583575456964,49.68886310849451,84.11963345466947,,59.46228923154405,76.15109051276292,,0
7,218,No,6.0,3,3,2,8,BrownChromis,48.80024726290995,No,,,,NRNL_nr,965.7996315637184,979.7357986436072,100.28043391721536,99.74158301718104,,49.32986782823793,75.07174912897983,,0
7,218,No,6.0,3,3,2,9,BrownChromis,49.42799079540599,No,,,,NRNL_nr,655.8981218472325,1325.288042308997,36.21710850050095,75.93751326115392,,55.504458073389934,75.08960737870042,,0
7,218,No,6.0,3,3,2,10,BicolorDamselfish,49.47798950973884,No,,,,NRL_nr,179.28060777847062,1039.0511078899256,36.1044471872676,76.53864596227409,56.768296974275415,76.87224937441292,36.75350992917075,,0
7,218,No,6.0,3,3,2,11,BrownChromis,50.58485597875486,No,,,,NRL_nr,832.2389817102883,1195.8100503772946,38.62688766831255,74.80955017000213,69.04513987251691,74.1090988900274,48.405990985627355,,0
7,218,No,6.0,3,3,2,12,BrownChromis,37.03143804407874,No,,,,NRL_nr,577.7938966182448,1001.4288619967584,53.6682385107291,85.30757696611361,57.369147847820145,56.30219355592223,52.788485281267334,,0
7,218,No,6.0,3,3,2,13,BrownChromis,66.95431907978396,No,,,,NRL_nr,303.29257077758706,781.4250029173576,35.67316261093265,78.31985727920161,25.01659331344173,55.38033069672048,48.9297488154005,,0
7,218,No,6.0,3,3,2,14,BrownChromis,46.07256620251482,No,,,,NRNL_nr,1057.9978533446558,1033.3771788646934,62.24211403325155,88.24277748247023,,114.4250472540786,66.19165508239064,,0
7,218,No,6.0,3,3,2,15,BrownChromis,54.236259878837814,No,,,,NRNL_nr,440.28909816249296,1736.4682575087054,22.643837993558957,67.28409339284183,,124.11164623805136,65.5373177749054,,0
7,218,No,6.0,3,3,2,16,BrownChromis,53.85169212529472,No,,,,NRNL_nr,1159.8359564000534,1394.4680449260038,42.72093836212989,78.53027306607788,,111.19095728428518,73.40998991292726,,0
7,218,No,6.0,3,3,2,17,BrownChromis,51.04937855581099,No,,,,NRNL_nr,1129.1401752988145,1561.199665173552,35.487922756725375,67.1135060984693,,161.98441144166324,82.71207946764278,,0
7,218,No,6.0,3,3,2,18,Tilefish,999.4811596189928,No,,,,NRTC,1491.1063594594077,4715.538211589785,1.6651170900153986,19.51186434194115,,100.28400023146531,86.57954389783804,,0
7,218,No,6.0,3,3,2,19,Basslet,118.63390811054444,No,,,,NRNL_nr,225.6807252994415,1096.513308884366,27.390636265278005,62.911712687217985,,106.66079792310312,63.21904900424283,,0
7,218,No,6.0,3,3,2,20,BicolorDamselfish,,No,,,,NRUD,,,0.0,0.0,0.0,,,,0
7,218,No,6.0,3,3,2,21,BrownChromis,70.92039468745762,No,,,,NRL_nr,5.612960215529133,1863.9163242144512,15.453419897670576,63.61117726112772,49.540920979506055,67.35101801553016,35.8161744840467,,0
7,218,No,6.0,3,3,2,22,BrownChromis,,No,,,,NRUD,,,0.0,0.0,0.0,,,,0
7,218,No,6.0,3,3,2,23,BrownChromis,59.83007616760695,No,,,,NRNL_nr,1362.499122266959,1943.2027860230903,20.611713771136657,53.9290944099193,,50.26017827034928,87.72030558491394,,0
7,218,No,6.0,3,3,2,24,BrownChromis,144.92244428404905,No,,,,NRL_nr,72.02154972909368,2383.677638905917,10.787212266564753,52.76834012044926,25.337297549968117,131.78887282762616,45.05821410653311,,0
7,218,No,6.0,3,3,2,25,Basslet,65.90954214671056,No,,,,NRL_nr,3.628571497395283,1357.7813373240735,19.08613011190569,68.07633876235454,38.9263368682075,142.94448405942916,42.98002947662096,,0
7,218,No,6.0,3,3,2,26,BrownChromis,60.18842971496171,No,,,,NRNL_nr,1519.3868605514767,616.8029794772331,15.296633598850828,50.43608491480209,,111.34088906298835,125.37741831659956,,0
7,218,No,6.0,3,3,2,27,BrownChromis,59.81272026618927,No,,,,NRNL_nr,1212.6885016943115,798.3193002378134,33.6747439597642,68.56970698998279,,55.72443563744319,63.6013383969319,,0
7,218,No,6.0,3,3,2,28,BrownChromis,52.6396378814019,No,,,,NRL_nr,1095.988853170735,511.642503266145,27.53462796465024,64.40596399930408,17.656140628594088,116.8675507208421,48.226349439766075,,0
7,218,No,6.0,3,3,2,29,BrownChromis,62.92538266900168,No,,,,NRL_nr,1008.2402176074596,914.9048277897508,37.76200521044625,69.93947250504254,60.131295133196005,32.992848885368375,49.73022070684197,,0
7,218,No,6.0,3,3,2,30,BrownChromis,80.30645808661195,No,,,,NRL_nr,728.8358220173039,757.2047229150113,36.37637803463482,73.42963995533657,52.06460648812049,65.9785966302377,44.35127806377331,,0
7,220,No,8.0,3,3,3,1,BrownChromis,86.7994912090951,No,,,,NRNL_nr,1484.8031494928034,983.1597216477128,12.469051066299302,38.13766781809927,,128.77473165624215,111.35985867848257,,0
7,220,No,8.0,3,3,3,2,BicolorDamselfish,36.15917884205842,No,,,,NRL_nr,129.23587947584556,1953.4539682881325,27.662863361810647,47.8733839956346,47.8733839956346,105.3911073383346,39.836576760825075,,0
7,220,No,8.0,3,3,3,3,BrownChromis,41.96016153221028,No,,,,NRL_nr,307.0123227730656,1236.684134515244,50.88736523702289,81.69405558643652,72.94863678846073,109.3746235188772,21.671426672023287,,0
7,220,No,8.0,3,3,3,4,BrownChromis,,No,,,,NRUD,,,0.0,0.0,0.0,,,,0
7,220,No,8.0,3,3,3,5,BrownChromis,81.25817406837088,No,,,,NRNL_nr,1462.2876340600817,1991.0914892160304,19.09551226705586,30.261496636608683,,72.64402726335905,85.88681547003237,,0
7,220,No,8.0,3,3,3,6,Basslet,97.16590946897033,No,,,,NRNL_nr,821.7507514394784,1456.037277792077,14.425518757763816,49.39085507023115,,103.42049496095896,88.51419863963551,,0
7,220,No,8.0,3,3,3,7,BrownChromis,51.33720483326234,No,,,,NRNL_nr,861.2603132751166,1369.5745264092018,25.09784533112396,51.27666437178882,,45.308921450614015,84.8606640141231,,0
7,220,No,8.0,3,3,3,8,Basslet,124.55115721238649,No,,,,NRNL_nr,387.8568415914032,920.4125731443264,26.844293123469367,61.42991362978169,,18.38236586634109,71.22083910365225,,0
7,220,No,8.0,3,3,3,9,BrownChromis,62.88069713651051,No,,,,NRL_nr,764.8549944787073,1131.190385427292,32.713325733341854,65.16015745431568,65.16015745431568,71.338546884215,12.846800334057544,,0
7,220,No,8.0,3,3,3,10,BrownChromis,62.08936828903027,No,,,,NRL_nr,996.2180433744,958.5830074653336,32.85353055763508,52.66763697459067,15.349941831552163,109.17401264853386,36.62728865024587,,0
7,220,No,8.0,3,3,3,11,BrownChromis,104.84133117084596,No,,,,NRL_nr,65.17544107880924,1094.499901053723,39.653460867790464,69.54272602723653,49.94773075847092,49.521458409964005,28.04430904556792,,0
7,220,No,8.0,3,3,3,12,BrownChromis,97.16388452145527,No,,,,NRL_nr,378.4092525409097,1753.405272511974,12.427695139607744,47.67516295096095,44.26984748221912,82.86830003449192,47.68298388679513,,0
7,220,No,8.0,3,3,3,13,BrownChromis,72.67732246512307,No,,,,NRL_nr,290.0739912731173,1062.1163083565004,66.62042191689781,81.11775359120578,44.95459299014186,52.467778479168395,32.972426564200084,,0
7,220,No,8.0,3,3,3,14,BrownChromis,43.44879327681715,No,,,,NRL_nr,503.8944353529335,638.85340560464,52.99211540513252,73.47537739162013,31.013289984484594,54.92841654519825,14.835525063065312,,0
7,220,No,8.0,3,3,3,15,BrownChromis,62.59106636904252,No,,,,NRL_nr,722.5785798657556,880.1699909884928,46.4064675815641,64.60433933063872,33.86887491996295,109.30981110137412,13.53235556864075,,0
7,220,No,8.0,3,3,3,16,BrownChromis,53.834808601164305,No,,,,NRL_nr,603.5130257090099,1108.0073509646825,27.690249028959258,61.632220642613945,34.22408069825007,85.96690687238006,36.740656538796415,,0
7,220,No,8.0,3,3,3,17,BrownChromis,48.16503587630681,No,,,,NRL_nr,919.7196787032716,749.0807060917439,30.336812689158887,66.162685019677,23.179361600134698,96.03672344611124,54.74364227927316,,0
7,220,No,8.0,3,3,3,18,BrownChromis,51.5794054621583,No,,,,NRNL_nr,623.5089692373455,706.1698396387793,29.479463041432577,72.28088403501314,,79.77716891145238,69.7915341656858,,0
7,220,No,8.0,3,3,3,19,BrownChromis,48.35509694738819,No,,,,NRL_nr,626.0728546823035,505.5812190421428,43.6775034833649,71.45845435269143,23.62902905127116,96.92152282704087,48.1253887227846,,0
7,220,No,8.0,3,3,3,20,BrownChromis,51.677369784514426,No,,,,NRNL_nr,1293.8090453100065,1839.6217043968136,22.720150695029886,45.47781953329507,,78.92420675347748,89.49653918435128,,0
7,220,No,8.0,3,3,3,21,BrownChromis,25.427161760009003,No,,,,NRL_nr,381.970749424094,1413.8133654211836,89.61780946391937,79.784020514079,52.26101606042179,114.18119465890392,52.33770364649437,,0
7,220,No,8.0,3,3,3,22,BrownChromis,28.23666349032939,No,,,,NRNL_nr,579.2268770196426,1418.1352035923692,52.612814133247056,66.53723936195956,,76.56236274131192,63.02045198388908,,0
7,220,No,8.0,3,3,3,23,BrownChromis,44.76697304492592,No,,,,NRL_nr,288.0387742239307,1407.9085336009923,99.64159006294788,76.00026698545561,61.75328142458112,117.2832201745289,44.92952224804574,,0
7,220,No,8.0,3,3,3,24,BicolorDamselfish,39.85728953229122,No,,,,NRL_nr,438.8312362801728,1261.7270761499517,71.85038691038885,82.22399792893498,49.83928610548292,116.39414561599428,40.83686362698064,,0
7,220,No,8.0,3,3,3,25,BicolorDamselfish,41.81153841149602,No,,,,NRL_nr,434.63119452286935,1685.5810245952243,58.68171111382409,64.33154002315007,55.95816908859961,141.58064390931008,49.65010448756743,,0
7,220,No,8.0,3,3,3,26,BrownChromis,33.81617549276404,No,,,,NRL_nr,704.5353749265112,1555.804397352153,51.453166840788086,63.70387015175473,48.894334586956106,151.1839577511499,52.95730257453414,,0
7,220,No,8.0,3,3,3,27,BrownChromis,,No,,,,NRUD,,,0.0,0.0,0.0,,,,0
7,220,No,8.0,3,3,3,28,BrownChromis,,No,,,,NRUD,,,0.0,0.0,0.0,,,,0
7,220,No,8.0,3,3,3,29,BrownChromis,,No,,,,NRUD,,,0.0,0.0,0.0,,,,0
7,220,No,8.0,3,3,3,30,BrownChromis,45.96305786381406,No,,,,NRNL_nr,1059.3411657936954,1373.732232888244,30.203689607844343,53.62716836648534,,143.97024093439407,67.85372952019625,,0
7,221,No,2.0,3,3,4,1,BrownChromis,58.14449090378239,No,,,,NRNL_nr,1177.8425443041174,669.7358901646394,51.9393638711965,72.11808313203687,,20.03197110770836,126.80998713006176,,0
7,221,No,2.0,3,3,4,2,BrownChromis,46.35209198901622,No,,,,NRNL_nr,909.8188280830386,1386.94513502203,51.80670039424529,71.93896815558476,,26.78598999346653,55.27608445708487,,0
7,221,No,2.0,3,3,4,3,BicolorDamselfish,46.28270885462813,No,,,,NRL_nr,122.02974703395628,1449.475402320146,37.93656728380109,62.69427973116717,40.29563593306999,123.30173504500262,51.04149257821253,,0
7,221,No,2.0,3,3,4,4,BrownChromis,52.360538581905146,No,,,,NRNL_nr,1838.7314263645856,2463.7574481765987,19.701614973033784,53.62503936435122,,63.46745683273315,93.12995501747784,,0
7,221,No,2.0,3,3,4,5,BrownChromis,21.897811739409164,No,,,,NRNL_nr,632.2483709688995,1769.8708416936336,83.55503592036482,71.81575135949207,,54.21436842107838,58.307675505596535,,0
7,221,No,2.0,3,3,4,6,BrownChromis,69.77234918115184,No,,,,NRNL_nr,871.7797348026701,2314.109773573795,24.98010510991794,47.048809709253675,,52.73778456974571,71.58640993894757,,0
7,221,No,2.0,3,3,4,7,BrownChromis,54.250970814638166,No,,,,NRNL_nr,704.7960198577883,1808.9942988653193,48.52079902603822,69.29750617395923,,110.18463416555304,70.40858432795991,,0
7,221,No,2.0,3,3,4,8,BrownChromis,33.786279100171434,No,,,,NRNL_nr,655.8338115638418,1320.042726816007,84.74057642671966,84.62214909257195,,53.79754597273286,68.67318690559307,,0
7,221,No,2.0,3,3,4,9,BrownChromis,37.06287844804974,No,,,,NRNL_nr,607.3614506102587,1127.5302397291396,66.08788645399082,81.84071063501631,,14.095193953702756,62.41086852981869,,0
7,221,No,2.0,3,3,4,10,BrownChromis,59.59427292525831,No,,,,NRNL_nr,1249.0508955537512,1852.2185988915076,28.687418024850025,63.20326021683078,,40.14008468379339,94.50728674984686,,0
7,221,No,2.0,3,3,4,11,BrownChromis,60.56868966814445,No,,,,NRNL_nr,1380.3676332422,1487.614655630683,31.782765831982704,62.00919691044929,,58.67058422285043,94.85979713194776,,0
7,221,No,2.0,3,3,4,12,BrownChromis,61.13698292048289,No,,,,NRNL_nr,1180.1429894623568,888.2144480771997,32.11301501151289,64.69958021558885,,32.07085604054205,98.30038177997626,,0
7,221,No,2.0,3,3,4,13,BrownChromis,70.91833845061961,No,,,,NRNL_nr,950.3731816733632,724.655822755524,124.69734589755171,83.36339425038018,,44.48542884390294,107.72385193382782,,0
7,221,No,2.0,3,3,4,14,BrownChromis,82.9405048045853,No,,,,NRNL_nr,956.0425488528704,809.7121581245497,99.83436169348104,72.9735897881857,,61.98243541611105,109.05392672193165,,0
7,221,No,2.0,3,3,4,15,BrownChromis,56.995640166919195,No,,,,NRNL_nr,781.6079675104778,878.3421949607922,151.4050024460965,113.07956411574293,,27.3739141940133,95.78282761977904,,0
7,221,No,2.0,3,3,4,16,BrownChromis,49.905823053650224,No,,,,NRNL_nr,699.3235404448606,724.5794485451079,148.3380253070464,117.60666552833844,,9.221163600196734,88.55095654245412,,0
7,221,No,2.0,3,3,4,17,BrownChromis,59.94885044561418,No,,,,NRNL_nr,728.2461578495264,810.4060935598585,162.475812774836,113.48755350866634,,26.548398469713707,90.88564692337695,,0
7,221,No,2.0,3,3,4,18,BrownChromis,64.93815640084868,No,,,,NRNL_nr,1229.5710614867423,2010.608276485934,34.737004676276435,56.49867034958093,,47.33749897258664,85.79775552804392,,0
7,221,No,2.0,3,3,4,19,BrownChromis,75.65042264782853,No,,,,NRL_nr,417.979133637106,677.8672936135462,35.71698154860462,69.44615292151472,64.51417672755238,68.87842915492561,54.413659689232176,,0
7,221,No,2.0,3,3,4,20,Basslet,84.9743779145438,No,,,,NRNL_nr,523.0789368028967,939.2557024281112,51.90566357910425,71.2072594262432,,32.50906949224518,80.53805656457968,,0
7,221,No,2.0,3,3,4,21,BrownChromis,57.302061876875506,No,,,,NRNL_nr,966.1129192387434,1214.3591319739871,49.4097907680526,67.99182606328527,,49.289909915093965,57.26130276483328,,0
7,221,No,2.0,3,3,4,22,BrownChromis,21.8301217814561,No,,,,NRL_nr,347.5896772925475,1992.91853815582,67.65454146677429,63.55710013046118,52.473176585601664,19.409986995079812,51.996389340256606,,0
7,221,No,2.0,3,3,4,23,BrownChromis,28.154981631007,No,,,,NRL_nr,510.598939243843,1750.7689540024132,78.91976861692413,69.86967173265255,27.20575502308817,23.026796231325516,52.26525358016976,,0
7,221,No,2.0,3,3,4,24,BicolorDamselfish,35.81948669243662,No,,,,NRL_nr,242.1936363325009,1943.5494059761736,61.65252113577577,63.33296654655087,57.24769846016539,90.8758989695493,53.948072981856754,,0
7,221,No,2.0,3,3,4,25,BrownChromis,40.71885525153088,No,,,,NRNL_nr,730.9859175091214,1221.1980732536854,76.61955387669458,79.03052862374533,,21.88786030315515,76.32183454166369,,0
7,221,No,2.0,3,3,4,26,BrownChromis,,No,,,,NRTC,182.35150468512455,1942.6244268095272,29.8979117241903,50.28704413161086,50.28704413161086,,39.27957099831126,,0
7,221,No,2.0,3,3,4,27,BrownChromis,,No,,,,NRUD,,,0.0,0.0,0.0,,,,0
7,221,No,2.0,3,3,4,28,BrownChromis,,No,,,,NRUD,,,0.0,0.0,0.0,,,,0
7,221,No,2.0,3,3,4,29,BrownChromis,,No,,,,NRUD,,,0.0,0.0,0.0,,,,0
7,221,No,2.0,3,3,4,30,BrownChromis,,No,,,,NRUD,,,0.0,0.0,0.0,,,,0
7,221,No,2.0,3,3,4,31,BrownChromis,,No,,,,NRTC,1314.5762088410113,1107.6947661637212,28.42916635639507,70.04559594112663,,,117.29060280212497,,0
7,221,No,2.0,3,3,4,32,BrownChromis,84.21968783827856,No,,,,NRNL_nr,1180.0503336674642,1821.432485551396,43.059836256928406,65.13293791022568,,66.77950964799349,73.0175733231788,,0
7,221,No,2.0,3,3,4,33,BrownChromis,71.65026870750316,No,,,,NRNL_nr,1743.4311395969048,2736.5119745327916,16.991726030643704,45.47130835418027,,88.98521760364514,85.26220079554903,,0
7,221,No,2.0,3,3,4,34,BrownChromis,56.21987693857439,No,,,,NRNL_nr,1008.466427526758,1564.902615446819,58.553900609990976,80.75795894702682,,30.89049346535276,73.08484606002212,,0
7,222,No,3.0,3,3,5,1,BrownChromis,71.92319704495556,No,,,,NRNL_nr,1104.3391950294829,2413.4104858068245,37.39141080092291,63.88024041542465,,40.11895547947787,64.44537628328457,,0
7,222,No,3.0,3,3,5,2,BrownChromis,55.714023685996615,No,,,,NRNL_nr,885.0666609666288,2672.4573285241872,24.382875488378616,59.861538829859725,,58.34104261410775,67.20427798804127,,0
7,222,No,3.0,3,3,5,3,BrownChromis,81.58641001978268,No,,,,NRNL_nr,103.81817323753452,1762.89359455749,17.289613197651423,51.66461816879684,,70.73110329070431,57.94117392654034,,0
7,222,No,3.0,3,3,5,4,BrownChromis,,No,,,,NRUD,,,0.0,0.0,0.0,,,,0
7,222,No,3.0,3,3,5,5,BrownChromis,,No,,,,NRUD,,,0.0,0.0,0.0,,,,0
7,222,No,3.0,3,3,5,6,BrownChromis,,No,,,,NRUD,,,0.0,0.0,0.0,,,,0
7,222,No,3.0,3,3,5,7,BrownChromis,50.469303011594384,No,,,,NRNL_nr,782.5261906992259,2437.161735274986,58.15867244553901,67.03048020499872,,63.11921595117541,59.8272321686646,,0
7,222,No,3.0,3,3,5,8,BrownChromis,27.798856102086404,No,,,,NRNL_nr,811.4955605440514,2350.6645428564552,57.7044240135708,66.46886228616438,,173.00902744105358,55.807839640557255,,0
7,222,No,3.0,3,3,5,9,BrownChromis,43.69126508132459,No,,,,NRL_nr,294.51207241895366,1546.8355962740654,86.49907361660709,57.22185904470013,30.404219516335413,126.27210283906666,16.515676785074387,,0
7,222,No,3.0,3,3,5,10,BrownChromis,40.223539814267895,No,,,,NRL_nr,256.9364678382033,1533.943297072481,112.89321609658752,62.50874653242159,26.86936736052092,84.19071766180906,23.457852884535725,,0
7,222,No,3.0,3,3,5,11,BrownChromis,28.31741699168168,No,,,,NRL_nr,142.28801580763974,1620.2498483041927,103.34589902075292,53.93130482474225,5.814092170392973,32.331918806007145,25.41920382445671,,0
7,222,No,3.0,3,3,5,12,BrownChromis,42.98393932262887,No,,,,NRL_nr,104.98746939724477,1608.245241435631,74.066695800774,54.252452548010055,40.11379709346843,120.65299118032506,19.64324405049553,,0
7,222,No,3.0,3,3,5,13,BrownChromis,63.27240841581147,No,,,,NRNL_nr,1026.330278833473,1550.1154514468346,46.213127040056406,78.90568036716915,,91.83140290356044,93.2527239199434,,0
7,222,No,3.0,3,3,5,14,BrownChromis,,No,,,,NRUD,,,0.0,0.0,0.0,,,,0
7,222,No,3.0,3,3,5,15,BrownChromis,,No,,,,NRUD,,,0.0,0.0,0.0,,,,0
7,222,No,3.0,3,3,5,16,BrownChromis,82.67460548142434,No,,,,NRNL_nr,1949.2141063056984,2616.4482415135135,12.29335647288405,42.74249893007621,,58.6241022030983,95.9198536070188,,0
7,222,No,3.0,3,3,5,17,BrownChromis,72.21107942440653,No,,,,NRNL_nr,1028.9897658861728,1786.8381077389347,41.775370875950664,86.69456209537269,,71.71486722199131,85.37243468680956,,0
7,222,No,3.0,3,3,5,18,BrownChromis,33.36898049333921,No,,,,NRNL_nr,536.6931721537576,2285.2977400116965,66.21015799055783,75.95909441983777,,56.13337900064435,55.67413085283152,,0
7,222,No,3.0,3,3,5,19,BrownChromis,65.51810144337104,No,,,,NRNL_nr,1480.6648992845353,1914.438063697811,25.238874859220232,67.59319730351615,,106.62466911799127,82.54100071386519,,0
7,222,No,3.0,3,3,5,20,BrownChromis,57.49954346265571,No,,,,NRNL_nr,939.4367440632826,1634.9005803090738,54.97007016613862,91.97668648792894,,23.201438840231663,87.67550931822608,,0
7,222,No,3.0,3,3,5,21,Doctorfish,142.4191190410709,No,,,,NRNL_nr,833.5487525527459,1044.9137338351657,50.01203164081877,58.16106605608671,,17.606254470181444,76.45025153767818,,0
7,222,No,3.0,3,3,5,22,BrownChromis,54.237599446151755,No,,,,NRNL_nr,869.7374071776907,1008.071705905822,52.10792631432792,76.84606565366515,,37.4618636451715,70.38595902116595,,0
7,222,No,3.0,3,3,5,23,BrownChromis,60.64474895622981,No,,,,NRNL_nr,1067.8209762056435,974.1130182837442,36.38680592266075,64.27854874614586,,120.44196806687876,76.9420911727525,,0
7,222,No,3.0,3,3,5,24,BrownChromis,46.217311456834665,No,,,,NRNL_nr,1232.0666890085429,1880.4237920722444,34.747689661270215,85.6863943674019,,97.77941896586314,83.35816361401608,,0
7,222,No,3.0,3,3,5,25,BrownChromis,69.51965583690308,No,,,,NRNL_nr,1372.8702007690908,2470.9589483918576,38.15147071137235,74.95407187218751,,132.15632628178747,78.08244050893026,,0
7,222,No,3.0,3,3,5,26,BicolorDamselfish,39.02799457825197,No,,,,NRNL_nr,593.7638173450073,2118.2959877943954,78.05995653216355,72.13762022563951,,93.56485919910855,55.830977719777984,,0
7,222,No,3.0,3,3,5,27,BicolorDamselfish,45.63389168019464,No,,,,NRNL_nr,626.5679618805409,1906.436742967858,55.213195913650154,73.02290224799086,,41.39454393909333,55.74540904263214,,0
7,222,No,3.0,3,3,5,28,BrownChromis,46.624275317208685,No,,,,NRNL_nr,996.5398620600408,1603.370092649128,29.88497844069416,65.12225555901664,,49.57129986539872,63.76562243610808,,0
7,222,No,3.0,3,3,5,29,BrownChromis,68.77488814027768,No,,,,NRNL_nr,1212.269475297435,2575.2942972434557,41.34210657097379,75.32234034033104,,33.167754256059375,73.10180380196846,,0
7,222,No,3.0,3,3,5,30,Basslet,101.30534338276836,No,,,,NRNL_nr,708.0230864857969,1743.6975628271675,17.422373329717445,56.104130243173195,,54.23609553843048,80.39254579230092,,0
7,223,Yes,7.0,3,3,6,1,BrownChromis,72.59798506550088,No,,1.0,2.0,NRNL_r,350.0431286719451,1214.019238159026,128.77027628971751,158.26641118312486,,129.38264039062844,66.26689135938268,,0
7,223,Yes,7.0,3,3,6,2,BrownChromis,238.53742338004412,No,,1.0,2.0,NRL_r,2.6210382311421485,1598.437165970555,47.15510871426217,104.39857301991668,30.62316912978044,78.89178138347515,47.87477921850365,,0
7,223,Yes,7.0,3,3,6,3,BicolorDamselfish,90.19472842860972,No,,1.0,2.0,NRL_r,125.66838541480644,1606.787523404566,57.83637480492826,126.42640019873492,71.86071409084973,111.68305601564582,37.57380143123109,,0
7,223,Yes,7.0,3,3,6,4,BrownChromis,64.42447419957549,No,,1.0,2.0,NRL_r,153.62030684644284,1143.3046523898977,88.81994265844696,159.85333398887093,112.97483871179334,160.32373843374864,27.82075629452027,,0
7,223,Yes,7.0,3,3,6,5,BrownChromis,94.58108363949717,No,,1.0,2.0,NRL_r,13.530356556860752,1265.6482867811726,1086.4655040486637,189.1597054764583,112.75437335016645,46.571043132869576,27.0413712913368,,0
7,223,Yes,7.0,3,3,6,6,BrownChromis,88.41882020582517,No,,1.0,2.0,NRL_r,186.34777195669977,1027.9473986527682,135.1311000579544,169.21757719836617,96.9627266321807,134.1032802099878,21.3385118103574,,0
7,223,Yes,7.0,3,3,6,7,Snapper,264.9941611046987,No,,1.0,2.0,NRNL_r,1015.3564558095064,5721.215394857427,1.2503148328488547,19.335428023216274,,129.49618069532886,61.619613254353254,,0
7,223,Yes,7.0,3,3,6,8,Basslet,133.57688652988904,No,,1.0,2.0,NRNL_r,377.60974567759615,987.6012571329076,123.84245553353657,152.87574838843537,,44.44694099878701,69.98276894672286,,0
7,223,Yes,7.0,3,3,6,9,BrownChromis,42.74522925520362,No,,1.0,2.0,NRNL_r,534.5849508823856,938.2928213619437,89.39462163569037,172.13233954645725,,83.3564273031119,77.08364661383837,,0
7,223,Yes,7.0,3,3,6,10,BrownChromis,74.24681970914803,No,,1.0,2.0,NRL_r,199.06287142419632,1144.0777780796675,236.35989874055036,210.86843221571397,157.53433286222602,132.76941841085306,20.27827356490704,,0
7,223,Yes,7.0,3,3,6,11,BrownChromis,67.5093602662715,No,,1.0,2.0,NRL_r,37.90554212755589,1303.4996959762816,542.1401770513567,238.97445450501252,211.4773634785525,98.13857771703633,28.484915360309,,0
7,223,Yes,7.0,3,3,6,12,BrownChromis,61.2675263606419,No,,1.0,2.0,NRL_r,331.05449380646115,1275.848065799379,121.36302831407684,171.9346659556606,171.9346659556606,153.9256159657109,27.12157456759665,,0
7,223,Yes,7.0,3,3,6,13,BrownChromis,48.44619176580337,No,,1.0,2.0,NRL_r,262.13491531553257,1164.0836711486793,278.64411051425094,234.6932851031149,218.03558329747503,150.7672637772005,27.561812228594885,,0
7,223,Yes,7.0,3,3,6,14,BrownChromis,65.90385869958777,No,,1.0,2.0,NRL_r,231.93419404093237,1097.5064610827403,242.71218112630268,225.75649660093504,199.71778765882857,163.46397794670932,32.312630889732276,,0
7,223,Yes,7.0,3,3,6,15,BrownChromis,51.948305564046386,Yes,2383.0,0.0,1.0,FR,421.5304206037793,623.1004381288349,78.37783598868437,144.8019284485183,45.15559775839518,94.70286495044915,36.04484140335295,829.2794760643926,1
7,223,Yes,7.0,3,3,6,16,BrownChromis,81.8956860359649,No,,1.0,2.0,NRNL_r,858.7077115244471,662.1482076542796,47.07891886443341,117.70602600574288,,145.1387686913635,92.44570765820109,,0
7,223,Yes,7.0,3,3,6,17,BrownChromis,82.0586359290267,No,,1.0,2.0,NRNL_r,758.9228536714818,890.3962975037698,59.59532458717718,126.66175283272908,,155.68724215621677,74.33975229003345,,0
7,223,Yes,7.0,3,3,6,18,BrownChromis,98.63503274098788,No,,1.0,2.0,NRNL_r,696.5644569473261,1004.3036655297848,70.04138044501697,141.30375818566887,,138.2396707999414,77.94803286705525,,0
7,223,Yes,7.0,3,3,6,19,BrownChromis,58.06814312341273,No,,1.0,2.0,NRL_r,215.55924801947936,910.5490015925068,148.24429088397144,206.7128233252749,97.2032031224817,102.02163665725011,54.142443140994146,,0
7,223,Yes,7.0,3,3,6,20,BrownChromis,90.6191008341254,No,,1.0,2.0,NRL_r,182.03484949378884,908.0428568349744,152.9761324594958,204.08288527145993,110.0585575746332,116.78822026241852,48.87537285511201,,0
7,223,Yes,7.0,3,3,6,21,BrownChromis,110.9545597587563,No,,1.0,2.0,NRNL_r,317.1307367446438,824.006833397443,159.12671935143504,194.17171540023145,,67.19992707289065,57.92262770743597,,0
7,223,Yes,7.0,3,3,6,22,BrownChromis,52.478972441196184,No,,1.0,2.0,NRL_r,399.7618481346949,875.5681205504765,108.60712903206267,170.29736565438324,82.12701681310736,164.30728488527933,54.189388338969515,,0
7,223,Yes,7.0,3,3,6,23,BrownChromis,65.77985687568733,No,,1.0,2.0,NRNL_r,363.5356395059063,969.2457590433088,135.69693473898647,192.52683668359964,,140.7087010663805,60.52064114826954,,0
7,223,Yes,7.0,3,3,6,24,BrownChromis,51.40046286146389,No,,1.0,2.0,NRNL_r,262.5660982119842,1172.224579611192,155.4149846542816,181.1956493818062,,169.02694156639575,62.010818169653895,,0
7,223,Yes,7.0,3,3,6,25,BrownChromis,47.34612570255126,No,,1.0,2.0,NRL_r,124.98222903291426,1108.208664251514,203.52375174761497,239.7455324684183,47.47962404981813,177.675308160871,36.17727722427874,,0
7,223,Yes,7.0,3,3,6,26,BrownChromis,36.694957582805955,No,,1.0,2.0,NRL_r,5.343560446601707,1326.6191855299298,581.7151951127661,186.97172870298348,141.1652353540448,27.99002853007942,26.226747022978387,,0
7,223,Yes,7.0,3,3,6,27,BrownChromis,108.5693198271158,No,,1.0,2.0,NRL_r,7.727601679903458,1321.136722908919,271.61781565016236,199.9240893245495,122.00104308160392,96.30928492628288,33.11507207557744,,0
7,223,Yes,7.0,3,3,6,28,BrownChromis,31.179870220244187,No,,1.0,2.0,NRL_r,194.7836703549699,2380.877580948173,13.581798348194118,71.29811207509913,67.06979979037871,48.358993717136954,48.703292260374056,,0
7,223,Yes,7.0,3,3,6,29,BrownChromis,43.16323161820445,No,,1.0,2.0,NRL_r,17.933733230412567,1771.533946108376,50.698825572600335,125.03564675199,119.53174990553104,107.38787043427136,32.26786881577343,,0
7,224,No,8.0,3,3,7,1,BrownChromis,69.12924490846724,No,,,,NRNL_nr,1111.4267962144809,1132.524353727142,19.00901645467527,41.715420611063216,,57.67409940122981,104.25562541825258,,0
7,224,No,8.0,3,3,7,2,BrownChromis,44.45874789122751,No,,,,NRL_nr,7.731870531909135,1566.3113738766824,15.529711471873112,33.19632255649908,26.961691533173937,130.7087404865154,38.83725610349414,,0
7,224,No,8.0,3,3,7,3,BrownChromis,34.14184693425874,No,,,,NRNL_nr,243.09748601253284,2114.533994700907,18.976969657387215,34.36996929033926,,137.650945146164,56.59635231182875,,0
7,224,No,8.0,3,3,7,4,Basslet,129.16785049682446,No,,,,NRL_nr,92.95625303992318,1315.308182054358,9.794068435786262,27.006830321530263,27.006830321530263,106.84782793480676,23.77883825192208,,0
7,224,No,8.0,3,3,7,5,BicolorDamselfish,52.99540559467183,No,,,,NRNL_nr,445.9153748222305,1835.567626383579,22.009332487161508,36.776799241224154,,143.311539929672,57.201847110033206,,0
7,224,No,8.0,3,3,7,6,Basslet,64.92680477662864,No,,,,NRNL_nr,716.8702301811245,2207.4328000803052,9.956224404042636,33.01802493209647,,3.429423425055256,71.85745493634296,,0
7,224,No,8.0,3,3,7,7,BrownChromis,41.16671640108547,No,,,,NRNL_nr,922.0628829801028,682.7940812501647,31.592742388174692,40.78114975184287,,59.31517549844057,75.22317204163586,,0
7,224,No,8.0,3,3,7,8,BrownChromis,51.14826915751311,No,,,,NRNL_nr,949.339293232154,431.8464435057298,31.43604706579845,41.260891913341695,,41.06445042688761,85.71974518181916,,0
7,224,No,8.0,3,3,7,9,BrownChromis,,No,,,,NRTC,1485.777749117721,1512.5376097991611,16.206006730579208,36.71605680998399,,,103.1931603687282,,0
7,224,No,8.0,3,3,7,10,BrownChromis,66.11845901869177,No,,,,NRNL_nr,1346.5534763608223,1591.6220301754472,16.31570024073426,34.69860301305057,,57.721049141694955,103.70211269493872,,0
7,224,No,8.0,3,3,7,11,BrownChromis,53.7271310859041,No,,,,NRNL_nr,1268.5050997330768,843.7446243948399,25.812063015642277,33.501690992570566,,18.06533859347206,105.72379275240404,,0
7,224,No,8.0,3,3,7,12,BrownChromis,56.306160500941665,No,,,,NRNL_nr,1176.4012057182474,759.4173569568907,20.239310093519837,47.2704835162596,,137.73517733227047,124.30433781423255,,0
7,224,No,8.0,3,3,7,13,BrownChromis,,No,,,,NRUD,,,0.0,0.0,0.0,,,,0
7,224,No,8.0,3,3,7,14,BrownChromis,51.0747641814041,No,,,,NRNL_nr,1143.2911544371711,604.792069823083,19.282710914402724,39.86225550905719,,37.993373472409736,89.69775472856182,,0
7,224,No,8.0,3,3,7,15,BrownChromis,78.53581370891024,No,,,,NRNL_nr,812.8760923019506,608.9768545133697,19.08268667668225,29.156907382414825,,92.54545500018156,64.94262268017505,,0
7,224,No,8.0,3,3,7,16,BrownChromis,47.62365214170285,No,,,,NRNL_nr,590.3187878704923,1654.8788366641004,20.278988445918973,40.41407944223919,,145.79475936615174,69.00071106717729,,0
7,224,No,8.0,3,3,7,17,BrownChromis,73.79772423662676,No,,,,NRNL_nr,1301.054185035405,587.6590579888156,18.776810144743187,39.16707241527357,,140.25701475691778,143.96113346072968,,0
7,224,No,8.0,3,3,7,18,BrownChromis,,No,,,,NRTC,1577.5601912326474,1131.0707852490418,8.876683750859305,29.337652780428563,,,117.920122862918,,0
7,224,No,8.0,3,3,7,19,BicolorDamselfish,46.83459222657168,No,,,,NRL_nr,516.9652686597456,1185.098658289457,17.911478609950496,38.35550648591987,20.75685110490094,9.125960659142237,51.34392077518402,,0
7,224,No,8.0,3,3,7,20,BrownChromis,84.8552604736617,No,,,,NRL_nr,9.189225889338466,2173.1126708539105,12.093303853404963,27.42795852093295,7.663397010451352,131.40457770656442,49.760740820299105,,0
7,228,No,5.0,3,3,10,1,BrownChromis,32.52359399838662,No,,,,NRL_nr,344.29744673247654,1627.000268423981,184.4549750459826,104.43938110198448,62.10839765639845,97.60351766866133,54.87325395489156,,0
7,228,No,5.0,3,3,10,2,BrownChromis,58.55446974283524,No,,,,NRNL_nr,827.425977398766,403.62345786703463,40.10972671426774,52.0697235022905,,88.63735343351804,77.01121747466634,,0
7,228,No,5.0,3,3,10,3,BrownChromis,51.58084782940139,No,,,,NRNL_nr,1236.7110352448458,488.1550897355329,27.368553229836397,60.34530837698532,,134.3828991452906,122.37164254026683,,0
7,228,No,5.0,3,3,10,4,BrownChromis,61.470204241040314,No,,,,NRNL_nr,1325.6106123028048,601.8822590551878,22.573517967169856,50.620413460690195,,34.09091596802404,131.3555520874631,,0
7,228,No,5.0,3,3,10,5,BrownChromis,53.83289930676209,No,,,,NRNL_nr,1351.6857384166492,943.1942815897864,29.76511177943504,62.367906350114666,,94.62354979440066,94.8322044598343,,0
7,228,No,5.0,3,3,10,6,BrownChromis,51.2274022528771,No,,,,NRNL_nr,1231.1333255335526,1134.7734473594244,50.37859618594439,72.46372883951044,,126.58000219338388,104.1162588476121,,0
7,228,No,5.0,3,3,10,7,BrownChromis,45.617937046381215,No,,,,NRNL_nr,1172.7170886262993,998.1840575063771,52.46522272365556,77.35804397973084,,44.88246603384381,100.14655552380096,,0
7,228,No,5.0,3,3,10,8,BrownChromis,44.03722120695208,No,,,,NRNL_nr,1056.3238172033623,1706.6333030569235,44.23150768587551,73.83135635886381,,127.94349026172246,68.4164092237216,,0
7,228,No,5.0,3,3,10,9,BrownChromis,40.117192326000286,No,,,,NRNL_nr,874.9972980179298,1873.093869632053,40.52436458665963,69.81073926983005,,96.14691043290856,69.51341423701409,,0
7,228,No,5.0,3,3,10,10,Angelfish,147.28868182142693,No,,,,NRL_nr,17.516531654392825,1515.4526898556614,23.251244541670797,55.71014921937353,44.02859509595323,113.44873567051664,54.55037505109822,,0
7,228,No,5.0,3,3,10,11,BrownChromis,47.003959736961704,No,,,,NRL_nr,331.72858079891074,1006.7730472798658,22.949410762891187,57.6265742771184,15.240386315031545,19.198681158348172,19.71212757724506,,0
7,228,No,5.0,3,3,10,12,BrownChromis,48.50177262615486,No,,,,NRNL_nr,1147.21573959351,2235.5345717111786,15.21910150386103,50.72969373854601,,54.35292289039381,81.20619087036718,,0
7,228,No,5.0,3,3,10,13,BrownChromis,69.57310053135176,No,,,,NRNL_nr,889.8183222723989,1402.535298967848,40.96988516363106,71.73114698363074,,110.5070868620174,57.165902057571785,,0
7,228,No,5.0,3,3,10,14,BrownChromis,,No,,,,NRUD,,,0.0,0.0,0.0,,,,0
7,228,No,5.0,3,3,10,15,BrownChromis,,No,,,,NRUD,,,0.0,0.0,0.0,,,,0
7,228,No,5.0,3,3,10,16,BrownChromis,,No,,,,NRUD,,,0.0,0.0,0.0,,,,0
7,228,No,5.0,3,3,10,17,BrownChromis,53.086220012184214,No,,,,NRNL_nr,1305.2183432986608,944.3809044408412,19.112346065452332,49.814095485688334,,83.24288406267677,118.39798974746796,,0
7,228,No,5.0,3,3,10,18,BrownChromis,81.31043100115318,No,,,,NRNL_nr,1311.301447046765,1368.9180893544512,10.58431699499374,35.22677814813777,,38.70999309748141,99.1804840506998,,0
7,228,No,5.0,3,3,10,19,BrownChromis,26.7520413667766,No,,,,NRL_nr,501.5297951504835,1513.342824063927,217.90620409054495,108.0178257013834,63.843873820118986,66.69097944629745,54.37590683289746,,0
7,228,No,5.0,3,3,10,20,BrownChromis,48.00059890105716,No,,,,NRL_nr,344.95908890859204,1630.424549145582,208.00356122270676,107.7904343895273,80.2446426992109,85.45054184530828,52.06280907768323,,0
7,228,No,5.0,3,3,10,21,BrownChromis,33.029358481114905,No,,,,NRL_nr,441.936115986196,1417.605484402941,153.9144522870227,99.9009319688985,56.712315320694174,106.31659612221765,52.0021958232827,,0
7,228,No,5.0,3,3,10,22,BicolorDamselfish,45.650919605524294,No,,,,NRL_nr,230.8685865999081,1782.8180757499842,93.75799813692907,95.07040900528791,88.34272691013057,109.22774175883498,43.96420748369451,,0
7,228,No,5.0,3,3,10,23,BicolorDamselfish,44.13614015021127,No,,,,NRL_nr,113.76795879113249,1912.49159399233,87.45505031309763,87.03945444118746,75.05374730389626,58.57178693813437,45.67039013079205,,0
7,228,No,5.0,3,3,10,24,BicolorDamselfish,40.34002281055726,No,,,,NRL_nr,91.81934638465214,2029.0983432599896,47.80348780875697,71.3158137228715,71.3158137228715,76.09413444308612,39.03883087927976,,0
7,228,No,5.0,3,3,10,25,BrownChromis,37.45205335742537,No,,,,NRL_nr,317.88137751636805,1470.3885079017064,69.33563192173764,84.61796878380632,26.68499024473913,30.519070318589595,41.37574433563617,,0
7,228,No,5.0,3,3,10,26,BrownChromis,58.59646464454326,No,,,,NRNL_nr,1100.474810958539,2099.988733831011,32.42498042993704,49.85385823045569,,76.97839584740484,66.66060857686566,,0
7,228,No,5.0,3,3,10,27,BrownChromis,49.53354324235884,No,,,,NRNL_nr,1221.413082500783,1248.675014492473,34.47326618816948,73.79734374991963,,16.732910916778742,76.49280336765428,,0
7,228,No,5.0,3,3,10,28,BrownChromis,73.74193773503663,No,,,,NRNL_nr,1705.7357886882137,1510.039964287086,21.36992498933372,55.9959584199908,,71.89996620880402,95.02302736545444,,0
7,228,No,5.0,3,3,10,29,Snapper,174.273714520667,No,,,,NRNL_nr,2511.7086692787025,3377.626844175619,3.7465234306118305,26.225950396460604,,121.21187754183686,100.76324610297404,,0
7,228,No,5.0,3,3,10,30,Basslet,83.83228300959696,No,,,,NRNL_nr,560.9873659250178,1217.2795366896469,18.491929454530393,55.588983742735294,,113.60563821956542,79.31400183196432,,0
7,228,No,5.0,3,3,10,31,BrownChromis,53.81255015704376,No,,,,NRL_nr,686.3657050825404,533.1308993741922,29.44385044555508,53.70987423877515,34.810093485494164,31.373586432998433,46.52784836049853,,0
7,228,No,5.0,3,3,10,32,BrownChromis,51.47147570418887,No,,,,NRNL_nr,869.5148747537859,449.65540111770787,32.48612408120676,65.0996719735583,,51.10152835673325,91.24957650232368,,0
7,228,No,5.0,3,3,10,33,BrownChromis,,No,,,,NRUD,,,0.0,0.0,0.0,,,,0
7,229,No,6.0,3,3,11,1,BrownChromis,81.52922514793678,No,,,,NRNL_nr,1284.7311404675306,2689.4600171087404,18.361917445477708,57.80945120516024,,75.64195042983177,79.32545851406438,,0
7,229,No,6.0,3,3,11,2,BrownChromis,58.482082806580934,No,,,,NRNL_nr,1350.2934766746175,1320.912155911283,35.80378793073431,77.28566911020813,,47.58427165403123,96.3433970816904,,0
7,229,No,6.0,3,3,11,3,BrownChromis,63.90641461813752,No,,,,NRNL_nr,1209.186998607555,1704.2300431993676,29.488029164448825,76.88618854286506,,119.583634240766,93.98700037269955,,0
7,229,No,6.0,3,3,11,4,BrownChromis,62.581576028964534,No,,,,NRNL_nr,1103.7105033132582,825.8397667889437,28.96462763369001,63.409440160714766,,154.372631038271,83.07458899295882,,0
7,229,No,6.0,3,3,11,5,BrownChromis,55.777251698148426,No,,,,NRNL_nr,1098.0639575075852,1769.095439150087,22.615437102718563,69.71215471394086,,153.68059319515478,92.93156605275146,,0
7,229,No,6.0,3,3,11,6,BrownChromis,60.192635835334414,No,,,,NRNL_nr,898.4979132023594,1213.1091876026585,43.628043109237126,91.2825913567085,,130.4208396722977,84.05884710688578,,0
7,229,No,6.0,3,3,11,7,BrownChromis,69.69182784149292,No,,,,NRNL_nr,934.842914778724,1203.444312084622,62.4931598327219,97.29405862241164,,113.95130482581403,75.59552498545003,,0
7,229,No,6.0,3,3,11,8,BrownChromis,71.12467279623377,No,,,,NRNL_nr,871.1319263175991,2383.5134058300687,25.365645911030175,62.84284522682455,,137.02066143822822,73.1040064714139,,0
7,229,No,6.0,3,3,11,9,BrownChromis,53.32022799705607,No,,,,NRNL_nr,979.2508538392792,1634.1498551077514,45.79418940940261,76.50670793151396,,67.4663901321799,60.4572455703976,,0
7,229,No,6.0,3,3,11,10,BrownChromis,53.22409320547135,No,,,,NRNL_nr,1015.230156270762,2210.849519663012,36.4061202461662,73.90785114592902,,100.12115737476483,64.2224665515478,,0
7,229,No,6.0,3,3,11,11,BrownChromis,178.4309594826323,No,,,,NRNL_nr,891.1563480083573,2650.598639811152,26.93004257899041,62.825449101820816,,103.67108480251856,60.49895744885675,,0
7,229,No,6.0,3,3,11,12,BrownChromis,62.82267454794916,No,,,,NRL_nr,605.318891405164,573.1559408194786,25.050489697093127,66.98930211560797,7.991029597227605,54.90469383187173,52.05214778159802,,0
7,229,No,6.0,3,3,11,13,BrownChromis,45.28148082891911,No,,,,NRL_nr,568.6582449119309,1086.572419372529,47.53913253829893,91.3413328989254,49.622963686602425,81.30020820635478,54.644001672593674,,0
7,229,No,6.0,3,3,11,14,BrownChromis,62.66302532801807,No,,,,NRL_nr,759.5751027469803,2221.8112209053656,41.67406500912476,72.42351894520276,29.47250997308995,131.71705861846235,54.70361446267676,,0
7,229,No,6.0,3,3,11,15,BrownChromis,,No,,,,NRUD,,,0.0,0.0,0.0,,,,0
7,229,No,6.0,3,3,11,16,BrownChromis,,No,,,,NRUD,,,0.0,0.0,0.0,,,,0
7,229,No,6.0,3,3,11,17,BrownChromis,41.96169748068234,No,,,,NRL_nr,201.922984685347,2551.8329818333327,19.360156123709164,66.38967637770713,53.938187171128355,50.11302963336568,47.58985655051737,,0
7,229,No,6.0,3,3,11,18,BicolorDamselfish,40.40509366521493,No,,,,NRL_nr,359.9936039434025,1519.2483837362538,57.12182336736567,87.3666388910161,51.72579560332456,77.47099770397303,52.313112486300206,,0
7,229,No,6.0,3,3,11,19,BicolorDamselfish,37.92071246385471,No,,,,NRL_nr,442.205676196293,2113.9860297736673,48.50149697022019,84.85654571038262,48.71321784174388,167.9850559975538,53.4789744469752,,0
7,229,No,6.0,3,3,11,20,BicolorDamselfish,35.563696560229175,No,,,,NRL_nr,153.86730040323738,2001.748059394823,33.80076329312956,74.96977891499192,71.4375058126733,103.50613684387773,41.326379685503056,,0
7,229,No,6.0,3,3,11,21,Basslet,80.59576889120498,No,,,,NRNL_nr,436.76278658285065,1844.274459830641,31.619927417531628,72.47537514464412,,85.33462300577897,66.71402415123487,,0
7,229,No,6.0,3,3,11,22,BrownChromis,42.993075849297234,No,,,,NRL_nr,749.2894521169598,1436.0365591022403,46.62122488384168,80.3195831713965,43.013595235712195,36.20663274998133,50.96278763965471,,0
7,229,No,6.0,3,3,11,23,BrownChromis,35.29186397436054,No,,,,NRL_nr,314.5323255538878,1758.2527069635412,59.06397985963507,85.12015601337467,53.2756032834849,68.05618382344326,51.44851861285644,,0
7,229,No,6.0,3,3,11,24,Basslet,129.0317912386645,No,,,,NRL_nr,0.6231208164942864,1581.794857416281,10.29373959725286,46.98327662205317,25.26490671751106,121.52800076821065,32.987463856366915,,0
7,229,No,6.0,3,3,11,25,BrownChromis,71.01836527730883,No,,,,NRL_nr,580.0207913534543,1161.3734890792505,28.583998909764578,64.24539259361416,13.7495710210797,133.02565222131437,33.718223316285346,,0
7,229,No,6.0,3,3,11,26,BrownChromis,,No,,,,NRUD,,,0.0,0.0,0.0,,,,0
7,229,No,6.0,3,3,11,27,Doctorfish,93.51075400977318,No,,,,NRNL_nr,1029.6262418658075,2408.0675640716595,30.632301282114437,75.13387357491705,,82.82158084625163,69.20927308500123,,0
7,229,No,6.0,3,3,11,28,Basslet,119.87754500358947,No,,,,NRNL_nr,228.8185272463469,1078.0712832815884,13.378085376098372,53.37040191513507,,92.836841481038,63.544050635843405,,0
7,229,No,6.0,3,3,11,29,BrownChromis,90.20299934729329,No,,,,NRNL_nr,1428.9871773346215,1606.3320043209558,38.29024116191047,79.87500562277344,,125.62488226551896,85.81778836533137,,0
7,229,No,6.0,3,3,11,30,BrownChromis,52.39141127899165,No,,,,NRNL_nr,1128.0527932455052,1435.1161086295629,61.52867260967915,101.51963355772028,,176.89555578391457,77.41538846831205,,0
7,230,No,4.0,3,3,12,1,BrownChromis,71.87564594570834,No,,,,NRNL_nr,911.8055245586606,1015.9328172621836,38.95988818980387,69.27296939687405,,60.23232358776679,60.94760514784906,,0
7,230,No,4.0,3,3,12,2,Snapper,,No,,,,NRUD,,,0.0,0.0,0.0,,,,0
7,230,No,4.0,3,3,12,3,BicolorDamselfish,45.82520815229072,No,,,,NRL_nr,326.5937597596029,1108.6345118141303,51.995218897810986,86.75232472331689,16.5671638581685,165.2328335015885,42.41198106134956,,0
7,230,No,4.0,3,3,12,4,Basslet,118.1652227071872,No,,,,NRL_nr,46.219139519026285,2057.947188637657,28.794079328807715,61.20190432010439,44.76674790236166,14.744692130098066,41.94866800501257,,0
7,230,No,4.0,3,3,12,5,Basslet,127.58916315090022,No,,,,NRL_nr,68.18793878569501,1788.193249513558,47.011612616441774,81.9849411251078,40.88551409656464,94.19718905833211,40.80274006605346,,0
7,230,No,4.0,3,3,12,6,Snapper,317.52701762693334,No,,,,NRNL_nr,676.6773687285641,5394.278484347645,22.40576573405072,117.6123805446784,,158.96654568243696,67.57120702939946,,0
7,230,No,4.0,3,3,12,7,Snapper,1504.4847083692491,No,,,,NRTC,505.353845668182,7066.218732842641,10.448343679635304,109.04721591112488,,77.41318363929445,68.93937816284108,,0
7,230,No,4.0,3,3,12,8,Snapper,1005.8158368987396,No,,,,NRTC,803.1016938176933,6221.676988068915,11.47451748526203,155.5622076402178,,80.2644960367538,63.260581276662904,,0
7,230,No,4.0,3,3,12,9,Snapper,886.6848296234169,No,,,,NRTC,521.2886987130335,7447.36303818488,10.321068844679756,69.72877741496696,,69.03860742173505,65.42382053019243,,0
7,230,No,4.0,3,3,12,10,Angelfish,204.4151000708291,No,,,,NRL_nr,557.9802113095818,3024.2204601654425,4.660257081028304,40.56418478307706,22.539167400438306,96.08768323143016,51.38373897754739,,0
7,230,No,4.0,3,3,12,11,BrownChromis,,No,,,,NRUD,,,0.0,0.0,0.0,,,,0
7,230,No,4.0,3,3,12,12,BrownChromis,,No,,,,NRUD,,,0.0,0.0,0.0,,,,0
7,230,No,4.0,3,3,12,13,BrownChromis,71.14815459956634,No,,,,NRL_nr,934.7777907647156,1643.7149681843528,11.24789345020842,48.17360437520682,17.108334106877592,81.26247399876371,41.33362245266297,,0
7,230,No,4.0,3,3,12,14,BrownChromis,59.23144057395336,No,,,,NRL_nr,745.0611012950126,1100.8633231034298,49.43639834835781,76.56384683897731,46.45288066141186,39.74493933939667,43.04217091901359,,0
7,230,No,4.0,3,3,12,15,BrownChromis,67.53986383304839,No,,,,NRL_nr,488.1324906855666,1150.6985700682374,63.303970150639934,91.72872869652998,41.64083775920925,99.75386662325155,40.32760564082679,,0
7,230,No,4.0,3,3,12,16,BrownChromis,74.03498492190293,No,,,,NRL_nr,376.7621377510149,1492.6652441190863,59.036993800593514,87.71314043892644,27.569626645516436,120.51872042613132,45.38963893540165,,0
7,230,No,4.0,3,3,12,17,BrownChromis,61.39251982414567,No,,,,NRL_nr,437.03759465406273,1569.0123518446674,45.77769914356328,80.66916919290018,41.71734560355402,124.8144667539311,36.88139293376312,,0
7,230,No,4.0,3,3,12,18,BrownChromis,57.54191726958101,No,,,,NRL_nr,195.83115000602905,1107.6732629140463,20.848512890975048,61.12989480691045,42.52111039821262,106.14910266497252,20.79110550526,,0
7,230,No,4.0,3,3,12,19,BrownChromis,59.90047703148372,No,,,,NRL_nr,1069.3703995185422,955.4440992127664,15.35386085625049,46.883806914610865,36.70943806214563,137.80890317623695,39.50796156263494,,0
7,230,No,4.0,3,3,12,20,BrownChromis,62.45959992019232,No,,,,NRL_nr,941.3837929598088,1442.710757524377,18.00316008874807,49.293417327206306,42.52581209742971,108.19355346948302,31.37522674768752,,0
7,230,No,4.0,3,3,12,21,BrownChromis,51.14416607729317,No,,,,NRL_nr,624.0042680971142,1033.4396084573889,22.545153873565052,52.2368534805053,25.688894875212497,82.81639085680315,10.141845346858936,,0
7,230,No,4.0,3,3,12,22,BrownChromis,44.225852677195704,No,,,,NRNL_nr,870.4254143123084,838.7195817369203,34.150473928499274,70.34676361520513,,43.45515398168049,69.04110317788054,,0
7,230,No,4.0,3,3,12,23,BrownChromis,54.85777200282257,No,,,,NRL_nr,473.79296987728503,1701.3317530164911,34.42414162736298,69.79495917020849,47.789914638332235,127.1630357384978,53.4724983215244,,0
7,230,No,4.0,3,3,12,24,BrownChromis,,No,,,,NRUD,,,0.0,0.0,0.0,,,,0
7,230,No,4.0,3,3,12,25,BrownChromis,,No,,,,NRUD,,,0.0,0.0,0.0,,,,0
7,231,Yes,8.0,3,3,13,1,BrownChromis,71.19445412569145,Yes,2397.0,8.0,3.0,SRL,578.3878630801939,1004.1747467471016,21.22174808080396,46.90398662354741,6.603464347873494,76.65241286333608,45.99557792553085,589.8829371891192,1
7,231,Yes,8.0,3,3,13,2,Basslet,118.01749991056415,No,,52.0,14.0,NRNL_r,330.64958691833687,1729.319177423361,22.138905752635377,64.78801810330461,,117.19602773703994,66.65388200082842,,0
7,231,Yes,8.0,3,3,13,3,Basslet,84.16399118718829,No,,52.0,14.0,NRL_r,179.39623592099764,2066.6076724164936,45.54240579430293,72.19138946564304,43.290083841905414,113.8960023294134,54.611425337920274,,0
7,231,Yes,8.0,3,3,13,4,Basslet,125.1334544005975,No,,52.0,14.0,NRNL_r,183.77699809794296,1381.3528089304662,42.02221820383584,72.45926954937416,,163.38229080336208,56.9604185695673,,0
7,231,Yes,8.0,3,3,13,5,BrownChromis,46.99807291062309,Yes,2421.0,32.0,10.0,SRNL,990.1838479042052,2164.261516475183,27.149477196993654,59.73364052402855,,133.72514665691796,73.48953273838879,3798.711100968257,1
7,231,Yes,8.0,3,3,13,6,BrownChromis,104.6576514858504,No,,52.0,14.0,NRNL_r,1122.9256807496947,2568.040418359555,20.849525227939903,49.36438923272846,,53.7610157382293,74.23873898416484,,0
7,231,Yes,8.0,3,3,13,7,BrownChromis,60.96901640386072,No,,52.0,14.0,NRNL_r,894.8928994791062,2861.229516019388,22.82122947049241,50.3179167264538,,142.4499179991171,65.1047315242785,,0
7,231,Yes,8.0,3,3,13,8,BrownChromis,57.17550302043912,Yes,2440.0,51.0,13.0,SRL,716.065645769612,784.7359050885165,27.63099464169554,50.27433633983041,38.9148492667391,168.81787733876607,35.418095863244055,638.5840324738734,1
7,231,Yes,8.0,3,3,13,9,BrownChromis,49.39368870378866,Yes,2394.0,5.0,2.0,SRL,447.37052787226327,877.9194134446063,23.090287201595373,51.219865377433045,16.739023778323954,66.57127174025936,11.989795461353928,564.8976565730981,1
7,231,Yes,8.0,3,3,13,10,BrownChromis,86.96428695609656,No,,52.0,14.0,NRNL_r,1067.9325939896316,2505.1766192761006,15.921245779587291,48.18293264990698,,42.81500316681246,60.69591591926527,,0
7,231,Yes,8.0,3,3,13,11,BrownChromis,115.05155399540246,Yes,2415.0,26.0,8.0,SRNL,1094.9498264686208,3170.2779531127208,16.58986703825129,34.578361700278926,,54.73068348176124,61.0596419768993,1110.4397684153816,1
7,231,Yes,8.0,3,3,13,12,BrownChromis,34.99345513490346,No,,52.0,14.0,NRL_r,186.2170138567925,2461.749010172322,37.40904369588761,59.43279456319616,59.43279456319616,97.9752833532739,46.81023313819857,,0
7,231,Yes,8.0,3,3,13,13,BrownChromis,52.109458726087304,Yes,2409.0,20.0,6.0,SRNL,429.14287442197985,1868.8038573844012,41.943707915452855,78.26407101286317,,48.454698870795816,55.30010620600197,897.6327308692878,1
7,231,Yes,8.0,3,3,13,14,BrownChromis,,No,,52.0,14.0,NRUD,,,0.0,0.0,0.0,,,,0
7,231,Yes,8.0,3,3,13,15,BrownChromis,,Yes,2415.0,26.0,8.0,SRUD,,,0.0,0.0,0.0,,,,0
7,231,Yes,8.0,3,3,13,16,BrownChromis,,Yes,2417.0,28.0,9.0,SRUD,,,0.0,0.0,0.0,,,,0
7,231,Yes,8.0,3,3,13,17,BrownChromis,,No,,52.0,14.0,NRUD,,,0.0,0.0,0.0,,,,0
7,231,Yes,8.0,3,3,13,18,BrownChromis,,No,,52.0,14.0,NRUD,,,0.0,0.0,0.0,,,,0
7,231,Yes,8.0,3,3,13,19,BrownChromis,44.9875671735408,Yes,2389.0,0.0,1.0,FR,649.2060936369443,714.4393147886486,25.82281557669057,53.95010280886199,17.303789245137203,69.96943242363899,42.10489840249414,1348.8370956333983,1
7,231,Yes,8.0,3,3,13,20,BicolorDamselfish,46.677630218822976,Yes,2425.0,36.0,11.0,SRL,157.90778282557653,2187.307003279763,53.92132024995336,73.13603897434815,57.75160489660273,126.0851186389502,48.325887373393776,631.493090627502,1
7,231,Yes,8.0,3,3,13,21,BicolorDamselfish,,Yes,2425.0,36.0,11.0,SRUD,,,0.0,0.0,0.0,,,,0
7,231,Yes,8.0,3,3,13,22,BrownChromis,52.46570936532389,Yes,2401.0,12.0,4.0,SRNL,698.5461920289357,422.46898321071177,23.142600379853,48.73658998934339,,144.30352048503102,58.42031347757643,952.910508473846,1
7,231,Yes,8.0,3,3,13,23,BrownChromis,50.936453909258745,Yes,2432.0,43.0,12.0,SRNL,886.5070440850665,875.3441463393641,24.245175552600493,51.684509454660976,,161.75471100627647,73.48182953953257,191.54388610934043,1
7,231,Yes,8.0,3,3,13,24,BrownChromis,40.38744407684901,Yes,2404.0,15.0,5.0,SRNL,414.2925101482715,1034.6105150892604,33.4873088756115,65.91609965953889,,69.03902112717238,62.6693838911058,2200.893405403542,1
7,231,Yes,8.0,3,3,13,25,BrownChromis,63.762097074949814,No,,52.0,14.0,NRNL_r,547.5904395486986,1594.5412708164945,32.094424572769015,70.29515373980392,,84.97723680275676,71.28389546231513,,0
7,231,Yes,8.0,3,3,13,26,BrownChromis,55.36035018217516,Yes,2413.0,24.0,7.0,SRNL,1178.5448703261409,1545.7194113538728,13.819821430910038,45.23077663649138,,162.0666368290317,96.85688906366885,942.468836628568,1
7,231,Yes,8.0,3,3,13,27,BicolorDamselfish,51.056006931111234,No,,52.0,14.0,NRL_r,211.3110309854554,1541.4881418596472,52.428533174870566,74.8404911980498,56.30326891572218,116.06341663185732,45.11661170867739,,0
7,231,Yes,8.0,3,3,13,28,BrownChromis,40.815612163681806,No,,52.0,14.0,NRL_r,17.688839132027244,1839.3749431855283,1890.6640974945055,132.25986741674896,80.52551675967884,43.39041133218515,38.421744613429915,,0
7,231,Yes,8.0,3,3,13,29,BrownChromis,40.67031715104056,No,,52.0,14.0,NRL_r,6.035105035946214,1827.987211636712,1892.3830646835245,171.76228094148237,45.492522713617,105.61596480241292,38.90568945068537,,0
7,233,No,5.0,3,3,15,1,BrownChromis,59.588636372280995,No,,,,NRNL_nr,1266.1537541003063,2343.9875315930535,14.1243557900909,46.19911228709761,,163.2564756477708,79.90507501704587,,0
7,233,No,5.0,3,3,15,2,BrownChromis,59.76462966408662,No,,,,NRNL_nr,1118.3202574685936,1425.862946075807,13.509636010895168,50.89170365602177,,30.748872498434437,99.67327198715353,,0
7,233,No,5.0,3,3,15,3,BrownChromis,54.77168906251025,No,,,,NRNL_nr,1268.995422700953,1124.4088177548504,18.107007181079137,54.02225083698401,,140.73327045260342,100.88331812148589,,0
7,233,No,5.0,3,3,15,4,BrownChromis,61.72561325745975,No,,,,NRNL_nr,1459.8784808896378,684.9110299862425,10.713160587943094,37.767501544385624,,60.30568272630337,125.55473062554708,,0
7,233,No,5.0,3,3,15,5,BrownChromis,52.49303616977387,No,,,,NRNL_nr,1160.541880661419,796.4071680925023,11.658266437699655,38.427223669699934,,35.48609741302974,77.6415016066655,,0
7,233,No,5.0,3,3,15,6,BrownChromis,58.344374967923486,No,,,,NRNL_nr,1092.1472361559054,312.1062625380912,18.703659195469793,48.89129283022188,,65.39877305866153,56.642998036019485,,0
7,233,No,5.0,3,3,15,7,Basslet,107.37583851850536,No,,,,NRNL_nr,530.2779925858615,1017.4750281348468,10.799631368741998,42.5878451839973,,104.62736494896374,81.32772815018402,,0
7,233,No,5.0,3,3,15,8,BrownChromis,76.70516507726336,No,,,,NRNL_nr,1511.5282321287125,1380.154968249508,16.069183559341145,45.24947424532608,,134.5934830225436,96.19981496905554,,0
7,233,No,5.0,3,3,15,9,BrownChromis,48.966629121691795,No,,,,NRL_nr,767.2834754265256,888.8708039210919,13.892046742630814,44.5423365347839,19.885805480814614,60.05481848751933,18.78109475677564,,0
7,233,No,5.0,3,3,15,10,BrownChromis,57.327857242660365,No,,,,NRL_nr,855.2866514864271,793.2821321908849,25.77410197786462,56.624925456768295,24.33948047951963,120.78983697883064,54.9747797422168,,0
7,233,No,5.0,3,3,15,11,BrownChromis,44.749228508177616,No,,,,NRL_nr,988.3320732334452,558.8888383262497,22.867103586293,51.91679763002783,17.368885425134266,155.2383569082506,48.44448899479269,,0
7,233,No,5.0,3,3,15,12,BicolorDamselfish,92.7323471757308,No,,,,NRL_nr,584.0953166055872,1547.6932814752715,62.65812386462215,65.51872597170835,53.95659045877051,62.94605977162201,37.964782753126705,,0
7,233,No,5.0,3,3,15,13,BrownChromis,44.93828335221014,No,,,,NRNL_nr,178.89888690422663,2090.84964092444,38.15350587134004,55.050336288399805,,99.02524392153664,56.09153323874212,,0
7,233,No,5.0,3,3,15,14,BrownChromis,35.41045645211181,No,,,,NRNL_nr,316.95423689751584,1876.937188546682,54.73443482596444,64.73219040133661,,129.04953683315549,58.42353559822576,,0
7,233,No,5.0,3,3,15,15,BrownChromis,,No,,,,NRUD,,,0.0,0.0,0.0,,,,0
7,233,No,5.0,3,3,15,16,BrownChromis,67.58453164225881,No,,,,NRNL_nr,1287.6709470578828,2088.20214260885,13.32307703673603,46.14120300075135,,73.21874058188934,90.70418856878165,,0
7,233,No,5.0,3,3,15,17,BrownChromis,58.21319646889023,No,,,,NRNL_nr,1314.589713370063,2544.516218207733,10.333651408640735,37.63745568045354,,106.9358937246876,69.21622619370704,,0
7,233,No,5.0,3,3,15,18,BrownChromis,34.58582908966143,No,,,,NRL_nr,213.86435503793027,2093.393072827944,39.54151693515008,47.85884139528384,43.83118735737731,159.044793249063,51.334386136556994,,0
7,233,No,5.0,3,3,15,19,BrownChromis,,No,,,,NRUD,,,0.0,0.0,0.0,,,,0
7,233,No,5.0,3,3,15,20,BrownChromis,,No,,,,NRUD,,,0.0,0.0,0.0,,,,0
7,233,No,5.0,3,3,15,21,BrownChromis,,No,,,,NRUD,,,0.0,0.0,0.0,,,,0
7,233,No,5.0,3,3,15,22,BrownChromis,35.30403027488709,No,,,,NRNL_nr,214.6122035848765,1643.8686890721524,43.95821206746568,67.46613711366354,,138.41247410651636,55.924142224499526,,0
7,233,No,5.0,3,3,15,23,BrownChromis,42.25758563529838,No,,,,NRL_nr,448.6534660062334,1626.2254975779886,62.70885437048789,54.15180474300193,51.75026044187395,74.81978284001968,37.74250500047408,,0
7,233,No,5.0,3,3,15,24,BrownChromis,41.18393384721873,No,,,,NRL_nr,600.5187210273397,1361.5826526598964,34.92862440726133,72.78518609450826,35.998160240916405,69.06818091038714,52.187384826504896,,0
7,233,No,5.0,3,3,15,25,BrownChromis,,No,,,,NRUD,,,0.0,0.0,0.0,,,,0
7,233,No,5.0,3,3,15,26,BicolorDamselfish,77.91639981098683,No,,,,NRL_nr,198.8936148581155,1305.3773154685682,25.64166043461414,58.173567876043315,43.37822594551795,80.2927013645503,29.5527554690399,,0
7,233,No,5.0,3,3,15,27,BrownChromis,,No,,,,NRUD,,,0.0,0.0,0.0,,,,0
7,233,No,5.0,3,3,15,28,Basslet,149.98449401566202,No,,,,NRNL_nr,382.8274900417638,1455.7652229080013,21.061366226544703,44.56379171101861,,110.56317868342973,69.66956504164885,,0
7,233,No,5.0,3,3,15,29,BrownChromis,49.82496227326168,No,,,,NRNL_nr,1073.8309649640532,1297.89893875776,24.69516559527956,52.8450160247943,,168.12502243230364,63.12441205091013,,0
7,234,Yes,3.0,3,3,16,1,BrownChromis,60.079224348287504,No,,38.0,4.0,NRNL_r,1155.208330311586,891.8394827540875,24.68921256601038,62.60664247682792,,44.647319148169,105.07479571314232,,0
7,234,Yes,3.0,3,3,16,2,BrownChromis,47.608978657317095,Yes,2422.0,37.0,3.0,SRNL,1162.7918723825749,852.8040698131813,14.721837922532794,44.01328003372389,,150.21109650496504,115.5773158794643,564.6703966329219,1
7,234,Yes,3.0,3,3,16,3,BrownChromis,62.410813061465795,No,,38.0,4.0,NRNL_r,1395.8786595170989,390.559389284978,32.21302702336392,54.83381115606084,,101.58355667458966,130.51952657225917,,0
7,234,Yes,3.0,3,3,16,4,BrownChromis,66.41929172492084,No,,38.0,4.0,NRL_r,439.47933630473506,1154.3484825504522,123.7177842270386,97.80953317394822,60.00894452186181,107.91666919225518,29.92478654081272,,0
7,234,Yes,3.0,3,3,16,5,BrownChromis,27.86570466088636,Yes,2385.0,0.0,1.0,FR,799.015592319957,282.83489786735146,48.21659141040068,82.91701512234982,34.88241320516394,86.48423253964813,45.872817714623984,1334.955422220541,1
7,234,Yes,3.0,3,3,16,6,BrownChromis,56.62305435917764,No,,38.0,4.0,NRNL_r,1070.5326848890857,657.5893445614596,35.28610283230221,56.14338957084376,,116.23330534974365,67.77846237657927,,0
7,234,Yes,3.0,3,3,16,7,BrownChromis,41.06231462173018,No,,38.0,4.0,NRL_r,519.5345154668944,1144.1340763545338,132.17172594982492,109.9629823049894,37.76662832636892,120.57839312323831,37.769301575475815,,0
7,234,Yes,3.0,3,3,16,8,BicolorDamselfish,30.16336270971596,No,,38.0,4.0,NRL_r,7.112290881058581,1904.0445504575373,16.705942959553827,54.63040640352408,49.31876707239132,112.5886849640042,33.69144816169303,,0
7,234,Yes,3.0,3,3,16,9,BrownChromis,36.278057113337354,No,,38.0,4.0,NRL_r,428.3905048911497,1400.769924793403,64.23584718222334,88.79064689754391,52.65054104934176,118.73832663620836,32.242118966752116,,0
7,234,Yes,3.0,3,3,16,10,BrownChromis,61.88622183770736,No,,38.0,4.0,NRL_r,150.91073916366457,2117.675133717799,12.474230647787582,42.87897072138238,37.24123651594121,86.59103906001495,51.7688113020148,,0
7,234,Yes,3.0,3,3,16,11,BrownChromis,,No,,38.0,4.0,NRUD,,,0.0,0.0,0.0,,,,0
7,234,Yes,3.0,3,3,16,12,BrownChromis,,No,,38.0,4.0,NRUD,,,0.0,0.0,0.0,,,,0
7,234,Yes,3.0,3,3,16,13,BrownChromis,88.83248266414543,No,,38.0,4.0,NRL_r,817.3862120112358,518.4956319549514,36.105532549425554,62.19538143176909,41.10446146087633,83.56753464369001,19.01745820398774,,0
7,234,Yes,3.0,3,3,16,14,BrownChromis,89.27518726447454,Yes,2415.0,30.0,2.0,SRNL,1106.5402632146356,273.2824263511711,40.87062388661985,63.68078853204528,,126.92663543803654,96.23998642584333,237.97097232838487,1
7,234,Yes,3.0,3,3,16,15,Parrotfish,,No,,38.0,4.0,NRUD,,,0.0,0.0,0.0,,,,0
7,234,Yes,3.0,3,3,16,16,BrownChromis,54.714503223217704,No,,38.0,4.0,NRNL_r,1290.1061697180207,558.0066586293102,33.018831068504895,51.36149526146484,,93.163897803177,102.25653770326684,,0
7,234,Yes,3.0,3,3,16,17,BrownChromis,59.470723545836215,No,,38.0,4.0,NRNL_r,1126.5896481885593,439.5709392431223,38.70219418295116,62.8866388688864,,96.55084160716028,67.13316502340282,,0
7,234,Yes,3.0,3,3,16,18,BrownChromis,53.72470382420217,No,,38.0,4.0,NRNL_r,760.7790554465655,635.0750308488342,41.79434507260101,73.50474949844201,,70.11407593651937,76.90473226629969,,0
7,234,Yes,3.0,3,3,16,19,BrownChromis,,No,,38.0,4.0,NRUD,,,0.0,0.0,0.0,,,,0
7,234,Yes,3.0,3,3,16,20,BrownChromis,75.87214911286272,No,,38.0,4.0,NRL_r,358.9528383206761,860.1523792575827,19.840485825914836,48.429362110929794,32.12511027255683,43.59778866950287,52.91907473396473,,0
7,234,Yes,3.0,3,3,16,21,BrownChromis,67.35191513888992,No,,38.0,4.0,NRL_r,1007.5069772991976,1267.8020778084376,12.504955935630273,41.04134787662743,41.04134787662743,116.9976156261933,32.05450182818626,,0
7,234,Yes,3.0,3,3,16,22,Doctorfish,153.53637404061868,No,,38.0,4.0,NRL_r,710.9733072537271,1422.2507677079525,35.398121450643316,63.48576848149556,31.98163283064314,106.96433300208696,54.68754598527743,,0
7,234,Yes,3.0,3,3,16,23,BrownChromis,51.035560964090394,No,,38.0,4.0,NRL_r,597.0292064714129,1023.9258561171944,101.27497953587758,91.09807856201482,42.245879467390125,91.04324716230586,35.96531247679056,,0
7,234,Yes,3.0,3,3,16,24,BicolorDamselfish,60.28210126582757,No,,38.0,4.0,NRL_r,324.811010862783,1139.127254686964,69.32862002978354,74.00080088541542,58.50910450449992,49.58974605949387,22.127543791358192,,0
7,234,Yes,3.0,3,3,16,25,BrownChromis,52.18652623825657,No,,38.0,4.0,NRNL_r,583.5267790537862,1318.5056265901203,23.55300757522922,64.46455375802701,,67.11793417615559,75.08851916601306,,0
7,234,Yes,3.0,3,3,16,26,BrownChromis,54.39102142692499,No,,38.0,4.0,NRNL_r,601.8056937239553,985.670808191865,55.7992219857786,86.07565633948674,,81.362270795454,62.816709411450205,,0
7,234,Yes,3.0,3,3,16,27,BrownChromis,51.3953518097673,No,,38.0,4.0,NRNL_r,760.1653100286633,1006.8716546302938,55.78718189222545,84.33580301926331,,70.34876178123163,63.02021668223472,,0
7,234,Yes,3.0,3,3,16,28,Doctorfish,,No,,38.0,4.0,NRUD,,,0.0,0.0,0.0,,,,0
7,234,Yes,3.0,3,3,16,29,BrownChromis,,No,,38.0,4.0,NRUD,,,0.0,0.0,0.0,,,,0
7,236,Yes,4.0,3,3,18,1,BrownChromis,,No,,1.0,2.0,NRUD,,,0.0,0.0,0.0,,,,0
7,236,Yes,4.0,3,3,18,2,Doctorfish,235.84125293526907,No,,1.0,2.0,NRL_r,528.6481605522387,2827.117564803579,17.40107836155396,54.91620805242121,54.91620805242121,82.80530930607327,54.55196852078084,,0
7,236,Yes,4.0,3,3,18,3,BicolorDamselfish,28.00462360342984,No,,1.0,2.0,NRL_r,104.27780726180724,1857.506768743534,70.20003584425044,99.38448317199452,55.71796936858964,141.67466285352867,41.36395372722622,,0
7,236,Yes,4.0,3,3,18,4,BrownChromis,32.75142090330111,No,,1.0,2.0,NRL_r,297.22473549428577,1822.0105428248105,149.7869777470012,125.4642235690316,80.77954579490984,106.78273536299687,50.232708801866046,,0
7,236,Yes,4.0,3,3,18,5,BrownChromis,26.628847657459072,No,,1.0,2.0,NRL_r,536.4703895420262,1714.1451348490082,90.5284087628038,104.19639604400231,69.57665871516747,54.14107358913171,52.18811200548824,,0
7,236,Yes,4.0,3,3,18,6,BrownChromis,58.62277946491137,No,,1.0,2.0,NRL_r,438.8368676774865,1296.6154882014855,40.481707757612035,72.22844376043766,23.743483119476124,28.695048104912583,23.621887455131755,,0
7,236,Yes,4.0,3,3,18,7,BicolorDamselfish,76.05339694390743,No,,1.0,2.0,NRL_r,255.09833357719455,1874.634714632182,139.42331708752212,99.41933061231738,85.5788885243484,106.8588537071002,46.857725293018014,,0
7,236,Yes,4.0,3,3,18,8,BrownChromis,67.13197959017833,Yes,2384.0,0.0,1.0,FR,744.2134786894799,383.4835206726575,37.31982125687355,80.89600203029143,30.438608375779495,75.07796169708932,4.883325052498024,818.6621414282027,1
7,236,Yes,4.0,3,3,18,9,Basslet,115.11937028051572,No,,1.0,2.0,NRNL_r,1037.3366232030626,1961.515216593908,18.057386698559892,63.89844463465401,,150.07413609244443,87.80103255025297,,0
7,236,Yes,4.0,3,3,18,10,Basslet,116.60176377591976,No,,1.0,2.0,NRNL_r,866.5171885038372,2388.874410738338,21.7455956019357,69.5846265268748,,41.04019257106935,73.4717267002534,,0
7,236,Yes,4.0,3,3,18,11,BrownChromis,72.09306794535958,No,,1.0,2.0,NRL_r,958.5305195251603,630.563047057507,25.348154734661502,62.68052237381635,62.68052237381635,122.98599558324064,33.36337033944939,,0
7,236,Yes,4.0,3,3,18,12,BrownChromis,61.79938512380256,No,,1.0,2.0,NRNL_r,1232.4584852622556,642.9698815232595,14.753758883007748,54.76742894834535,,42.8829048534647,89.57671985505351,,0
7,236,Yes,4.0,3,3,18,13,BrownChromis,71.25991678244698,No,,1.0,2.0,NRNL_r,1149.7799745555571,720.0071379011142,37.15030313006495,78.1758791581306,,133.19353238229445,76.28784974423196,,0
7,236,Yes,4.0,3,3,18,14,BrownChromis,64.01033910353033,No,,1.0,2.0,NRNL_r,894.1210116727153,234.20996801512268,36.69608610660961,79.45686054164328,,110.01465413575876,68.2660943056295,,0
7,236,Yes,4.0,3,3,18,15,BrownChromis,71.11076830221864,No,,1.0,2.0,NRNL_r,1586.35631644442,1245.91742234653,25.54517517973929,62.52569071310694,,150.97902329207022,99.452705187425,,0
7,236,Yes,4.0,3,3,18,16,BrownChromis,53.40993582308145,No,,1.0,2.0,NRNL_r,1080.3486343088418,1078.4894387601137,18.22222198143383,67.13745253500103,,125.58859345474572,104.30737447397894,,0
7,236,Yes,4.0,3,3,18,17,BrownChromis,56.16599039228744,No,,1.0,2.0,NRNL_r,1261.7324931432513,1015.022808733376,39.59833871404929,83.6179886129773,,33.04296026487858,78.7849967802896,,0
7,236,Yes,4.0,3,3,18,18,BrownChromis,84.90369931412712,No,,1.0,2.0,NRNL_r,1276.0744914090833,411.1562121903811,19.179035937497815,58.60835605893781,,115.99238766301993,154.51412893737182,,0
7,236,Yes,4.0,3,3,18,19,BrownChromis,58.65496634957141,No,,1.0,2.0,NRL_r,775.1144044613279,960.6157770314348,31.13998718870554,72.10032898906371,47.55055827737721,80.53999199556434,22.20015309865246,,0
7,236,Yes,4.0,3,3,18,20,BrownChromis,50.578400876469935,No,,1.0,2.0,NRL_r,659.9642747822863,1001.8411823105176,58.75105188792757,84.1731436661017,50.348843402065334,103.2661366115739,54.222331499960816,,0
7,236,Yes,4.0,3,3,18,21,BrownChromis,47.03635004217466,No,,1.0,2.0,NRNL_r,933.1581469768626,1579.6109922775504,61.04548412798617,98.78937906238518,,99.8052542292327,78.16245891985133,,0
7,236,Yes,4.0,3,3,18,22,BrownChromis,60.5128943527428,No,,1.0,2.0,NRNL_r,1179.3769296311,1812.023632746432,66.23635420315216,86.9872737575952,,124.71639546618538,80.40158994468298,,0
7,236,Yes,4.0,3,3,18,23,BrownChromis,40.36760858674286,No,,1.0,2.0,NRNL_r,734.0334898015968,1632.177816359885,74.35629495457992,110.13680672090248,,65.8777524985063,64.3227058192745,,0
7,236,Yes,4.0,3,3,18,24,BrownChromis,49.31885884029919,No,,1.0,2.0,NRNL_r,665.0179363671182,2392.236341519443,38.192139433308725,100.20487035659998,,69.29886297655337,66.39028754642872,,0
7,236,Yes,4.0,3,3,18,25,BrownChromis,45.26016235081815,No,,1.0,2.0,NRNL_r,666.2931723597417,2216.5034074819864,46.0963901042058,96.40609569198432,,88.42617448455005,60.8563085356178,,0
7,236,Yes,4.0,3,3,18,26,BrownChromis,,No,,1.0,2.0,NRUD,,,0.0,0.0,0.0,,,,0
7,236,Yes,4.0,3,3,18,27,BrownChromis,49.43724276995051,No,,1.0,2.0,NRNL_r,1239.3800145021976,1649.1167567062234,61.39087033689072,83.223423998123,,39.026741358537535,83.79905297357406,,0
7,236,Yes,4.0,3,3,18,28,BrownChromis,111.40168428942742,No,,1.0,2.0,NRNL_r,1004.7343185359582,1983.7571065940629,53.22880286665145,87.26962399525503,,117.99615674103016,70.11762595511611,,0
7,236,Yes,4.0,3,3,18,29,BrownChromis,39.00786038318283,No,,1.0,2.0,NRNL_r,1234.376930104963,1638.4948031280612,43.355487887387966,89.78115637426154,,120.40611836221476,67.22424438447918,,0
7,236,Yes,4.0,3,3,18,30,BicolorDamselfish,38.96452279971874,No,,1.0,2.0,NRNL_r,459.57244076316687,1756.6248445053632,98.1273153066762,118.77810240057995,,119.86946540040144,56.567194106787035,,0
7,236,Yes,4.0,3,3,18,31,BrownChromis,88.68032232433812,No,,1.0,2.0,NRNL_r,422.932659755054,2266.789120793628,38.91210703315908,98.7747948404609,,63.85359480854034,62.64669014808853,,0
7,236,Yes,4.0,3,3,18,32,BrownChromis,53.788626714410526,No,,1.0,2.0,NRNL_r,1010.085218483538,1418.3861737459415,58.689326567925285,89.66128927382634,,53.768833723881734,65.32996434141062,,0
7,236,Yes,4.0,3,3,18,33,BrownChromis,57.06939480823783,No,,1.0,2.0,NRNL_r,459.6496320457986,1981.0537252575032,47.60172789960491,104.66911221942284,,141.8291525438164,65.60599697049551,,0
7,236,Yes,4.0,3,3,18,34,BrownChromis,49.35919493556418,No,,1.0,2.0,NRL_r,574.5401800764142,1200.9150806161629,65.44239790242567,90.72722687396976,28.99428217824436,135.828153498291,42.54977017755715,,0
7,236,Yes,4.0,3,3,18,35,BrownChromis,47.198560950553826,No,,1.0,2.0,NRL_r,517.7844845029794,1014.8818323210209,63.14854556712758,81.82306825162459,24.36342346332774,20.63824928901301,32.14002081748466,,0
7,236,Yes,4.0,3,3,18,36,BrownChromis,,No,,1.0,2.0,NRUD,,,0.0,0.0,0.0,,,,0
7,237,No,2.0,3,3,19,1,BrownChromis,58.804697850649845,No,,,,NRNL_nr,1139.463453124811,645.5177856646527,12.230262147355994,44.52864879566175,,117.02542871644212,56.68493095065823,,0
7,237,No,2.0,3,3,19,2,BicolorDamselfish,47.484746241513825,No,,,,NRL_nr,346.38835833125086,1863.2353453607511,79.34921942419935,67.6704276595357,49.3421665217483,169.16287163009642,52.26507602793651,,0
7,237,No,2.0,3,3,19,3,Snapper,183.0977915121244,No,,,,NRNL_nr,1326.4939666570092,1613.9983260575998,5.137483619205805,25.932738080692296,,144.76388343589016,74.44073637952576,,0
7,237,No,2.0,3,3,19,4,BicolorDamselfish,41.2999913584229,No,,,,NRL_nr,420.94675255051703,1406.9730712026246,50.80608213792622,73.08773900628809,43.59745472048303,125.5794910529874,50.702158442575296,,0
7,237,No,2.0,3,3,19,5,DuskyDamselfish,87.22795810261378,No,,,,NRL_nr,38.24367107292296,1720.9732136685432,10.966635382585451,38.27082825927433,13.620212116615743,149.80559468985155,23.741808038710108,,0
7,237,No,2.0,3,3,19,6,Basslet,121.46448275915547,No,,,,NRL_nr,213.48691364369608,943.117949480892,14.325658834966816,41.33418680308454,13.402173322495592,78.9932988896803,52.363525289702054,,0
7,237,No,2.0,3,3,19,7,Basslet,147.9083089952981,No,,,,NRNL_nr,220.13254634773392,1286.8754908006608,26.873236271647933,50.577525842810395,,134.40602053243614,56.22392231228761,,0
7,237,No,2.0,3,3,19,8,BrownChromis,41.17982199689748,No,,,,NRNL_nr,1399.528910809433,1745.6518571962415,23.02958597112288,45.92740598436738,,142.55862219551764,71.24859972344038,,0
7,237,No,2.0,3,3,19,9,BrownChromis,44.23314542095477,No,,,,NRNL_nr,959.886626099018,1980.4710125290671,38.277342047916505,58.074347187678185,,124.6322651606096,63.46270980683489,,0
7,237,No,2.0,3,3,19,10,BrownChromis,47.45392869222319,No,,,,NRL_nr,731.4027408356336,835.0329953562672,16.511643230224195,49.16140633865944,14.124660625840924,53.42763393894327,37.9236414707233,,0
7,237,No,2.0,3,3,19,11,BrownChromis,47.35507299991134,No,,,,NRNL_nr,1629.6188994576728,1514.3782765002554,25.821357930199028,43.6680390076248,,142.98064001551663,90.00134857703154,,0
7,237,No,2.0,3,3,19,12,BrownChromis,24.174274535867948,No,,,,NRNL_nr,1544.7170276872966,1611.8058579203002,27.8209083693738,47.90035928022,,16.335519997384203,90.0103879018709,,0
7,237,No,2.0,3,3,19,13,BrownChromis,57.299957380977105,No,,,,NRNL_nr,1726.9792327436514,2506.0042290511706,16.251061879715888,41.12495517086419,,136.71093043798083,85.78567347294248,,0
7,237,No,2.0,3,3,19,14,BrownChromis,53.27736547567576,No,,,,NRNL_nr,1203.7619464526315,864.6774035465396,16.052205652172454,44.74028363983248,,163.0981776734287,56.34905311269943,,0
7,237,No,2.0,3,3,19,15,BrownChromis,,No,,,,NRUD,,,0.0,0.0,0.0,,,,0
7,237,No,2.0,3,3,19,16,BrownChromis,,No,,,,NRUD,,,0.0,0.0,0.0,,,,0
7,237,No,2.0,3,3,19,17,BrownChromis,17.96538726070121,No,,,,NRNL_nr,1030.8898230686527,1826.2044715908037,27.905560242948013,58.48216054383891,,54.38086103697689,80.25903047012243,,0
7,237,No,2.0,3,3,19,18,BrownChromis,42.83187863281185,No,,,,NRL_nr,237.56473592536804,1287.9750567840151,15.69481549594026,49.523480313289625,36.153382904364165,27.788686345949863,13.728564781847032,,0
7,237,No,2.0,3,3,19,19,BrownChromis,63.127495169786606,No,,,,NRNL_nr,1759.837079768134,2443.137245312683,9.82633383775294,36.61301698916114,,95.959240228725,97.47291413388751,,0
7,237,No,2.0,3,3,19,20,BrownChromis,97.75845183581288,No,,,,NRNL_nr,785.5853471936515,2312.714942770805,26.33838175022733,43.56237047629114,,84.55198651009248,68.0215994798651,,0
7,237,No,2.0,3,3,19,21,BrownChromis,71.96733407188628,No,,,,NRNL_nr,891.8434060350784,2059.552865075283,41.37233678450339,55.423113046930034,,120.56204037651736,68.92570500126132,,0
7,237,No,2.0,3,3,19,22,BrownChromis,46.560352939832896,No,,,,NRNL_nr,1312.762106213794,2481.8317492282818,23.31344306932169,51.59596541846238,,107.0848040253663,76.97928156294014,,0
7,237,No,2.0,3,3,19,23,BrownChromis,33.912000479015916,No,,,,NRL_nr,341.7067414091377,1708.5443098667756,90.06547328817923,75.82829341900471,36.05292420281299,144.3632039267393,52.42736756014829,,0
7,237,No,2.0,3,3,19,24,BrownChromis,31.07041987607962,No,,,,NRL_nr,575.197705079437,1665.7811189005502,77.20093777645397,74.28567101454706,33.76375534059861,112.42583395286653,54.58210322127596,,0
7,237,No,2.0,3,3,19,25,BrownChromis,35.509364225559985,No,,,,NRNL_nr,773.1579799952226,1680.31483799317,53.98405399590485,66.62496996917557,,146.56932409667695,55.68557601290679,,0
7,237,No,2.0,3,3,19,26,BrownChromis,45.073746445545005,No,,,,NRNL_nr,1085.5035589241277,961.6765800762166,18.827000871699493,51.22186203154006,,39.967653314259735,58.92736372682643,,0
7,238,No,6.0,3,3,20,1,BrownChromis,56.781793227012734,No,,,,NRL_nr,798.820390842791,509.74634194410174,22.578092482866317,49.92780642752578,16.437519782110407,75.06364187493622,41.381336254888595,,0
7,238,No,6.0,3,3,20,2,BrownChromis,54.41759684477366,No,,,,NRNL_nr,741.3033360916421,1065.1828490578764,46.412569651709205,76.1041440671169,,138.34031251956463,73.45710248536264,,0
7,238,No,6.0,3,3,20,3,BrownChromis,51.92285316400534,No,,,,NRNL_nr,1314.1932915965283,712.237739929568,21.75720503571901,48.23045499089944,,116.14650519513776,88.68308631183912,,0
7,238,No,6.0,3,3,20,4,BrownChromis,60.775290668224365,No,,,,NRNL_nr,1244.790271451698,376.53608322365704,17.948534928398498,44.241337789799466,,115.98719569458385,126.39289171700575,,0
7,238,No,6.0,3,3,20,5,BrownChromis,50.89933704441528,No,,,,NRNL_nr,687.079272079376,959.3472908265966,32.446547073257115,64.94114025645742,,76.69611832485923,78.43206278804838,,0
7,238,No,6.0,3,3,20,6,BrownChromis,47.66128236593988,No,,,,NRNL_nr,1157.7555225660751,1182.088188241724,33.174816773133415,66.35421372582373,,147.81831208215536,89.43424896757419,,0
7,238,No,6.0,3,3,20,7,BrownChromis,85.99655038715348,No,,,,NRNL_nr,1529.967102075569,2642.0440667317534,26.401740608854062,67.33201910559919,,62.087198094814454,84.87346282081542,,0
7,238,No,6.0,3,3,20,8,BrownChromis,67.37011089843854,No,,,,NRNL_nr,1157.9183223470595,2021.6145463051375,32.22850767005118,76.49263388202239,,47.461444062939314,85.2450830339138,,0
7,238,No,6.0,3,3,20,9,BrownChromis,116.85005854418132,No,,,,NRNL_nr,1831.7807349152347,2900.159554029956,20.06319934963736,54.51364408434353,,84.94882035076458,86.16358001157624,,0
7,238,No,6.0,3,3,20,10,BicolorDamselfish,40.37058919528058,No,,,,NRL_nr,278.1459217159192,2004.4588390556116,42.88360411161166,67.75266512840832,6.966366859870783,141.7148613646938,43.40960592399529,,0
7,238,No,6.0,3,3,20,11,BrownChromis,51.609168907857075,No,,,,NRNL_nr,880.8362752543275,1189.5126960097464,40.426750426930774,66.18981563129846,,106.40103418237462,57.2623019886163,,0
7,238,No,6.0,3,3,20,12,BicolorDamselfish,78.56386962154777,No,,,,NRL_nr,256.2742248441585,1331.1376911177267,43.29461546251124,61.21682562145399,60.18677961601951,111.81016291915024,40.62900850904013,,0
7,238,No,6.0,3,3,20,13,BrownChromis,33.66846577645279,No,,,,NRL_nr,437.2942173118446,1625.936221863748,110.6645030128693,92.26099029707296,57.37027424786281,42.48558381842744,50.27303657408555,,0
7,238,No,6.0,3,3,20,14,BrownChromis,51.19813354435496,No,,,,NRNL_nr,1287.7269678320822,1991.068852020407,19.30689534164076,60.597869066393415,,37.290633172482025,96.11736544186114,,0
7,238,No,6.0,3,3,20,15,BrownChromis,54.497106494206456,No,,,,NRNL_nr,1385.6726829631018,2409.845259240215,109.95539663291603,88.50931210788441,,95.74738511578632,88.96789565307512,,0
7,238,No,6.0,3,3,20,16,BrownChromis,65.85901558738692,No,,,,NRNL_nr,1343.7096352041565,2408.243127876532,259.06725078496225,85.88656530736546,,90.68298572542294,87.46819564143618,,0
7,238,No,6.0,3,3,20,17,BrownChromis,,No,,,,NRUD,,,0.0,0.0,0.0,,,,0
7,238,No,6.0,3,3,20,18,BicolorDamselfish,,No,,,,NRUD,,,0.0,0.0,0.0,,,,0
7,238,No,6.0,3,3,20,19,BrownChromis,34.17164144243422,No,,,,NRNL_nr,497.947708041668,1822.104670295864,113.60504201805142,100.81256504056005,,80.46191137502954,58.746151321475054,,0
7,238,No,6.0,3,3,20,20,BrownChromis,,No,,,,NRUD,,,0.0,0.0,0.0,,,,0
7,238,No,6.0,3,3,20,21,BrownChromis,32.999627886818196,No,,,,NRL_nr,302.14032807313504,1665.7523912028216,112.32144496795422,94.70226745511394,30.840401370869817,32.406406939644086,52.12809584110797,,0
7,238,No,6.0,3,3,20,22,BrownChromis,42.03226754140516,No,,,,NRNL_nr,579.536530520561,2024.4631556324932,30.003975442809033,75.31331728527843,,72.10509364346255,69.85604771680063,,0
7,238,No,6.0,3,3,20,23,BrownChromis,50.70551089685037,No,,,,NRNL_nr,762.9229370306077,1801.6691683013012,83.26677217862894,88.04145068099484,,50.95149142574121,57.070384978630514,,0
7,238,No,6.0,3,3,20,24,BrownChromis,33.87419748519442,No,,,,NRNL_nr,391.798379739778,1644.7880530073608,106.04111367465896,92.72942829227294,,95.27613070278584,59.15625782684149,,0
7,238,No,6.0,3,3,20,25,BrownChromis,46.06014913569079,No,,,,NRNL_nr,887.7097799683287,1585.8645076561336,69.63524420591088,72.72432566456992,,120.12969484000024,66.42972900170491,,0
7,238,No,6.0,3,3,20,26,BrownChromis,62.32996953084524,No,,,,NRNL_nr,1054.0982511116608,2004.667207823694,48.661700561864194,68.47263385100966,,95.49773384559067,70.11700503782352,,0
7,238,No,6.0,3,3,20,27,BrownChromis,130.18045843960704,No,,,,NRNL_nr,1097.355654357924,2332.7419851894265,68.9531398159648,61.305675890289656,,110.468332622687,73.47180467087227,,0
7,238,No,6.0,3,3,20,28,BrownChromis,74.59717606671754,No,,,,NRNL_nr,954.7349308791848,2120.579926649348,60.439213939744555,79.8668957080316,,89.04944567704452,71.40459584388644,,0
7,238,No,6.0,3,3,20,29,BrownChromis,56.91319800778043,No,,,,NRL_nr,780.6991852246848,1590.4309986184503,76.96529739390749,80.17407964120073,44.260015495434104,121.08092465267048,54.9575937546857,,0
7,238,No,6.0,3,3,20,30,BrownChromis,72.97057574835713,No,,,,NRNL_nr,1353.9096425574553,1176.329646301942,26.02633462060012,51.56153503864,,127.89362610516764,81.6184426760582,,0
7,238,No,6.0,3,3,20,31,BrownChromis,42.8854476001728,No,,,,NRL_nr,455.6224664265824,1879.65522143712,100.05696558175688,97.80340767667624,46.76680948304452,27.66547057900548,52.99302302572439,,0
7,240,Yes,3.0,3,3,22,1,BrownChromis,41.52221463826209,No,,42.0,4.0,NRNL_r,912.3941860561132,1130.4431170271612,40.19525224129728,72.44828417252673,,93.89474222458986,63.406386697986,,0
7,240,Yes,3.0,3,3,22,2,BrownChromis,56.45827927565531,Yes,2370.0,15.0,2.0,SRNL,937.0351644390078,668.484414378469,41.41266303295067,64.88312142359408,,151.84796499314083,64.58126346472606,377.4294724054235,1
7,240,Yes,3.0,3,3,22,3,BrownChromis,66.21065187396691,Yes,2396.0,41.0,3.0,SRNL,998.0036692331504,572.875556729876,11.210179693800388,44.15349712342383,,112.72553062988943,57.02713388081713,404.1074057528568,1
7,240,Yes,3.0,3,3,22,4,BrownChromis,50.6147979403378,No,,42.0,4.0,NRNL_r,1092.9023267388648,759.3999587285166,35.05021601587225,63.57723067833098,,25.16890672019804,85.47133756646342,,0
7,240,Yes,3.0,3,3,22,5,BrownChromis,60.72498149342428,No,,42.0,4.0,NRNL_r,1266.055655844596,880.5686747390649,13.47659976187354,53.12029792720946,,100.2428161140126,121.72745599382868,,0
7,240,Yes,3.0,3,3,22,6,BrownChromis,91.75456985820873,No,,42.0,4.0,NRNL_r,1397.3051191714867,1692.3357322419954,26.082998034990908,62.615916407826134,,92.56853029671608,89.03546382519164,,0
7,240,Yes,3.0,3,3,22,7,BrownChromis,44.26460643773867,No,,42.0,4.0,NRNL_r,1160.1235922503577,1350.9309740398949,28.417195259795385,71.75595762344909,,140.0391091224295,91.91333578403906,,0
7,240,Yes,3.0,3,3,22,8,BrownChromis,50.91174078262828,No,,42.0,4.0,NRNL_r,1068.2531527886638,2015.1089142656335,28.323809794602816,79.02717345531865,,55.268304477566446,79.43893222939302,,0
7,240,Yes,3.0,3,3,22,9,BrownChromis,58.264501742371834,No,,42.0,4.0,NRNL_r,278.9385556914314,903.4614615907152,21.282727189736516,68.05858522416797,,112.48986640874426,56.285205397766994,,0
7,240,Yes,3.0,3,3,22,10,BrownChromis,67.75057102528983,No,,42.0,4.0,NRNL_r,1055.095355491155,1629.5027394870672,38.35594653137334,75.31903075150187,,143.78004980138329,70.23232550860193,,0
7,240,Yes,3.0,3,3,22,11,BrownChromis,98.51343759335732,No,,42.0,4.0,NRNL_r,1111.0345178301395,2466.4846772391825,38.09364559057283,80.04300530315246,,99.05645133317928,67.1871667010741,,0
7,240,Yes,3.0,3,3,22,12,BrownChromis,56.69613548871073,No,,42.0,4.0,NRNL_r,857.2986286160609,1752.976720016507,41.43830791352361,77.44407414640287,,99.635083992362,57.84065539672229,,0
7,240,Yes,3.0,3,3,22,13,BrownChromis,91.51844777073995,No,,42.0,4.0,NRNL_r,1173.4686877588392,2629.617571824115,19.65093049153177,57.20747531062733,,102.7101303323474,75.51326372830181,,0
7,240,Yes,3.0,3,3,22,14,BrownChromis,77.60385359973834,No,,42.0,4.0,NRNL_r,912.7151119064335,2264.3089539850366,43.17324600855518,85.04077722797015,,63.62439914310951,67.81931162442194,,0
7,240,Yes,3.0,3,3,22,15,BrownChromis,35.87512323069681,No,,42.0,4.0,NRNL_r,748.2559914635602,2773.3138258993845,23.89428218807949,66.15021821134886,,26.225649153118596,61.16677682268847,,0
7,240,Yes,3.0,3,3,22,16,BrownChromis,46.193815213562274,No,,42.0,4.0,NRL_r,412.011088321662,968.957524258581,42.71276401123458,77.31438879545593,22.100173096497738,61.03683918277782,38.96061538168864,,0
7,240,Yes,3.0,3,3,22,17,BrownChromis,55.261497647734735,No,,42.0,4.0,NRL_r,831.9507430713387,1258.025873887842,39.91041028869561,69.24351645881856,21.848147302732286,165.30404709568197,38.30375833462152,,0
7,240,Yes,3.0,3,3,22,18,BicolorDamselfish,,No,,42.0,4.0,NRUD,,,0.0,0.0,0.0,,,,0
7,240,Yes,3.0,3,3,22,19,BrownChromis,,No,,42.0,4.0,NRUD,,,0.0,0.0,0.0,,,,0
7,240,Yes,3.0,3,3,22,20,BrownChromis,,No,,42.0,4.0,NRUD,,,0.0,0.0,0.0,,,,0
7,240,Yes,3.0,3,3,22,21,BicolorDamselfish,35.18781199519232,No,,42.0,4.0,NRL_r,112.22820150601127,2023.6027306958808,32.99324870979805,64.70200017386334,60.34953093901913,59.835444895754634,40.89285923717309,,0
7,240,Yes,3.0,3,3,22,22,BrownChromis,,No,,42.0,4.0,NRUD,,,0.0,0.0,0.0,,,,0
7,240,Yes,3.0,3,3,22,23,BrownChromis,,No,,42.0,4.0,NRUD,,,0.0,0.0,0.0,,,,0
7,240,Yes,3.0,3,3,22,24,BrownChromis,,No,,42.0,4.0,NRUD,,,0.0,0.0,0.0,,,,0
7,240,Yes,3.0,3,3,22,25,Basslet,100.52275248100446,No,,42.0,4.0,NRL_r,161.06888155609386,1328.143925357941,15.17979311578798,48.05933821456886,30.850660917836112,71.47889935779067,17.134477232499293,,0
7,240,Yes,3.0,3,3,22,26,Basslet,84.60754267485166,No,,42.0,4.0,NRNL_r,462.0657129068898,1886.357898869018,16.91857419078724,62.23344650550464,,0.300687284613148,69.00233375455329,,0
7,240,Yes,3.0,3,3,22,27,BrownChromis,42.64342530455112,Yes,2355.0,0.0,1.0,FR,864.6660356198047,516.7952571171265,27.03997581533622,60.9183258631526,40.58041200506116,123.15202910121218,36.56482356899915,395.78908025409726,1
7,240,Yes,3.0,3,3,22,28,BrownChromis,79.92458956139234,No,,42.0,4.0,NRNL_r,804.3685521585928,2126.4752478044657,44.49661417825937,79.04169779629117,,137.3910992148313,57.2063546113725,,0
7,240,Yes,3.0,3,3,22,29,BrownChromis,51.86878108403874,No,,42.0,4.0,NRNL_r,1044.25949977377,2771.4680257831533,27.44617754731329,71.20555928949611,,91.46432851606978,59.12568041894862,,0
7,240,Yes,3.0,3,3,22,30,BrownChromis,51.2798565754112,No,,42.0,4.0,NRL_r,666.4984861452685,2370.648676528791,39.59983100473364,81.63029553842611,61.91412597300312,63.589029612525614,52.79253180486683,,0
7,240,Yes,3.0,3,3,22,31,BrownChromis,65.19439767120592,No,,42.0,4.0,NRNL_r,436.6539223413118,1501.978649294639,25.75277547318854,76.90094178261901,,119.2661618443522,71.12023965797125,,0
7,240,Yes,3.0,3,3,22,32,BicolorDamselfish,85.05953707945173,No,,42.0,4.0,NRL_r,161.61896347690626,2282.8861254679437,36.22122778491183,67.33822518053731,57.5318263931641,64.4629004160323,47.7514482499831,,0
7,240,Yes,3.0,3,3,22,33,BrownChromis,95.43323584681556,No,,42.0,4.0,NRL_r,623.671335433323,1178.2915534446618,52.610812440270166,71.32237233641806,35.71420010948462,142.15969332376946,39.512084504367714,,0
7,240,Yes,3.0,3,3,22,34,BrownChromis,,No,,42.0,4.0,NRUD,,,0.0,0.0,0.0,,,,0
7,240,Yes,3.0,3,3,22,35,BrownChromis,173.57209761559716,No,,42.0,4.0,NRNL_r,1408.4481329707974,3695.9319202446873,6.569701446891939,33.038054938940746,,98.26113548711388,61.21908879431685,,0
7,241,No,8.0,3,3,23,1,BrownChromis,81.54681889729495,No,,,,NRNL_nr,1600.5340517062584,1790.3310902872204,16.49681752614037,62.25111450272684,,74.72396208148547,96.40194119064938,,0
7,241,No,8.0,3,3,23,2,BrownChromis,60.020802156869344,No,,,,NRNL_nr,1260.018828300314,1333.9033229395516,24.24072201402142,76.07623827988164,,46.27711542225569,100.68002124756283,,0
7,241,No,8.0,3,3,23,3,BrownChromis,124.9067845780168,No,,,,NRNL_nr,1392.689776597928,2246.473527544999,24.55853864092072,67.38109414889105,,89.81262664660173,88.2373211662096,,0
7,241,No,8.0,3,3,23,4,BrownChromis,71.68826339111868,No,,,,NRNL_nr,1484.7149830907144,2545.3277422142537,31.18501957514765,74.86904103381582,,145.64397251192193,87.33451087988342,,0
7,241,No,8.0,3,3,23,5,BrownChromis,55.4419987792381,No,,,,NRNL_nr,844.2183998366952,1256.8034095107591,57.975536138337425,97.00862184404028,,125.25464737836252,64.04856511389713,,0
7,241,No,8.0,3,3,23,6,BrownChromis,,No,,,,NRUD,,,0.0,0.0,0.0,,,,0
7,241,No,8.0,3,3,23,7,BicolorDamselfish,59.58944285003467,No,,,,NRL_nr,353.559407709401,2092.5006373311567,71.9081344790805,85.57702452136238,49.63680471947895,20.725837461086297,52.63072823187196,,0
7,241,No,8.0,3,3,23,8,BrownChromis,37.49446322277036,No,,,,NRL_nr,318.52053491522247,2229.183531656284,67.0978157179684,79.14280616534144,66.90191590877056,65.80333792855008,48.23940506295384,,0
7,241,No,8.0,3,3,23,9,BrownChromis,69.22967093088741,No,,,,NRNL_nr,1058.9375157534516,2540.084268401396,24.10025629974803,78.70565826943339,,21.956542993916987,72.70520995098174,,0
7,241,No,8.0,3,3,23,10,Snapper,252.76126728139835,No,,,,NRNL_nr,1292.1531645005414,1570.4241499373363,3.732549680859905,30.679965011479545,,45.33328130426107,77.16882967094634,,0
7,241,No,8.0,3,3,23,11,BrownChromis,57.44686389921771,No,,,,NRNL_nr,745.1423200890531,1693.1412219908698,43.80978046275678,83.594316404309,,141.0837699234516,70.03618056074673,,0
7,241,No,8.0,3,3,23,12,BrownChromis,70.74944685290242,No,,,,NRNL_nr,812.9174039577061,1186.2040898803325,65.34009217440801,95.57868412885428,,95.82460135476146,69.59430745425033,,0
7,241,No,8.0,3,3,23,13,BrownChromis,56.18252027811279,No,,,,NRNL_nr,307.43647729677645,1106.8657168712552,59.44825900962104,107.72047472686454,,137.76472012882854,55.38258164944572,,0
7,241,No,8.0,3,3,23,14,BrownChromis,69.22250854164123,No,,,,NRL_nr,245.42292478325004,1661.684514264835,45.5852514744164,86.78436614571166,69.85768295056563,87.5623655498399,40.068246902939315,,0
7,241,No,8.0,3,3,23,15,BrownChromis,273.4219599144111,No,,,,NRL_nr,224.2096545527282,2491.755143442924,14.781374998341493,62.68715062525992,29.233098403830887,70.17981945418181,52.582148348586216,,0
7,241,No,8.0,3,3,23,16,BicolorDamselfish,33.00583077749811,No,,,,NRL_nr,79.01003815864925,2015.6540582148205,52.21461075967624,89.63214777984757,50.0416973263609,42.36405460510499,42.31255612579326,,0
7,241,No,8.0,3,3,23,17,BrownChromis,40.314960084839974,No,,,,NRNL_nr,711.3049149372096,2910.554651062097,16.72961616459785,80.98034875829421,,88.0519398094815,61.353726480850256,,0
7,241,No,8.0,3,3,23,18,BrownChromis,,No,,,,NRUD,,,0.0,0.0,0.0,,,,0
7,241,No,8.0,3,3,23,19,BrownChromis,41.98180877607319,No,,,,NRL_nr,225.3733109874603,1799.410534971876,62.72185347394829,94.48102142180092,29.765566546445672,142.09316485428528,50.602667664623254,,0
7,241,No,8.0,3,3,23,20,BicolorDamselfish,40.05737066407235,No,,,,NRL_nr,106.20752305570096,1445.8072353852556,51.32457141646376,99.8596957399921,65.48689372098596,85.21482759499993,47.79920671494726,,0
7,241,No,8.0,3,3,23,21,BrownChromis,54.24661394557668,No,,,,NRNL_nr,529.2345482186659,1332.9998988614889,62.27783169623396,109.5140449749661,,94.10405283205895,65.87982918889335,,0
7,241,No,8.0,3,3,23,22,BrownChromis,84.69628891990297,No,,,,NRNL_nr,981.7315384329128,2332.9476317903145,23.765200605218148,85.56563989763656,,80.64334573218913,77.6015981161354,,0
7,241,No,8.0,3,3,23,23,BrownChromis,66.6722439838564,No,,,,NRNL_nr,1413.5489281293187,2703.3646936588943,23.800305935098105,77.76777618659736,,95.99834685943377,83.41098061665991,,0
7,241,No,8.0,3,3,23,24,BrownChromis,82.2569739830337,No,,,,NRL_nr,463.26219466591994,1214.203570858592,28.279474540470275,79.02060936172654,61.931586095800746,105.99623431119434,32.35099738182867,,0
7,241,No,8.0,3,3,23,25,BrownChromis,,No,,,,NRUD,,,0.0,0.0,0.0,,,,0
7,241,No,8.0,3,3,23,26,BrownChromis,,No,,,,NRUD,,,0.0,0.0,0.0,,,,0
7,241,No,8.0,3,3,23,27,BrownChromis,,No,,,,NRUD,,,0.0,0.0,0.0,,,,0
7,241,No,8.0,3,3,23,28,BrownChromis,,No,,,,NRUD,,,0.0,0.0,0.0,,,,0
7,241,No,8.0,3,3,23,29,BrownChromis,,No,,,,NRUD,,,0.0,0.0,0.0,,,,0
7,241,No,8.0,3,3,23,30,BrownChromis,131.34192227260658,No,,,,NRNL_nr,1544.2027576959465,3610.187261690396,9.402641603828826,41.347651859937784,,53.91405672219985,61.61070217679285,,0
7,241,No,8.0,3,3,23,31,BrownChromis,,No,,,,NRUD,,,0.0,0.0,0.0,,,,0
7,241,No,8.0,3,3,23,32,BrownChromis,70.20951885325714,No,,,,NRNL_nr,826.6496960676972,1184.1226899601247,42.01218833624427,88.70471529850366,,112.87185130156242,84.94092240956664,,0
7,241,No,8.0,3,3,23,33,BrownChromis,72.97642070951574,No,,,,NRNL_nr,864.3962361721937,2959.5381998950375,20.949169905580607,70.0630202734132,,78.64051040562106,56.356859769061195,,0
7,241,No,8.0,3,3,23,34,BrownChromis,56.689125856670174,No,,,,NRL_nr,544.1679163680285,2479.5803828965454,42.68290298908885,80.22767315958292,40.96155259180586,133.45410588100734,52.60515674748781,,0
7,241,No,8.0,3,3,23,35,BrownChromis,78.85168452887318,No,,,,NRL_nr,263.07563620876607,867.0868214803361,34.9884858429572,79.49361967858682,19.453574272977832,70.4654631113406,43.01813781572771,,0
7,241,No,8.0,3,3,23,36,BrownChromis,65.83829550377182,No,,,,NRNL_nr,541.1750050166752,999.31319807126,44.781879479085106,91.37789953423302,,81.98077658516051,71.30597855001888,,0
7,242,Yes,8.0,3,3,24,1,BrownChromis,48.01549453760905,No,,65.0,15.0,NRL_r,117.21099631803004,2364.1966106614336,36.70795437471231,74.50837478262754,71.49946331227369,109.52127373773916,45.39703013745024,,0
7,242,Yes,8.0,3,3,24,2,BrownChromis,36.24980697948294,No,,65.0,15.0,NRL_r,194.726071043869,2008.4873699360187,82.01309639285179,108.0216337279538,100.85617764032162,77.13695671169245,50.89907132189431,,0
7,242,Yes,8.0,3,3,24,3,BrownChromis,114.05814799997134,No,,65.0,15.0,NRNL_r,1698.199026153447,2388.470126805764,17.13103568903989,55.568356637418226,,72.55055083317015,86.12325307394029,,0
7,242,Yes,8.0,3,3,24,4,BrownChromis,35.06965501346319,No,,65.0,15.0,NRNL_r,879.2303960904893,2205.5604889391607,63.79510767798261,100.58890791912042,,131.1092568712482,66.05763861571606,,0
7,242,Yes,8.0,3,3,24,5,Doctorfish,182.98342852280663,No,,65.0,15.0,NRNL_r,954.8568453217732,1864.3500435399728,22.173603172936087,67.32939717263353,,123.38144255047126,87.10616709579581,,0
7,242,Yes,8.0,3,3,24,6,BrownChromis,62.61155084111727,Yes,2400.0,17.0,3.0,SRNL,1030.0779811945383,778.4685298106871,13.991122703913398,43.67064608864474,,80.45341143475412,93.38021363250292,1047.1639482793512,1
7,242,Yes,8.0,3,3,24,7,BrownChromis,32.55150866601522,Yes,2383.0,0.0,1.0,FR,844.2415747156754,623.9179778677797,19.601579515401554,58.7422160979487,14.066098421369825,62.82908329188635,34.65304409385114,1551.2348773916408,1
7,242,Yes,8.0,3,3,24,8,BicolorDamselfish,49.82442122623378,No,,65.0,15.0,NRL_r,57.119158013384585,1426.1639467225125,66.52593951387321,86.31028712882313,72.60594622652255,132.32772060024763,39.88722925122336,,0
7,242,Yes,8.0,3,3,24,9,BicolorDamselfish,32.176898374625786,No,,65.0,15.0,NRL_r,52.953464881472875,2013.6868458108056,70.20792063527112,98.04593886170936,97.009043649588,126.05424031426996,42.55171631772397,,0
7,242,Yes,8.0,3,3,24,10,BrownChromis,59.99548406722936,Yes,2395.0,12.0,2.0,SRL,798.9968926210598,811.8793463359757,14.134329165779334,48.97496473090858,7.807205250539346,118.0180485700169,38.68852239367647,527.2720533671652,1
7,242,Yes,8.0,3,3,24,11,BrownChromis,142.87370319686443,No,,65.0,15.0,NRNL_r,1056.7120946178795,1523.207651087236,27.875626724130846,81.10796934823622,,58.3878837463156,95.4803784984501,,0
7,242,Yes,8.0,3,3,24,12,BrownChromis,60.98992899083318,Yes,2426.0,43.0,11.0,SRNL,778.9187927253909,1683.2070084647264,47.718523039393304,97.7632889777886,,53.07178852062183,75.56120671443776,696.585459884522,1
7,242,Yes,8.0,3,3,24,13,BrownChromis,51.510975841389694,Yes,2414.0,31.0,7.0,SRNL,1251.293728827024,1818.2019967459012,32.96264068656582,76.43964843817785,,33.86984005709306,81.67771251104945,634.1489517953647,1
7,242,Yes,8.0,3,3,24,14,BrownChromis,50.010147381727506,Yes,2415.0,32.0,8.0,SRNL,854.8593361334563,1712.3168156037566,45.65055257207378,88.63968505558492,,138.0624711317433,59.58844537609958,261.2335541922183,1
7,242,Yes,8.0,3,3,24,15,BrownChromis,39.634032000715194,Yes,2418.0,35.0,9.0,SRNL,603.8245007927203,1849.8303181276287,72.04273085466686,107.09229938754916,,38.41681090811893,61.05811857721989,336.0896722653742,1
7,242,Yes,8.0,3,3,24,16,BrownChromis,31.11838577946926,Yes,2428.0,45.0,12.0,SRL,409.00452113235224,1912.3786480677816,89.22159890584558,102.69643473731266,71.21124741347194,108.66932231407368,54.243466788609375,362.58692807960495,1
7,242,Yes,8.0,3,3,24,17,BrownChromis,56.39938281861195,Yes,2412.0,29.0,6.0,SRNL,979.7916958895826,659.6144756387902,14.105121660350024,51.23551954832565,,93.59193271145422,110.38725226302276,821.8131652224367,1
7,242,Yes,8.0,3,3,24,18,BrownChromis,57.91887123214568,Yes,2404.0,21.0,5.0,SRNL,940.5488383881776,874.8470773347871,24.85292303421941,61.97124571211474,,145.11545295327724,56.74737651356742,318.507941844057,1
7,242,Yes,8.0,3,3,24,19,BrownChromis,56.83477839411954,Yes,2434.0,51.0,13.0,SRNL,224.59461450942212,1782.6619398332305,63.08042233302178,122.18504636504407,,93.2897345520672,61.02991271984684,610.7481180766309,1
7,242,Yes,8.0,3,3,24,20,Parrotfish,,No,,65.0,15.0,NRUD,,,0.0,0.0,0.0,,,,0
7,242,Yes,8.0,3,3,24,21,Basslet,118.55349881253404,No,,65.0,15.0,NRNL_r,355.01008916719866,1911.095942660556,42.74169027905901,97.54277505611878,,141.23084273667004,64.58523471700656,,0
7,242,Yes,8.0,3,3,24,22,Basslet,82.26686979448333,No,,65.0,15.0,NRNL_r,291.2096421127777,1369.158083520868,67.93964989215317,99.27802462860606,,109.50674326132842,61.67724263062742,,0
7,242,Yes,8.0,3,3,24,23,BrownChromis,56.62923359785773,No,,65.0,15.0,NRNL_r,1290.294496458935,1546.3344397878595,26.03253471801613,73.87765550931267,,141.8031158076892,100.57229910037458,,0
7,242,Yes,8.0,3,3,24,24,BrownChromis,56.892844412596375,Yes,2447.0,64.0,14.0,SRNL,892.4929268357331,1355.573804699557,38.80805120615189,78.2650690240034,,126.53992917841263,60.316376116820344,339.8060495107566,1
7,242,Yes,8.0,3,3,24,25,BrownChromis,83.51684733325024,No,,65.0,15.0,NRNL_r,1064.5936895267268,2252.652753667588,55.0914458766963,76.68033343900554,,139.14827784498868,70.42751354189406,,0
7,242,Yes,8.0,3,3,24,26,BrownChromis,47.14321354116846,Yes,2419.0,36.0,10.0,SRNL,791.091632164692,1217.0220770109377,43.10646697260755,88.79330822781905,,72.25825821981287,72.94472216745508,1332.9208969146262,1
7,242,Yes,8.0,3,3,24,27,BicolorDamselfish,82.1087868088545,No,,65.0,15.0,NRL_r,18.657702452719462,1853.319663031021,74.30378968175583,101.76054872954792,39.9699249533677,146.63944033451585,46.46347269994022,,0
7,242,Yes,8.0,3,3,24,28,BrownChromis,55.68121686587538,No,,65.0,15.0,NRL_r,66.1672526264181,1653.7105719261783,88.17405886008548,102.26287866534004,27.885527614986035,170.17390903108483,39.10655629784794,,0
7,242,Yes,8.0,3,3,24,29,BrownChromis,48.32233253142259,No,,65.0,15.0,NRL_r,0.2781416659214927,1653.2938195237762,61.33243964838791,92.1321540900994,9.47461734263774,5.585035252254478,32.123183833796354,,0
7,242,Yes,8.0,3,3,24,30,BrownChromis,34.01727642795922,Yes,2402.0,19.0,4.0,SRL,375.1078794435427,1371.3991588424594,12.900021294069784,51.18108418854844,51.18108418854844,73.556392558465,22.31186468591201,852.3207830188303,1
7,242,Yes,8.0,3,3,24,31,BrownChromis,65.49018379273669,Yes,2426.0,43.0,11.0,SRNL,458.31967510854656,1356.9881564566251,63.03579896693918,101.89592399338912,,74.19211486633327,70.53250564841876,799.5523445128897,1
7,242,Yes,8.0,3,3,24,32,BrownChromis,,Maybe,,65.0,1.0,NRUD,,,0.0,0.0,0.0,,,,0
7,242,Yes,8.0,3,3,24,33,BrownChromis,,Maybe,,65.0,1.0,NRUD,,,0.0,0.0,0.0,,,,0
7,242,Yes,8.0,3,3,24,34,BrownChromis,,Maybe,,65.0,1.0,NRUD,,,0.0,0.0,0.0,,,,0
7,242,Yes,8.0,3,3,24,35,BrownChromis,,Maybe,,65.0,1.0,NRUD,,,0.0,0.0,0.0,,,,0
7,242,Yes,8.0,3,3,24,36,BrownChromis,,Maybe,,65.0,1.0,NRUD,,,0.0,0.0,0.0,,,,0
7,243,No,3.0,3,3,25,1,BrownChromis,75.19560189017095,No,,,,NRNL_nr,880.7070743919713,2406.807155024152,50.369216045983606,66.74235441963417,,113.28560279798415,59.50378327098144,,0
7,243,No,3.0,3,3,25,2,BrownChromis,54.58895280786519,No,,,,NRNL_nr,1177.8779539421998,2290.7946038670016,29.498218929329298,64.98921596485245,,151.4482510659652,77.09146386063927,,0
7,243,No,3.0,3,3,25,3,BrownChromis,,No,,,,NRUD,,,0.0,0.0,0.0,,,,0
7,243,No,3.0,3,3,25,4,BrownChromis,,No,,,,NRUD,,,0.0,0.0,0.0,,,,0
7,243,No,3.0,3,3,25,5,BrownChromis,,No,,,,NRUD,,,0.0,0.0,0.0,,,,0
7,243,No,3.0,3,3,25,6,BrownChromis,58.5991982941815,No,,,,NRNL_nr,1095.3201233069742,3157.4526193091633,7.881250498108285,31.37375213705661,,75.26077962705224,67.00075991529303,,0
7,243,No,3.0,3,3,25,7,BrownChromis,43.91896550488836,No,,,,NRL_nr,844.34033931044,1372.4670621843904,33.9074326257835,71.36475907671672,24.67134874510453,17.219551409117425,52.06054543300943,,0
7,243,No,3.0,3,3,25,8,BrownChromis,58.33693670095923,No,,,,NRL_nr,407.65558704690267,1083.2324798154732,36.11682585273651,78.78292046811977,26.37464800898027,108.1460228287177,54.11001811711788,,0
7,243,No,3.0,3,3,25,9,BrownChromis,,No,,,,NRUD,,,0.0,0.0,0.0,,,,0
7,243,No,3.0,3,3,25,10,BrownChromis,60.66559312747717,No,,,,NRL_nr,155.02187377574697,1537.1203439234748,13.848366774674082,48.41404619150108,48.41404619150108,85.17551649187713,18.719085622361064,,0
7,243,No,3.0,3,3,25,11,BrownChromis,58.81769990388291,No,,,,NRNL_nr,946.407467916614,1779.96705939934,14.44885934290584,51.51112835000261,,96.22642283256016,87.73257181450545,,0
7,243,No,3.0,3,3,25,12,BrownChromis,93.3762441641216,No,,,,NRNL_nr,915.9695932585804,2178.9870941453382,46.96618278317679,75.02232430527359,,53.530144669187926,66.90043822755571,,0
7,243,No,3.0,3,3,25,13,BicolorDamselfish,85.99872573729131,No,,,,NRL_nr,214.83824897522956,2164.344431778651,24.126755713178937,54.23182274927815,27.31167493111234,143.09540696282528,45.81189587212855,,0
7,243,No,3.0,3,3,25,14,BrownChromis,57.92773346508362,No,,,,NRNL_nr,550.5228015926577,707.0236085401218,26.49743389183846,67.54463691769587,,63.508441190294725,67.59488631557933,,0
7,243,No,3.0,3,3,25,15,BrownChromis,58.84396028346677,No,,,,NRL_nr,572.6838561646867,677.7674579252612,29.314929082577763,67.13265876430299,11.07388716470332,15.42054270859325,42.11581816598003,,0
7,243,No,3.0,3,3,25,16,BrownChromis,47.86335396435191,No,,,,NRL_nr,631.9178959610128,805.9369078665021,32.459048952089034,54.73006995240457,44.84888513206028,38.52663658798751,39.452046212607826,,0
7,243,No,3.0,3,3,25,17,BrownChromis,47.89763424363675,No,,,,NRL_nr,512.1140524916968,876.9731309377362,31.237655503863195,56.7008254696823,43.35002659717858,38.53729772729938,22.40632543834608,,0
7,243,No,3.0,3,3,25,18,BrownChromis,62.95188802744852,No,,,,NRL_nr,785.766452595453,1231.2811240897329,15.559988137106972,48.28576024396105,43.107548524450536,70.53512793223334,24.282151006120856,,0
7,243,No,3.0,3,3,25,19,BrownChromis,52.645951463862545,No,,,,NRNL_nr,1220.80329891197,1393.3629515180794,31.082236496667132,69.44226611937586,,71.85474817302847,80.99665099177338,,0
7,243,No,3.0,3,3,25,20,BrownChromis,55.02817141488174,No,,,,NRNL_nr,1280.437147517124,890.1659367832465,30.07242118663257,57.55998672033848,,64.60492327667569,113.96977218382789,,0
7,243,No,3.0,3,3,25,21,BrownChromis,53.95998023693178,No,,,,NRNL_nr,1064.9801069339046,714.6113530135881,34.76836768633074,63.13149850460798,,68.26875740331893,106.051715843386,,0
7,243,No,3.0,3,3,25,22,BrownChromis,51.344709870740864,No,,,,NRNL_nr,1075.4553373697004,1961.6152765403951,34.655558688179134,74.26615055500869,,27.65701622265055,78.12723906201464,,0
7,243,No,3.0,3,3,25,23,BicolorDamselfish,42.7547593055393,No,,,,NRL_nr,417.2752473121694,1630.7076932592126,38.51014513282483,76.44520010314248,52.83127995140132,90.22003189361352,47.936153535122465,,0
7,243,No,3.0,3,3,25,24,BrownChromis,56.038222106484874,No,,,,NRNL_nr,825.0149252006481,1416.061642228351,38.55786642319514,82.09892261399816,,1.4487081573947158,69.73007672887601,,0
7,243,No,3.0,3,3,25,25,BrownChromis,78.62842921071345,No,,,,NRNL_nr,1186.0379499350413,1328.3064107027758,30.18630413514636,63.282494699830146,,39.90631966195463,67.76662388290643,,0
7,243,No,3.0,3,3,25,26,BrownChromis,68.99689346741621,No,,,,NRNL_nr,693.7906981439223,2366.9429530755165,43.48427286198214,63.21325402037923,,96.96185652111475,59.235700021984755,,0
7,243,No,3.0,3,3,25,27,BrownChromis,48.75010433921571,No,,,,NRNL_nr,977.7253527473677,1924.2400349674456,33.86269010296025,68.5870574139544,,47.13679825619231,60.11741179821443,,0
7,243,No,3.0,3,3,25,28,Basslet,117.8385458626826,No,,,,NRNL_nr,137.61765824717753,1903.758778479122,19.34815512881202,62.15208105506862,,26.336677435453517,57.644457645922074,,0
7,243,No,3.0,3,3,25,29,Basslet,79.59089260242182,No,,,,NRL_nr,229.8559799349745,1390.091561427169,32.001889591814916,65.28604169679575,59.49445762445853,143.2203724673526,36.570127851225855,,0
7,243,No,3.0,3,3,25,30,BrownChromis,,No,,,,NRUD,,,0.0,0.0,0.0,,,,0
7,243,No,3.0,3,3,25,31,BrownChromis,29.29283164724321,No,,,,NRNL_nr,1131.7963488061528,2364.350594675861,37.733616195748176,77.27989036742565,,21.780033739524463,65.0847338592293,,0
7,244,Yes,4.0,3,3,26,1,BrownChromis,52.09106210678868,Yes,2408.0,19.0,9.0,SRL,439.8961089217776,1838.966197303979,199.9602496585851,160.08113623512483,102.29628335997212,150.74666208010595,54.26694769176124,999.0572000253322,1
7,244,Yes,4.0,3,3,26,2,BrownChromis,45.2454672476296,No,,48.0,22.0,NRL_r,227.6282640745622,1998.4989090737215,238.2203387304501,151.46756756240728,106.72142159651752,42.98997538993257,52.16244242449629,,0
7,244,Yes,4.0,3,3,26,3,BrownChromis,76.2087133581553,No,,48.0,22.0,NRL_r,636.6389295119395,1705.1155216682885,130.4475931829523,125.22826831125928,80.21804655077082,79.3956783754146,50.852388580896225,,0
7,244,Yes,4.0,3,3,26,4,BrownChromis,53.56930468104238,Yes,2419.0,30.0,15.0,SRL,558.3991909893584,1804.6078329888744,134.5756371936656,141.1111816758021,104.29953043628696,148.7942406053897,48.15860348143029,426.48594508885753,1
7,244,Yes,4.0,3,3,26,5,BrownChromis,91.44013444365213,Yes,2416.0,27.0,14.0,SRL,169.3034658821123,2248.034620243468,80.9819869711005,110.98616529489728,57.5156472415191,126.03795017379684,53.770361501993065,286.9958276787185,1
7,244,Yes,4.0,3,3,26,6,BrownChromis,25.436837574181915,Yes,2415.0,26.0,13.0,SRL,306.92784138722976,2028.9639975079467,254.763301332791,163.74842353842422,109.43983120189723,108.34995205692842,51.683900299087064,440.1117768383044,1
7,244,Yes,4.0,3,3,26,7,BrownChromis,52.92000584122255,No,,48.0,22.0,NRL_r,571.6038439525965,940.0302848074332,36.40311904049015,83.04272055477938,76.94678014847086,145.39394476682608,24.66232348422889,,0
7,244,Yes,4.0,3,3,26,8,BicolorDamselfish,45.45403628774178,Yes,2413.0,24.0,11.0,SRL,394.63005985656775,1720.552832909866,158.51226834780437,165.47010136312645,74.63597857528093,130.79031271996718,51.20217862386805,1637.1454777348545,1
7,244,Yes,4.0,3,3,26,9,BrownChromis,36.34899450881315,No,,48.0,22.0,NRL_r,96.8438106941762,1572.2239268434255,54.05878453336611,112.09134653096186,21.695181112255646,43.256946126643584,29.917745313443636,,0
7,244,Yes,4.0,3,3,26,10,BrownChromis,,Yes,2424.0,35.0,18.0,SRUD,,,0.0,0.0,0.0,,,,0
7,244,Yes,4.0,3,3,26,11,BrownChromis,,Yes,2414.0,25.0,12.0,SRUD,,,0.0,0.0,0.0,,,,0
7,244,Yes,4.0,3,3,26,12,BrownChromis,32.453971055934744,No,,48.0,22.0,NRL_r,116.72757240017204,2453.096482840808,61.161876330369154,89.78240399591103,55.778994823629105,36.74466484116511,46.83088497563065,,0
7,244,Yes,4.0,3,3,26,13,BrownChromis,,No,,48.0,22.0,NRTC,207.45609473836737,2310.396024951052,74.82130381058955,107.19677819648744,107.19677819648744,,44.126121231185785,,0
7,244,Yes,4.0,3,3,26,14,Snapper,525.4706786233514,No,,48.0,22.0,NRTC,1046.1736877266703,4603.563934646621,3.3982006207784496,28.061237611476276,,102.987485246377,70.11472368269379,,0
7,244,Yes,4.0,3,3,26,15,BrownChromis,52.98317583385088,Yes,2413.0,24.0,11.0,SRNL,452.6762996357386,1619.7706268006953,95.0028136953943,128.94506125009576,,66.29264724242974,59.78432254249706,445.7861716921636,1
7,244,Yes,4.0,3,3,26,16,BrownChromis,57.41184542868902,Yes,2406.0,17.0,7.0,SRNL,910.7395247530698,1385.1967614953533,59.58886623654545,100.63508511880082,,167.91018786034326,57.573792078975934,1011.8308194587808,1
7,244,Yes,4.0,3,3,26,17,BrownChromis,60.881447556130816,Yes,2410.0,21.0,10.0,SRNL,392.138855793143,1986.0927675829803,167.15458014345586,144.91139696251966,,164.17786537454236,57.04839969320478,754.222475003038,1
7,244,Yes,4.0,3,3,26,18,BrownChromis,58.312751210789415,Yes,2423.0,34.0,17.0,SRNL,1152.5775268273906,2390.781089838589,19.52160440228711,73.62442761117474,,119.25499106781976,81.11250727970724,554.9285873285494,1
7,244,Yes,4.0,3,3,26,19,BrownChromis,45.697200573901625,Yes,2399.0,10.0,2.0,SRNL,673.1680331219839,815.6652102698032,76.3613263447883,107.84790724286452,,94.43222278359374,66.04906341721566,2340.561302103411,1
7,244,Yes,4.0,3,3,26,20,BrownChromis,50.59671170265488,Yes,2406.0,17.0,7.0,SRNL,868.5969127242302,1378.667501634592,69.64485396608757,117.5723980358354,,162.85614321500097,64.91102353451612,1034.05305215717,1
7,244,Yes,4.0,3,3,26,21,Basslet,101.43666832317211,No,,48.0,22.0,NRL_r,18.10725334434493,1780.1337432753985,44.47483618942432,105.1323644293186,36.94829045872182,34.4420051073474,53.61299782915974,,0
7,244,Yes,4.0,3,3,26,22,BrownChromis,54.99183260804987,Yes,2400.0,11.0,3.0,SRNL,964.8195227099868,758.176855567959,49.782010717807495,96.72507078271614,,132.1269727030942,69.42259514691102,1852.7556150253313,1
7,244,Yes,4.0,3,3,26,23,BrownChromis,90.19428360165053,Yes,2389.0,0.0,1.0,FR,487.8978444766355,564.4175745828691,51.46813910262782,91.13086801366089,65.4466460054518,47.15694878564241,29.53615994078179,2625.5424508177266,1
7,244,Yes,4.0,3,3,26,24,BrownChromis,49.09709474413032,Yes,2401.0,12.0,4.0,SRNL,1132.658276955828,681.7413769357751,33.48176504039034,79.29850879305437,,112.2456674521783,104.69052521287132,2412.369561353851,1
7,244,Yes,4.0,3,3,26,25,BrownChromis,57.6731732390081,Yes,2436.0,47.0,21.0,SRL,491.6342345532328,652.0868668779667,42.64751428349522,91.55761566125469,73.97969732697389,115.10035543257564,18.192178085929328,330.8421108587662,1
7,244,Yes,4.0,3,3,26,26,BrownChromis,51.66095027751639,Yes,2405.0,16.0,6.0,SRNL,671.5985299545489,839.9214535155435,82.17911188413201,116.07883701621452,,147.15829424066123,58.10202664972736,1581.1511952101966,1
7,244,Yes,4.0,3,3,26,27,BrownChromis,83.53971274518517,Yes,2410.0,21.0,10.0,SRNL,1066.3230067190448,1735.833506555364,48.16066119960512,92.21776852143569,,155.62013383231763,75.80807930190308,812.5279536253472,1
7,244,Yes,4.0,3,3,26,28,BrownChromis,63.441342056966015,Yes,2407.0,18.0,8.0,SRNL,888.1691869873425,1544.7484614002242,50.78456068316896,103.6478847313367,,99.90527620667208,80.61670932787332,1095.2139942397175,1
7,244,Yes,4.0,3,3,26,29,BrownChromis,58.0808821032631,Yes,2413.0,24.0,11.0,SRNL,650.3224010027723,1732.3334404939249,51.62864024206282,108.92148926204364,,149.9409798221904,73.82304634063753,485.7846013114085,1
7,244,Yes,4.0,3,3,26,30,BrownChromis,65.36431307881944,Yes,2402.0,13.0,5.0,SRNL,1057.2023221035315,1027.2844410796154,55.283372999367465,96.11926151518004,,151.17942083953326,80.96392804806763,2775.7744411031304,1
7,244,Yes,4.0,3,3,26,31,BrownChromis,58.129795552885334,Yes,2406.0,17.0,7.0,SRNL,922.5811605326546,1032.5793211616158,49.13240199329194,91.97235012717978,,31.03963089600227,87.12486118256697,1405.4587785935394,1
7,244,Yes,4.0,3,3,26,32,BrownChromis,60.7921287459396,Yes,2431.0,42.0,20.0,SRL,591.4569882425303,2436.546327755929,55.541608924345574,97.67227420922572,84.62962091098609,98.12607506019027,54.81824671068596,276.2245347346746,1
7,244,Yes,4.0,3,3,26,33,BrownChromis,55.02751362243014,Yes,2415.0,26.0,13.0,SRNL,459.86688690192057,2421.948144056925,46.64011931892854,105.36957554736628,,154.79034269524783,61.28681346494376,328.1872633036698,1
7,244,Yes,4.0,3,3,26,34,BicolorDamselfish,121.6901159711781,Yes,2421.0,32.0,16.0,SRL,255.32926576149072,1778.2793281644665,125.68982852069972,132.7441345968953,100.85009256881058,107.47758760811956,41.604378971130465,407.8638440375735,1
7,244,Yes,4.0,3,3,26,35,Basslet,103.61961386663806,No,,48.0,22.0,NRNL_r,472.76832897318087,1478.2090308323347,26.17005959794829,83.92239656974841,,85.22351186684809,74.32040925650071,,0
7,244,Yes,4.0,3,3,26,36,BicolorDamselfish,67.19361499142434,Yes,2426.0,37.0,19.0,SRL,76.10083753311325,1794.4492461833377,184.1893763271573,154.33348319707457,130.40089309371257,124.03235638627496,39.20013126892815,283.1684078099998,1
7,244,Yes,4.0,3,3,26,37,BrownChromis,113.08636513620066,Yes,2423.0,34.0,17.0,SRL,9.404355762360796,1944.1441751859188,78.79726765844025,112.96384115864916,22.893544193237123,41.95401378423512,35.09284563981652,263.9186790042758,1
7,244,Yes,4.0,3,3,26,38,BrownChromis,,No,,48.0,22.0,NRUD,,,0.0,0.0,0.0,,,,0
7,245,No,5.0,3,3,27,1,BrownChromis,,No,,,,NRUD,,,0.0,0.0,0.0,,,,0
7,245,No,5.0,3,3,27,2,BrownChromis,57.89315711089419,No,,,,NRL_nr,588.026897422175,2106.506391011331,62.279422263686385,83.93475771858985,59.34197360609501,136.50892658507888,52.35254551882026,,0
7,245,No,5.0,3,3,27,3,BrownChromis,50.13145581640032,No,,,,NRL_nr,425.6290287268748,2179.3170002541347,313.0327269929606,115.93889930539564,36.940417061422544,156.15030330360273,49.112661528993506,,0
7,245,No,5.0,3,3,27,4,BrownChromis,55.164631358980266,No,,,,NRL_nr,398.0899445461545,2215.3877809878977,187.1635862184925,109.37053340826324,65.3437352281435,106.64218378732237,49.955441616809125,,0
7,245,No,5.0,3,3,27,5,BrownChromis,36.194766895683784,No,,,,NRL_nr,171.44878804632552,2525.072337428399,27.77103384122424,70.87434679853305,8.140217711577735,32.172013292692746,46.42588705492808,,0
7,245,No,5.0,3,3,27,6,BrownChromis,60.32364565764979,No,,,,NRL_nr,682.0887332602812,1776.318823632485,28.840585747140555,70.7849284348171,30.85701973336832,165.51798134247989,49.42873948521841,,0
7,245,No,5.0,3,3,27,7,Basslet,105.94807020938832,No,,,,NRNL_nr,180.2567954346991,1463.1847130139215,29.52614101064178,70.72242753911294,,106.01822996242244,61.77684551910537,,0
7,245,No,5.0,3,3,27,8,DuskyDamselfish,105.63470094682826,No,,,,NRNL_nr,899.661778961654,2631.6524264790655,19.18611309037018,69.10626738844425,,159.96271014824467,70.86779660326559,,0
7,245,No,5.0,3,3,27,9,BrownChromis,60.643129478828186,No,,,,NRNL_nr,878.0940381205602,1735.8734204638763,35.95379642102697,74.03444053526303,,119.09898154276152,68.78090954866447,,0
7,245,No,5.0,3,3,27,10,BrownChromis,66.1262925052688,No,,,,NRNL_nr,839.2187164049478,1287.0327396358573,34.54633662934786,81.66429533927199,,122.63565716771704,72.68973904402024,,0
7,245,No,5.0,3,3,27,11,BrownChromis,70.98617123469378,No,,,,NRNL_nr,468.27724553211806,1567.0595184650567,80.5089670299771,93.32040544093638,,70.7092166977075,62.61816738420867,,0
7,245,No,5.0,3,3,27,12,BicolorDamselfish,48.005428752014225,No,,,,NRL_nr,144.52730521247724,2183.4276922040835,45.63616468924599,82.71953472631317,29.52987203315728,124.94423641529828,51.862057449275234,,0
7,245,No,5.0,3,3,27,13,BicolorDamselfish,71.41713984304882,No,,,,NRNL_nr,331.3794487515417,1567.407321158041,80.86079410521285,106.90498228194762,,140.0726776301365,57.51742651288959,,0
7,245,No,5.0,3,3,27,14,BrownChromis,105.85173780952842,No,,,,NRNL_nr,1313.8423060051482,3348.0221424796887,26.53483015484118,81.2810230685467,,102.39348383411966,65.67715960802524,,0
7,245,No,5.0,3,3,27,15,BrownChromis,98.80321590155624,No,,,,NRNL_nr,1315.0406917593682,3152.794770736381,19.00668977850965,71.29962227447912,,133.01065645066126,72.28233472809536,,0
7,245,No,5.0,3,3,27,16,BrownChromis,94.20709113278654,No,,,,NRNL_nr,1670.7405827658577,2744.8575371831334,16.98503517857793,53.01747172681244,,58.08601399916473,86.84893987135628,,0
7,245,No,5.0,3,3,27,17,BrownChromis,110.57965847803524,No,,,,NRNL_nr,1422.3314642321088,2347.2674072282234,25.472206460075768,64.40315836969987,,105.61251299411312,81.16037446759461,,0
7,245,No,5.0,3,3,27,18,BrownChromis,77.04474649978852,No,,,,NRNL_nr,1700.099996941326,2667.5073796756396,24.35455159797812,68.32325388638743,,137.06398052117996,84.26010114693895,,0
7,245,No,5.0,3,3,27,19,BrownChromis,72.44425487231119,No,,,,NRNL_nr,940.7357125283852,1011.2366547018372,79.94026487872712,98.02522441978324,,51.29172358555229,90.94290528826056,,0
7,245,No,5.0,3,3,27,20,BrownChromis,56.50851075934795,No,,,,NRNL_nr,569.8886443782488,792.2440682489851,31.213616647760514,73.20017585124103,,106.40075140518192,71.57533893973655,,0
7,245,No,5.0,3,3,27,21,BrownChromis,74.81733398669246,No,,,,NRNL_nr,798.3265322299295,1000.4116340029768,75.78759773394474,75.57573166922876,,75.15266120885434,85.34035826463412,,0
7,245,No,5.0,3,3,27,22,BrownChromis,58.92674723251232,No,,,,NRNL_nr,1033.3508068961742,849.1148797788659,41.214733945608806,77.43760689840353,,91.72733782568152,103.14054693287956,,0
7,245,No,5.0,3,3,27,23,BrownChromis,72.43476881932904,No,,,,NRNL_nr,1274.3313387247742,1263.3893604360242,28.36890389885397,64.59727117557124,,87.33146192490294,102.03484036463436,,0
7,245,No,5.0,3,3,27,24,BrownChromis,172.86701483345234,No,,,,NRNL_nr,1440.5237685787718,3467.496277349513,23.43075936839741,66.34721760083252,,69.67867740091219,62.97202133520962,,0
7,245,No,5.0,3,3,27,25,BrownChromis,74.60849357764174,No,,,,NRNL_nr,1400.706174206556,3650.373268670654,16.026497908331336,63.68395593020645,,161.98544488128096,59.250541023713765,,0
7,245,No,5.0,3,3,27,26,BrownChromis,,No,,,,NRUD,,,0.0,0.0,0.0,,,,0
7,245,No,5.0,3,3,27,27,BrownChromis,,No,,,,NRUD,,,0.0,0.0,0.0,,,,0
7,245,No,5.0,3,3,27,28,BrownChromis,,No,,,,NRUD,,,0.0,0.0,0.0,,,,0
7,245,No,5.0,3,3,27,29,BrownChromis,,No,,,,NRUD,,,0.0,0.0,0.0,,,,0
7,245,No,5.0,3,3,27,30,BrownChromis,28.358178843026906,No,,,,NRL_nr,1.8855076516490603,1774.638239248732,44.00388345175516,85.30622058615721,71.78300869449704,59.68363183170243,50.50336375323083,,0
7,246,No,2.0,3,3,28,1,BrownChromis,66.41104935166335,No,,,,NRL_nr,230.68688374950096,2557.2917847697513,46.4124351483248,88.19221897718322,20.755326767390653,125.72427268037808,52.75153788346949,,0
7,246,No,2.0,3,3,28,2,Parrotfish,222.36621482652757,No,,,,NRNL_nr,1421.4527268415457,2104.6847468032493,31.845463212614572,88.57365346549103,,147.4037660420447,93.3526199123803,,0
7,246,No,2.0,3,3,28,3,BrownChromis,86.47827142915231,No,,,,NRNL_nr,1272.5133457548784,1669.9841583176512,44.05046182844802,106.05713064737476,,67.25870838017434,88.83339243486515,,0
7,246,No,2.0,3,3,28,4,BrownChromis,92.72173039147977,No,,,,NRNL_nr,1408.8424866982257,1368.52579989866,38.30617442526208,96.83620658688646,,112.6823215608284,92.77477441689554,,0
7,246,No,2.0,3,3,28,5,BrownChromis,82.39759295303726,No,,,,NRNL_nr,1399.9806391631273,1482.0316238619844,28.71479629436438,96.98631881685994,,88.62733416215472,106.56727307582472,,0
7,246,No,2.0,3,3,28,6,BrownChromis,69.86210523769289,No,,,,NRNL_nr,1402.536748973199,1038.9796941737095,31.93603277559423,87.82209453796442,,73.25708491022074,106.75701948575106,,0
7,246,No,2.0,3,3,28,7,BrownChromis,70.76072467847797,No,,,,NRNL_nr,1145.2408893462434,656.3678933044496,32.699517691673954,87.57173456861194,,51.03539099321804,113.78320902438622,,0
7,246,No,2.0,3,3,28,8,BrownChromis,56.87829061796042,No,,,,NRNL_nr,1026.5922193779563,622.4441544187231,25.607237426216667,81.8814916960489,,67.25693937857282,113.9509371935561,,0
7,246,No,2.0,3,3,28,9,BrownChromis,61.074955931370624,No,,,,NRNL_nr,804.4660653586245,1019.6213917224394,56.00952588543809,95.9888520235818,,28.964696662280303,68.76136855547486,,0
7,246,No,2.0,3,3,28,10,BrownChromis,53.593073969034585,No,,,,NRNL_nr,1130.537440220197,1414.159766591738,44.77699372368875,106.43622037861964,,48.87155955647323,73.09005571613969,,0
7,246,No,2.0,3,3,28,11,BrownChromis,46.14621960663331,No,,,,NRNL_nr,868.0249232385935,1739.9199906590818,63.50967349846637,122.33283078334571,,58.34995036097382,63.76653880616857,,0
7,246,No,2.0,3,3,28,12,BrownChromis,75.8488790716668,No,,,,NRNL_nr,1128.118038391682,2279.4760804216253,40.376414166778005,117.14768157793924,,73.92384161519436,80.28433622384155,,0
7,246,No,2.0,3,3,28,13,BrownChromis,58.9307639040401,No,,,,NRL_nr,594.0684645214775,459.78222098076526,19.463365064881785,69.92711174187455,8.453236884656892,37.49120976911697,34.217475647944944,,0
7,246,No,2.0,3,3,28,14,BrownChromis,51.36036202984245,No,,,,NRNL_nr,957.6873131486066,1955.0549810294467,53.468309859577325,120.51271928810894,,95.15928657782068,74.54439765199287,,0
7,246,No,2.0,3,3,28,15,BrownChromis,79.7388384312344,No,,,,NRNL_nr,732.5354449919515,2509.0289931333286,87.47895942627679,127.70856574180836,,24.302259294308655,68.27410288636979,,0
7,246,No,2.0,3,3,28,16,BrownChromis,60.29782162619069,No,,,,NRNL_nr,746.9113194346709,1513.3110308411674,73.27801601180498,115.17230599519574,,131.48224217983503,65.18984304195162,,0
7,246,No,2.0,3,3,28,17,BrownChromis,88.02900309074818,No,,,,NRNL_nr,577.248857410342,1787.3358620450292,64.05170872885255,113.33560607522804,,107.30974148153952,68.6429466339055,,0
7,246,No,2.0,3,3,28,18,BrownChromis,34.261204027031305,No,,,,NRNL_nr,452.6806465633554,1588.2410450849611,75.76581784854305,115.99211776047952,,94.35106723811468,58.396752542562936,,0
7,246,No,2.0,3,3,28,19,BrownChromis,70.13203534991254,No,,,,NRNL_nr,534.5169109356416,1900.7204876284695,78.22132228560113,113.48545517107668,,118.81873900407912,59.27964314842048,,0
7,246,No,2.0,3,3,28,20,BrownChromis,65.14078360876506,No,,,,NRNL_nr,586.7439473941897,2412.6261817937416,87.79203548767441,131.50366647562808,,130.0320610742341,65.52908060603225,,0
7,246,No,2.0,3,3,28,21,BrownChromis,54.494615071508846,No,,,,NRNL_nr,768.1789402703414,767.6410698814906,40.083803152881345,87.39867340998072,,90.3296730866787,61.700864440892,,0
7,246,No,2.0,3,3,28,22,BrownChromis,71.11040965683992,No,,,,NRNL_nr,660.1365236828109,1061.37627562785,33.60638425733923,101.21200682246808,,77.90653171492241,79.90333780354615,,0
7,246,No,2.0,3,3,28,23,BrownChromis,74.18162827062096,No,,,,NRNL_nr,914.1993995708942,1863.16201667759,37.16178261610359,115.63095453181025,,26.320719316309305,84.92647746168142,,0
7,246,No,2.0,3,3,28,24,BrownChromis,67.62734598051674,No,,,,NRNL_nr,1476.9136330437732,2238.5694174439427,24.414592945622633,91.8779611416918,,73.83859794919252,96.5500100256545,,0
7,246,No,2.0,3,3,28,25,BrownChromis,135.8746742117369,No,,,,NRNL_nr,1409.7207881189138,1414.0034177235352,5.638075729831252,41.54583365171596,,119.27801361544392,92.6505267358836,,0
7,246,No,2.0,3,3,28,26,BrownChromis,37.6785459013297,No,,,,NRL_nr,252.9676321175529,1975.5650227126237,70.11897350654846,120.0852427954074,107.78241384741936,64.36064079874403,51.01849676676722,,0
7,246,No,2.0,3,3,28,27,Basslet,134.46086565198766,No,,,,NRL_nr,58.675680197526205,1418.1386457501053,12.65898759617982,60.18025953039267,56.4622313198868,52.97381358601822,40.13483177393109,,0
7,246,No,2.0,3,3,28,28,BrownChromis,48.2530146600268,No,,,,NRL_nr,281.8862461644543,2389.045377310073,56.44352240507036,100.47202955870074,48.19400995503757,25.250024786185865,54.01700562503912,,0
7,246,No,2.0,3,3,28,29,BicolorDamselfish,51.93670673704007,No,,,,NRL_nr,131.1546118607099,2079.60106975422,38.85096387655424,95.6765850456122,11.842716191561138,138.85978492359703,40.60780904448564,,0
7,246,No,2.0,3,3,28,30,BrownChromis,105.46537547910116,No,,,,NRL_nr,530.4567865372702,1767.2808579716882,40.06175352817059,93.13755422728576,82.54296049863979,109.8702514152892,46.29819868368027,,0
7,246,No,2.0,3,3,28,31,BrownChromis,81.07105906509972,No,,,,NRNL_nr,817.64175663253,2384.196172692002,122.81214282218342,126.02427059932948,,83.06198588012549,72.00384427861826,,0
7,246,No,2.0,3,3,28,32,BrownChromis,48.524012788915726,No,,,,NRNL_nr,695.6520515842666,2380.1323334599115,99.84037722706618,136.7648432352843,,39.06828987780315,68.7793669299201,,0
7,246,No,2.0,3,3,28,33,BrownChromis,56.34507846311723,No,,,,NRNL_nr,878.773136374272,2420.6397031340284,64.35594490515834,124.94947428935846,,95.83511872254894,73.43954525358312,,0
7,246,No,2.0,3,3,28,34,BrownChromis,43.09285998986345,No,,,,NRL_nr,60.365478907228834,1895.8947101703243,56.11773305326782,113.78622386105975,36.68034633556816,149.5541971568716,51.95214690669778,,0
7,246,No,2.0,3,3,28,35,BicolorDamselfish,43.23908392014586,No,,,,NRL_nr,3.847673241394431,1635.467680262571,21.524714073523093,75.74274328627385,17.06123648325785,161.49441998245217,27.446914969290376,,0
7,248,No,4.0,3,3,30,1,Basslet,127.39930822617973,No,,,,NRNL_nr,432.4639972091165,959.5423757521246,9.087797175447138,39.55920862726937,,24.595657286745812,73.21401315750474,,0
7,248,No,4.0,3,3,30,2,BicolorDamselfish,40.20291320971449,No,,,,NRL_nr,106.86525123533286,2044.1355076625523,30.28999957329076,48.872002540387385,48.872002540387385,112.0300593141829,42.15551334573469,,0
7,248,No,4.0,3,3,30,3,BicolorDamselfish,38.558213108685294,No,,,,NRL_nr,200.4154797142033,1694.0965557116474,40.0055270115179,51.72216877302695,19.132153764123732,12.964702386137118,45.85802645876556,,0
7,248,No,4.0,3,3,30,4,BicolorDamselfish,39.0146956626588,No,,,,NRL_nr,101.9173850099682,1693.59072935886,31.758160847846565,41.45623690589714,11.22777170709427,31.67626037480725,37.077109374839814,,0
7,248,No,4.0,3,3,30,5,BrownChromis,71.49508354244675,No,,,,NRNL_nr,814.0894850812235,2148.6666431956005,31.52185821281149,59.924288867075305,,55.46836684858908,60.788284032705015,,0
7,248,No,4.0,3,3,30,6,BrownChromis,70.05007065388082,No,,,,NRNL_nr,699.7762080279215,2370.14799113921,35.87821711079283,55.4983529767873,,120.4022821891352,58.04794834251998,,0
7,248,No,4.0,3,3,30,7,BrownChromis,,No,,,,NRTC,1304.8165202224611,980.7823043207234,8.411470519832589,38.4598917590246,,,118.9483665248964,,0
7,248,No,4.0,3,3,30,8,BrownChromis,55.95160501653904,No,,,,NRNL_nr,1379.9641043493614,863.1300525955111,7.354410925349854,28.674028890141372,,110.29422080272968,101.64493682700748,,0
7,248,No,4.0,3,3,30,9,BrownChromis,103.52142576944348,No,,,,NRNL_nr,1057.9432185206351,867.1648838466178,19.184977078660157,42.24206140520379,,118.64573197342976,79.21124582541758,,0
7,248,No,4.0,3,3,30,10,BrownChromis,66.84901363763306,No,,,,NRNL_nr,1098.1840651992109,573.3886339649522,22.578971592134007,48.82681168498042,,157.63064397363598,82.7519962123603,,0
7,248,No,4.0,3,3,30,11,BrownChromis,52.99969714676048,No,,,,NRNL_nr,1118.455118451456,2684.9168143011934,25.067948761977465,56.52092764119225,,52.67790735553229,64.40896001488139,,0
7,248,No,4.0,3,3,30,12,BrownChromis,71.88019214036763,No,,,,NRNL_nr,534.671647992261,1969.3870672359872,26.417567787881573,56.93922177783696,,90.73345879190636,61.953739391343376,,0
7,248,No,4.0,3,3,30,13,BrownChromis,,No,,,,NRUD,,,0.0,0.0,0.0,,,,0
7,248,No,4.0,3,3,30,14,BrownChromis,136.03228626441822,No,,,,NRNL_nr,1456.8562461763831,3988.104180357664,6.359630811634334,33.00766911744751,,60.17829033160906,77.65222583974949,,0
7,248,No,4.0,3,3,30,15,BrownChromis,121.13231277815888,No,,,,NRNL_nr,1715.514753359353,2930.046207780546,7.490732067753415,31.51703664905767,,68.0417775768581,85.93347349220133,,0
7,248,No,4.0,3,3,30,16,BrownChromis,47.93285661625101,No,,,,NRNL_nr,1201.6909976691425,1817.3242325841425,12.207854907064757,38.33093215217335,,129.45248830632227,82.28916892547961,,0
7,248,No,4.0,3,3,30,17,BrownChromis,145.36195302886412,No,,,,NRNL_nr,1375.695690081133,3839.514354845936,6.743747893743924,34.216524458366756,,59.23210714803957,69.55665292616972,,0
7,248,No,4.0,3,3,30,18,BrownChromis,65.4290423332164,No,,,,NRL_nr,920.128803616994,865.6211056024011,9.562051149147418,29.29784666488299,15.886246398343497,68.90981695873602,30.425407171969912,,0
7,248,No,4.0,3,3,30,19,BrownChromis,32.76566387932345,No,,,,NRL_nr,479.6252125871477,2337.676221600523,30.769849643097736,55.716063272575376,42.79385164186057,129.98738579549072,49.23852751294034,,0
7,248,No,4.0,3,3,30,20,BrownChromis,76.53747459451786,No,,,,NRNL_nr,1249.9419909233347,2809.926670431171,19.61035582882498,47.00418772106726,,131.71362776219408,70.06104988130042,,0
7,248,No,4.0,3,3,30,21,BrownChromis,,No,,,,NRTC,384.31672035016544,1677.994110254251,6.109121953506754,29.02239757514859,29.02239757514859,,14.740489133226914,,0
7,248,No,4.0,3,3,30,22,Basslet,125.39874199323148,No,,,,NRNL_nr,764.485376483289,1374.3194648447673,8.95310259124691,38.69350378585743,,13.886869335768306,86.21164941645993,,0
7,250,No,2.0,3,3,32,1,BrownChromis,56.1634546640461,No,,,,NRL_nr,188.56952746025505,2447.0837101095785,39.06491139796229,63.839775017388455,35.84801031723567,96.05187818008538,45.603434730186514,,0
7,250,No,2.0,3,3,32,2,Basslet,81.84364398514218,No,,,,NRNL_nr,384.1840322545768,984.0635703007712,20.62940128526058,68.82085703317696,,139.74375231689336,69.42831780882325,,0
7,250,No,2.0,3,3,32,3,Basslet,109.44081197351548,No,,,,NRNL_nr,181.6909586183836,1771.2539706390712,19.521232638663985,62.002913867719435,,147.02963469339193,60.689739769517345,,0
7,250,No,2.0,3,3,32,4,BrownChromis,,No,,,,NRUD,,,0.0,0.0,0.0,,,,0
7,250,No,2.0,3,3,32,5,BrownChromis,73.71737740172178,No,,,,NRNL_nr,1603.5600352607178,2488.328620463333,10.721453563617624,48.475930400295155,,142.76890841332735,89.27165722695486,,0
7,250,No,2.0,3,3,32,6,BrownChromis,91.92610850409862,No,,,,NRNL_nr,1410.256812131358,1749.0114406558837,21.94049396640851,58.72021960502711,,43.3968593562965,102.68601693696816,,0
7,250,No,2.0,3,3,32,7,BrownChromis,62.052944737526374,No,,,,NRNL_nr,1377.8731271448908,970.7920384407552,16.253938753059817,61.30833022534454,,112.2430775195177,104.773565660963,,0
7,250,No,2.0,3,3,32,8,BrownChromis,71.2460972611279,No,,,,NRNL_nr,1264.0274025865622,1393.4879116238867,31.23798784991474,69.2454581248679,,38.65439039360232,103.55889446710026,,0
7,250,No,2.0,3,3,32,9,BrownChromis,53.64438320959619,No,,,,NRNL_nr,838.8194202094635,765.3784086722181,30.288927113573553,79.15265925842802,,88.32057978891204,83.73839433739943,,0
7,250,No,2.0,3,3,32,10,BrownChromis,68.83295795957338,No,,,,NRNL_nr,985.1139626068194,1366.266576016927,30.967160922915017,72.51339934082371,,128.09726563424056,90.01557015488349,,0
7,250,No,2.0,3,3,32,11,BrownChromis,56.044859871500414,No,,,,NRNL_nr,1033.680627973625,2412.4647452142053,21.781829184799346,59.056418214846026,,161.6225405083329,61.93894351531642,,0
7,250,No,2.0,3,3,32,12,BrownChromis,83.69417771887507,No,,,,NRNL_nr,890.4955947814543,2689.692921060019,26.989864672861813,58.85579944105231,,59.1927459371529,57.37774160834848,,0
7,250,No,2.0,3,3,32,13,BrownChromis,46.01654707047764,No,,,,NRNL_nr,430.4778645366222,1012.4044165927672,33.9229574886067,88.65929534786838,,45.02123136952385,64.5309658243738,,0
7,250,No,2.0,3,3,32,14,BrownChromis,64.22109797464469,No,,,,NRNL_nr,1042.5477030167042,498.93869619106334,41.473808715777984,59.821788017051794,,84.55574431320443,65.93168577922442,,0
7,250,No,2.0,3,3,32,15,BrownChromis,59.07933117258312,No,,,,NRNL_nr,907.534181271002,458.58434435967007,35.386007684339425,52.50755139742504,,101.21326420089412,68.85061551560462,,0
7,250,No,2.0,3,3,32,16,BrownChromis,79.63553326262627,No,,,,NRL_nr,486.4561695713818,738.1368823636972,28.530833270352893,76.14270367978231,47.547362332979425,66.72521634466283,48.02338960534288,,0
7,250,No,2.0,3,3,32,17,BrownChromis,68.27811173203106,No,,,,NRNL_nr,853.1907306028648,1709.3595176205486,26.908177045038137,70.08416714334336,,54.60854268305747,66.00418818655032,,0
7,250,No,2.0,3,3,32,18,BrownChromis,,No,,,,NRUD,,,0.0,0.0,0.0,,,,0
7,250,No,2.0,3,3,32,19,BrownChromis,,No,,,,NRUD,,,0.0,0.0,0.0,,,,0
7,250,No,2.0,3,3,32,20,BrownChromis,,No,,,,NRUD,,,0.0,0.0,0.0,,,,0
7,250,No,2.0,3,3,32,21,BicolorDamselfish,,No,,,,NRUD,,,0.0,0.0,0.0,,,,0
7,250,No,2.0,3,3,32,22,BicolorDamselfish,139.44100328292626,No,,,,NRL_nr,0.5468700980603417,1392.2859091792182,26.696280038557074,76.14523203042964,54.537199640408815,76.11463347608735,45.63234112691068,,0
7,250,No,2.0,3,3,32,23,BrownChromis,118.26794721024102,No,,,,NRNL_nr,1200.4970793044797,3332.857478916333,15.332377102581844,48.675292748976936,,99.65277060507944,64.48470694692526,,0
7,250,No,2.0,3,3,32,24,BrownChromis,51.42296751147746,No,,,,NRNL_nr,493.76895874970216,2712.520207775157,27.19985147755174,61.54398122461613,,147.36352788390946,55.38812225377886,,0
7,250,No,2.0,3,3,32,25,BrownChromis,,No,,,,NRTC,951.598087378579,3083.4769059459964,22.32093957239362,58.65320153353958,,,56.65347329974436,,0
7,250,No,2.0,3,3,32,26,BrownChromis,117.72223195753077,No,,,,NRNL_nr,183.07568408807543,5488.091089054265,4.1761823023280265,24.34818074801301,,137.22197928360572,66.38235339988888,,0
7,250,No,2.0,3,3,32,27,BrownChromis,34.798563826471934,No,,,,NRL_nr,399.630131405982,2399.3968842406525,46.17429432980598,73.6682368593706,51.07624755891396,152.1735527957783,48.29338889897713,,0
7,250,No,2.0,3,3,32,28,BrownChromis,120.40595563243504,No,,,,NRNL_nr,1760.872507813143,1568.892065384336,4.283017341735119,31.810182639030685,,84.87078315251479,108.4065380569924,,0
7,250,No,2.0,3,3,32,29,BicolorDamselfish,45.11116390478314,No,,,,NRL_nr,109.47006528344455,2024.0978705057264,26.353482763827675,69.30905690114172,41.161626548435095,144.38245064972264,41.75827870151357,,0
7,250,No,2.0,3,3,32,30,BrownChromis,73.120710276976,No,,,,NRNL_nr,1620.032725009576,3628.637095669488,10.453155899560914,42.08753115995296,,54.09586763187557,71.0534101325444,,0
7,250,No,2.0,3,3,32,31,BrownChromis,70.53837130815613,No,,,,NRNL_nr,819.6710537739233,5762.952795113738,3.946784739954236,26.81188883777145,,66.03259131460683,61.07007907985224,,0
7,250,No,2.0,3,3,32,32,BrownChromis,40.57407699981627,No,,,,NRNL_nr,670.060581791279,1929.1112075170536,30.15472643020877,75.6322997650349,,53.59087544569586,64.73562597943526,,0
7,250,No,2.0,3,3,32,33,Basslet,133.05101198014827,No,,,,NRL_nr,90.731276333055,1240.9752590979158,18.99275878276697,65.86283149908361,59.055281702038386,109.1665802202749,22.46135534562297,,0
7,251,No,5.0,3,3,33,1,BrownChromis,53.23441799431409,No,,,,NRL_nr,15.259352699727838,1416.858455244702,16.84778935506792,57.851766217489846,12.59511289020045,31.559833426991307,46.46988986387451,,0
7,251,No,5.0,3,3,33,2,BrownChromis,63.75655832188486,No,,,,NRNL_nr,826.622539941524,2783.363777819896,26.933421781488413,67.62751591607815,,156.18845171745957,59.48385579432644,,0
7,251,No,5.0,3,3,33,3,BrownChromis,92.33308498223153,No,,,,NRNL_nr,1267.165163508178,2776.314875166425,19.737454633209627,58.521413850862686,,103.662402593519,69.23666630106919,,0
7,251,No,5.0,3,3,33,4,BrownChromis,64.18567215399885,No,,,,NRNL_nr,1215.076668386945,4021.9824661407174,6.588989590637599,34.54122977517658,,130.13503177450738,67.855190507277,,0
7,251,No,5.0,3,3,33,5,BrownChromis,,No,,,,NRUD,,,0.0,0.0,0.0,,,,0
7,251,No,5.0,3,3,33,6,BrownChromis,,No,,,,NRUD,,,0.0,0.0,0.0,,,,0
7,251,No,5.0,3,3,33,7,BrownChromis,,No,,,,NRUD,,,0.0,0.0,0.0,,,,0
7,251,No,5.0,3,3,33,8,Doctorfish,139.8542101851677,No,,,,NRL_nr,375.8292011218758,2085.1971316390636,42.43061710852847,62.506865528834055,54.24129872510538,95.61596544650494,50.52083380460639,,0
7,251,No,5.0,3,3,33,9,BicolorDamselfish,41.89335551773677,No,,,,NRL_nr,231.6703678148064,2196.240152997045,40.6095760728269,89.96149044384075,66.58454533726866,148.82916950792523,47.23842250744453,,0
7,251,No,5.0,3,3,33,10,BicolorDamselfish,40.48963229170701,No,,,,NRNL_nr,492.8538284139874,1760.0065279903215,33.41053529903865,89.70923528007974,,13.746811286875705,56.66085976218684,,0
7,251,No,5.0,3,3,33,11,BrownChromis,99.98412199467568,No,,,,NRNL_nr,1485.3847087948,1760.4160054981237,19.09444931811492,47.93841337452937,,73.97383248285644,94.80951720619451,,0
7,251,No,5.0,3,3,33,12,Basslet,88.49285779576944,No,,,,NRL_nr,219.46479856008892,1665.4322632739736,5.845955818345273,29.716479805655165,27.544967167906012,141.6922231370691,35.12661547981408,,0
7,251,No,5.0,3,3,33,13,BrownChromis,109.0763706381532,No,,,,NRNL_nr,1610.9291773644252,2713.968664334252,18.55894946263187,50.837793878777745,,70.70427831838076,87.36190947677167,,0
7,251,No,5.0,3,3,33,14,BrownChromis,56.16667117650237,No,,,,NRNL_nr,821.3192598128282,1240.1439744586414,46.8628640501012,74.24580467501073,,37.835842987020264,77.88200578895047,,0
7,251,No,5.0,3,3,33,15,BrownChromis,92.9870937080099,No,,,,NRNL_nr,588.3648123192906,1537.492742069776,28.668578132011927,69.51164588673998,,48.260558396041894,74.03453712732016,,0
7,251,No,5.0,3,3,33,16,BrownChromis,56.65900224757269,No,,,,NRNL_nr,776.5062395226497,1181.6151693670877,41.51364856068273,67.97012378061706,,87.41726845552395,69.95874264139567,,0
7,251,No,5.0,3,3,33,17,BrownChromis,62.68623171059609,No,,,,NRNL_nr,1077.3344019396368,1728.2020454890069,28.982593876111007,68.2355022431743,,77.0158859518894,85.58835713983052,,0
7,251,No,5.0,3,3,33,18,BrownChromis,66.554530838183,No,,,,NRNL_nr,1677.739017992264,3845.1052172617538,7.12724801243087,29.315899744167876,,148.8861094514192,80.31732405950233,,0
7,251,No,5.0,3,3,33,19,BrownChromis,71.70986170603584,No,,,,NRNL_nr,1345.9051086662305,2241.539034262062,19.72171674167842,62.923825059467305,,75.45374356335894,77.59788763471418,,0
7,251,No,5.0,3,3,33,20,BrownChromis,42.03124069238586,No,,,,NRNL_nr,1345.0908869770528,2643.2868055511135,23.629807753586174,73.96039103269587,,158.3966103743496,80.32678632394583,,0
7,251,No,5.0,3,3,33,21,Tilefish,106.35787761778592,No,,,,NRNL_nr,882.4809150306294,1387.445631829655,4.382008171018264,28.35518091480348,,148.67451259746034,62.01585294884291,,0
7,251,No,5.0,3,3,33,22,Snapper,161.06062959675074,No,,,,NRNL_nr,1037.309055636366,1170.1007503585265,5.432329390155033,34.1500257362149,,88.55781674549253,106.79001977103172,,0
7,251,No,5.0,3,3,33,23,BrownChromis,96.85521068896828,No,,,,NRNL_nr,1256.4083908421528,3062.745318156277,15.03236573291484,51.49150328200307,,100.8672262165612,72.87652188271238,,0
7,251,No,5.0,3,3,33,24,BrownChromis,52.80078408075671,No,,,,NRNL_nr,921.7053984209288,1739.4062564987073,24.40306136287599,72.72163830709314,,163.96886028218287,62.14168768144376,,0
7,251,No,5.0,3,3,33,25,BrownChromis,50.89208882619594,No,,,,NRNL_nr,673.5594253515064,2453.931793808077,30.9354007954685,73.53557053095057,,91.24801813618636,59.82179556227601,,0
8,260,Yes,4.0,3,2,2,1,BicolorDamselfish,22.476087583784153,No,,1.0,2.0,NRL_r,167.7902830411458,1788.3587603851531,32.14346601967723,35.66294115713568,24.33286992121874,113.61012217818856,41.07327530505143,,0
8,260,Yes,4.0,3,2,2,2,BicolorDamselfish,51.80702611038251,No,,1.0,2.0,NRL_r,92.79273680407738,1085.9417160756884,16.228217748166177,33.57323437448597,19.75628073267051,128.52281095212237,36.52563930451915,,0
8,260,Yes,4.0,3,2,2,3,BrownChromis,44.6918412669192,No,,1.0,2.0,NRL_r,518.7459406803616,1827.5794092106437,32.25286983202499,34.530308026004526,19.59317950325091,28.8212365774019,48.48275002723967,,0
8,260,Yes,4.0,3,2,2,4,Basslet,,No,,1.0,2.0,NRUD,,,0.0,0.0,0.0,,,,0
8,260,Yes,4.0,3,2,2,5,DuskyDamselfish,39.29586581439856,No,,1.0,2.0,NRL_r,287.5936011006722,1454.952887054835,14.230404409689106,24.678059930630404,11.67299505103589,50.06296388989256,12.705638198275432,,0
8,260,Yes,4.0,3,2,2,6,BrownChromis,32.73426457161867,No,,1.0,2.0,NRNL_r,499.5556087839293,2146.3283807181047,72.0406670668981,32.70723012784271,,44.021324831180465,57.08707055499845,,0
8,260,Yes,4.0,3,2,2,7,BrownChromis,36.85527277104798,No,,1.0,2.0,NRL_r,600.4725577185391,2142.2715047045517,244.25070376816444,43.22502426902013,33.54177329347169,156.65781227029476,53.59449308271205,,0
8,260,Yes,4.0,3,2,2,8,BrownChromis,20.91551646727606,No,,1.0,2.0,NRNL_r,590.9838698099514,2112.74253515017,245.62568858198017,44.0215507058421,,43.950506274460395,55.261273709560946,,0
8,260,Yes,4.0,3,2,2,9,BrownChromis,80.55700653577553,Yes,2395.0,0.0,1.0,FR,575.5232044866573,984.3242927029828,10.953069656710282,22.88619883075428,8.15990714297213,139.81192789656149,8.44995535543155,410.1791507682243,1
8,260,Yes,4.0,3,2,2,10,Basslet,102.27009079288985,No,,1.0,2.0,NRNL_r,491.8037228156925,439.8801518744689,8.23110968521383,20.264761664986715,,87.25602558521419,95.17096591540825,,0
8,260,Yes,4.0,3,2,2,11,BrownChromis,92.63875953151026,No,,1.0,2.0,NRL_r,243.2093542756601,2076.841642159783,10.406654124494398,21.04703565022944,18.417340356792867,56.42763757101577,25.88232955399794,,0
8,260,Yes,4.0,3,2,2,12,BrownChromis,28.698887544823087,No,,1.0,2.0,NRL_r,272.37367530046566,1627.7336123935115,18.202724166918333,31.455128568144467,28.265654127805497,88.3105636735972,18.620065578684216,,0
8,260,Yes,4.0,3,2,2,13,BrownChromis,,No,,1.0,2.0,NRUD,,,0.0,0.0,0.0,,,,0
8,260,Yes,4.0,3,2,2,14,BrownChromis,28.208576313525025,No,,1.0,2.0,NRNL_r,440.81560580636426,2098.7343595308757,43.75962511263055,29.11249696869995,,17.60649893641577,62.79724962859885,,0
8,260,Yes,4.0,3,2,2,15,BrownChromis,23.50197413957753,No,,1.0,2.0,NRL_r,394.9577901717911,2058.7045503477143,39.00107890804911,31.470608140250715,26.59206633951408,58.79544482603699,45.0883302889539,,0
8,260,Yes,4.0,3,2,2,16,BrownChromis,66.85944222723374,No,,1.0,2.0,NRL_r,59.78413297930616,740.004265413902,11.757014941027412,28.47342810511817,8.588224029682673,76.2124376290147,54.3210820236606,,0
8,260,Yes,4.0,3,2,2,17,BrownChromis,,No,,1.0,2.0,NRUD,,,0.0,0.0,0.0,,,,0
8,260,Yes,4.0,3,2,2,18,BrownChromis,,Maybe,,1.0,1.0,NRUD,,,0.0,0.0,0.0,,,,0
8,264,No,2.0,3,2,6,1,BicolorDamselfish,25.85694311244703,No,,,,NRL_nr,39.82085802918492,1432.5907678305605,84.72205804868685,41.21209109085373,3.71571950456349,68.66566729586124,40.056936318127974,,0
8,264,No,2.0,3,2,6,2,BicolorDamselfish,22.22094904717324,No,,,,NRL_nr,1.425093001838185,1581.8998222050063,83.89530835092346,52.350095178589065,29.35589734364503,46.9173722089819,37.91313610765952,,0
8,264,No,2.0,3,2,6,3,BrownChromis,40.25989019323676,No,,,,NRL_nr,199.2421410443234,1257.2318409224165,54.53583540406561,36.30128559374877,2.609286524557741,92.84833060143842,33.73968328537728,,0
8,264,No,2.0,3,2,6,4,BrownChromis,40.76706263369948,No,,,,NRL_nr,605.4001874954562,1059.4665826559997,15.262630547372943,19.513113501162028,17.453425922464483,56.41329731408223,9.736675481789447,,0
8,264,No,2.0,3,2,6,5,BrownChromis,35.14810287410096,No,,,,NRL_nr,353.2732319336264,1582.88767710134,57.6217305298866,37.68748293286138,33.974698452198915,14.56318900584182,39.49633933756734,,0
8,264,No,2.0,3,2,6,6,BrownChromis,34.79026147355447,No,,,,NRL_nr,573.0596095371366,2072.497687434225,27.892397768071163,25.393952808301737,25.393952808301737,48.662093561495254,54.436896878243495,,0
8,264,No,2.0,3,2,6,7,BrownChromis,28.492340100804565,No,,,,NRL_nr,410.26287084367584,1932.1809018049605,37.547810070266465,32.77316685481042,17.04554762871647,81.0387691109501,48.995027942742304,,0
8,264,No,2.0,3,2,6,8,BrownChromis,44.55916153027184,No,,,,NRL_nr,411.4470124187114,1478.8894187479218,27.219305959757932,31.429316008905076,28.922778096141357,14.14191169849314,6.6364404969800805,,0
8,264,No,2.0,3,2,6,9,BrownChromis,31.044460369153928,No,,,,NRL_nr,285.3319608109121,1603.9312496622408,398.8308839769238,65.764009847409,28.215929440705786,102.87935911125216,26.6516477419944,,0
8,264,No,2.0,3,2,6,10,BrownChromis,36.673388730161136,No,,,,NRL_nr,385.3391257162719,1688.101741780662,313.3933922319594,90.34066774919664,42.468582924772186,6.347467485101764,24.5041016534064,,0
8,264,No,2.0,3,2,6,11,BrownChromis,70.1825647362005,No,,,,NRL_nr,344.1095904787178,1741.5801746031084,191.03401328693545,65.2264281403685,59.9721657555532,35.89078778204889,24.23850961937649,,0
8,264,No,2.0,3,2,6,12,BrownChromis,50.348936519353394,No,,,,NRL_nr,261.4246288212117,1812.970286524117,102.14588476163156,53.989593963858624,36.79996326308555,102.7389672072304,26.885489303347224,,0
8,264,No,2.0,3,2,6,13,BrownChromis,102.606786074035,No,,,,NRL_nr,362.3451750057163,2011.548304255868,36.334333776500834,33.24784750240338,28.6878762709608,117.49952073034213,32.25897273829343,,0
8,264,No,2.0,3,2,6,14,BrownChromis,18.970051504740574,No,,,,NRL_nr,224.51384007914143,1631.6563476560798,189.1503305453158,65.41365779466216,23.139320264919256,68.01334754803493,30.65906083062018,,0
8,264,No,2.0,3,2,6,15,BrownChromis,,No,,,,NRUD,,,0.0,0.0,0.0,,,,0
8,264,No,2.0,3,2,6,16,Basslet,,No,,,,NRUD,,,0.0,0.0,0.0,,,,0
8,264,No,2.0,3,2,6,17,BrownChromis,,No,,,,NRUD,,,0.0,0.0,0.0,,,,0
8,266,No,3.0,3,2,8,1,BrownChromis,45.39365261472187,No,,,,NRNL_nr,507.92808609167014,727.5234120740379,186.83950751598917,77.25524822914284,,31.87478758264784,95.61677040952524,,0
8,266,No,3.0,3,2,8,2,BrownChromis,49.982817640481066,No,,,,NRNL_nr,415.2531172172587,537.3077131394236,153.21824413490316,98.98784295874552,,15.89449398172657,88.97873386056123,,0
8,266,No,3.0,3,2,8,3,BrownChromis,52.63302283857569,No,,,,NRNL_nr,446.1548256429442,666.9538012270484,268.6706509636486,93.1100064279636,,25.613239746894266,88.78628763429064,,0
8,266,No,3.0,3,2,8,4,BrownChromis,40.231177380867706,No,,,,NRNL_nr,339.65971244324925,621.3613407179397,242.36946565741832,102.25450304359045,,30.129416870272387,78.74946610054977,,0
8,266,No,3.0,3,2,8,5,BrownChromis,59.74565686460252,No,,,,NRNL_nr,248.25928713083567,560.5675793799851,259.77523096296727,131.26134317622152,,11.144412054310726,61.78422346049915,,0
8,266,No,3.0,3,2,8,6,BrownChromis,71.91247913941852,No,,,,NRNL_nr,243.58609376992587,495.3737550076627,273.21890552050047,134.64154447037248,,70.00455046393544,57.508180338055475,,0
8,266,No,3.0,3,2,8,7,BrownChromis,49.63969965730362,No,,,,NRL_nr,278.50765743415127,482.26544984297743,158.60654791886478,119.3303735327748,3.38027687022609,33.11348219572724,26.198935267560984,,0
8,266,No,3.0,3,2,8,8,BrownChromis,47.22623245846152,No,,,,NRL_nr,183.69280504212313,618.7080752814403,732.8749278142335,137.75975208625417,47.93442441143797,39.65278301236109,30.30829740173509,,0
8,266,No,3.0,3,2,8,9,BrownChromis,59.58742018882773,No,,,,NRL_nr,146.18822628237024,637.206722126085,957.11388791091,182.69142420686052,125.61812539100865,56.444903115946545,33.62336774546528,,0
8,266,No,3.0,3,2,8,10,BrownChromis,63.28549466466068,No,,,,NRL_nr,211.71450932079736,908.3462025433886,172.0937676023339,125.55731995807862,44.834181656699506,39.49663742295535,38.59567820222271,,0
8,266,No,3.0,3,2,8,11,BrownChromis,45.99864666621181,No,,,,NRL_nr,419.8715761901811,1729.649775912042,135.62103486884143,113.16396086446652,66.70961279830445,11.731253701264205,43.91214123299655,,0
8,266,No,3.0,3,2,8,12,BrownChromis,39.640972334459704,No,,,,NRL_nr,247.77110636720903,1209.2198679832725,90.47278888152157,78.38971739058601,26.484945004719684,34.57555883174544,23.967939587138957,,0
8,266,No,3.0,3,2,8,13,BrownChromis,45.737714310765135,No,,,,NRL_nr,159.9802218478275,1019.1062650842804,291.01414441346583,151.75773939209776,68.47298145738014,22.47080313184145,43.06834863142874,,0
8,266,No,3.0,3,2,8,14,BrownChromis,45.29052328678015,No,,,,NRL_nr,221.34064010825648,1067.2985073329394,278.91960555260584,147.26793604916872,86.88853293774004,41.58100975018203,46.267240643323966,,0
8,266,No,3.0,3,2,8,15,BrownChromis,40.376538330788435,No,,,,NRL_nr,187.54827988818488,1254.529334096345,634.5785783175563,141.13852454571617,90.08728901096592,37.81240920048094,37.94660391683079,,0
8,266,No,3.0,3,2,8,16,BrownChromis,41.19471595738439,No,,,,NRL_nr,200.77546844129432,1286.3638542707297,305.46820259639054,119.3147703532527,76.52012583878962,56.68121942164042,34.73104876297483,,0
8,266,No,3.0,3,2,8,17,BrownChromis,35.38381584664026,No,,,,NRL_nr,385.76464769978776,1966.8871715074924,248.9047474802343,127.03322519357567,88.38919740188614,38.32595012048592,46.39516395339573,,0
8,266,No,3.0,3,2,8,18,BrownChromis,28.528564193256315,No,,,,NRL_nr,320.93582771663375,1821.6581030714297,238.8963498055668,136.19267690777642,102.2506663561947,121.9551624478,45.376807815825366,,0
8,266,No,3.0,3,2,8,19,BrownChromis,35.8795123136065,No,,,,NRL_nr,406.0362164013883,1989.0962148375656,212.20194327500369,119.23760428935336,81.6719177703497,50.69830706747536,50.08724372990311,,0
8,266,No,3.0,3,2,8,20,BrownChromis,74.33671710020921,No,,,,NRL_nr,488.62882240579745,2222.181316299399,77.79631272315537,78.97296276300966,74.11229543488338,78.77395469762682,49.05725320148483,,0
8,266,No,3.0,3,2,8,21,BrownChromis,35.62106227804975,No,,,,NRL_nr,288.836269162337,1537.901416050517,155.4015074333737,114.13488510080016,72.89612309744341,55.23395634354786,51.940853759616225,,0
8,266,No,3.0,3,2,8,22,BrownChromis,35.77815937848149,No,,,,NRL_nr,205.81494977219555,1898.7174783228395,207.73509007920856,115.50648980001586,84.46603395914714,52.79499241276607,54.29261618069015,,0
8,266,No,3.0,3,2,8,23,BrownChromis,22.26660876639745,No,,,,NRL_nr,206.18705400185783,1866.871261133911,307.52133373730226,128.219649738342,89.79579774438974,45.56897278529394,50.72958368486471,,0
8,266,No,3.0,3,2,8,24,BrownChromis,25.883288228369953,No,,,,NRL_nr,143.25367700539346,1657.7186475720134,214.83813912373884,123.4471741389106,83.00977535525398,107.02011375754144,48.99452393377833,,0
8,266,No,3.0,3,2,8,25,BrownChromis,25.725827448103075,No,,,,NRL_nr,262.4489913349294,1933.2038169931575,396.9117936637344,132.9206636217463,89.49054276094947,16.79045310100683,46.49654733887403,,0
8,266,No,3.0,3,2,8,26,BrownChromis,19.5693279074016,No,,,,NRL_nr,264.4776377308489,1961.4154374098937,322.5838605885738,118.52202363668772,51.61212123199382,43.23972938875677,44.9374655917459,,0
8,266,No,3.0,3,2,8,27,BrownChromis,27.89010928277238,No,,,,NRNL_nr,208.15245910082297,1711.2630419239324,116.03137988638254,96.12642602448904,,116.07775769773768,63.48502250801068,,0
8,266,No,3.0,3,2,8,28,BrownChromis,38.16908596982284,No,,,,NRL_nr,332.18389659997206,1339.8436041937844,160.2009128447847,125.03901238406011,80.78478456941639,63.53192730629574,43.43364353947972,,0
8,266,No,3.0,3,2,8,29,BicolorDamselfish,27.826378203141136,No,,,,NRL_nr,90.9127759835962,1728.0371585677997,191.4077057391564,116.00713593537364,76.20804648885586,128.07100051223438,43.59674004339977,,0
8,266,No,3.0,3,2,8,30,BicolorDamselfish,37.78104350627597,No,,,,NRNL_nr,244.6174389916314,1912.752343281919,89.74926375393407,79.84299808682498,,146.62665503305,64.39377365249631,,0
8,266,No,3.0,3,2,8,31,BrownChromis,35.61469498166226,No,,,,NRNL_nr,127.58439626383554,1427.2777479069148,140.98836640548518,101.94443510837834,,130.28129867031933,56.345113319304005,,0
8,266,No,3.0,3,2,8,32,BrownChromis,,No,,,,NRUD,,,0.0,0.0,0.0,,,,0
8,266,No,3.0,3,2,8,33,Basslet,88.11555566313339,No,,,,NRL_nr,78.34662015609887,595.6364466526588,163.87690873725296,124.3204060014767,13.698872031508518,37.66992649598441,49.3501150938302,,0
8,266,No,3.0,3,2,8,34,BicolorDamselfish,34.689116500532414,No,,,,NRL_nr,23.733681414256676,1284.3092418244628,180.7698570966436,122.61569733978892,58.54889609918066,41.206821478466566,37.021486469380086,,0
8,266,No,3.0,3,2,8,35,BrownChromis,48.752865451320645,No,,,,NRNL_nr,276.21078057884466,995.727148261464,95.79775123731346,88.79992225333073,,86.93846345467011,65.28415626509599,,0
8,266,No,3.0,3,2,8,36,BrownChromis,31.42350740692616,No,,,,NRNL_nr,169.3788931326457,1746.774870640893,127.50768534749808,80.2589243582256,,145.03675021842207,68.55357800974022,,0
8,266,No,3.0,3,2,8,37,BrownChromis,23.410174144693315,No,,,,NRNL_nr,71.00354161071955,1731.7366203667534,176.5198116704402,94.84993889655289,,166.6244867578748,64.20846736559777,,0
8,267,No,4.0,3,2,9,1,BrownChromis,46.564087135747535,No,,,,NRL_nr,605.4936321327364,645.9657777989105,37.113604078927935,33.47293375323136,0.0,111.3347035622404,53.65551461936274,,0
8,267,No,4.0,3,2,9,2,BrownChromis,39.1767101270412,No,,,,NRL_nr,715.9202660126062,757.098475595779,49.45909705249208,42.56693608729143,15.401097173457757,160.43653022398345,43.28723176184903,,0
8,267,No,4.0,3,2,9,3,BrownChromis,45.8291032829391,No,,,,NRL_nr,728.6238347192302,1003.7308932756656,30.84543480342298,30.350462452339656,24.28150119853457,130.16931548165462,28.817462420828576,,0
8,267,No,4.0,3,2,9,4,BrownChromis,32.544836449039956,No,,,,NRL_nr,664.9900282611432,946.1317599284636,47.35861209064869,42.71760517204178,30.590937401277607,40.670834991705746,41.85994204923144,,0
8,267,No,4.0,3,2,9,5,BicolorDamselfish,29.029094432297125,No,,,,NRL_nr,166.53964441240456,1332.518353408076,23.48879750088861,33.287920821244185,17.001903087421816,58.794386257450746,32.90207887279111,,0
8,267,No,4.0,3,2,9,6,BrownChromis,35.927916009391474,No,,,,NRL_nr,238.5963032471389,1889.177214858926,99.72679216554616,48.15622054433114,19.679195978726263,19.155639965781297,42.51154245982717,,0
8,267,No,4.0,3,2,9,7,BrownChromis,41.69554238589014,No,,,,NRL_nr,351.87494005435116,1964.2072291600243,188.8086408333315,50.12458703035385,20.94456803323233,119.17752926914072,54.81514908423382,,0
8,267,No,4.0,3,2,9,8,BrownChromis,35.56618448630034,No,,,,NRL_nr,324.2645769360603,1989.236254453168,214.6958040110188,52.89810248484063,52.89810248484063,169.0189827031292,54.16545639722914,,0
8,267,No,4.0,3,2,9,9,BrownChromis,58.71158430014742,No,,,,NRL_nr,697.9406364640923,411.1761725893192,11.152359979993207,16.44201380070439,16.44201380070439,147.77207796408905,49.329416869405776,,0
8,267,No,4.0,3,2,9,10,BrownChromis,29.22976291647756,No,,,,NRL_nr,448.16923080644005,1987.2216267755864,81.50042889571023,44.80724215583093,33.293535896402254,55.008237754664336,45.913416663245414,,0
8,267,No,4.0,3,2,9,11,BrownChromis,43.10922567061961,No,,,,NRL_nr,536.6902085234914,2249.9268626108283,73.9254740186786,35.54820724776817,35.54820724776817,72.43286167529705,41.2941003899816,,0
8,267,No,4.0,3,2,9,12,BrownChromis,29.209791158459492,No,,,,NRL_nr,388.6008006882237,2067.424467475151,82.227921599762,40.72222483916365,29.418406966562667,80.7454381720377,38.90454337281785,,0
8,267,No,4.0,3,2,9,13,BrownChromis,23.465119187354,No,,,,NRL_nr,472.656837914236,2180.0706226616626,91.652398893272,46.110383824198394,20.33989671500245,87.94915140943138,46.88091944206962,,0
8,267,No,4.0,3,2,9,14,Basslet,62.51799344354181,No,,,,NRL_nr,562.728861301665,1294.4483944992644,19.967965355805248,20.99008984980672,20.99008984980672,155.45428577512013,15.603064545407824,,0
8,267,No,4.0,3,2,9,15,BrownChromis,31.656897607364655,No,,,,NRL_nr,543.5043765937936,978.4242660608344,21.922618967475245,24.420373244692993,20.59207891044658,144.23244269826972,14.836592876615146,,0
8,267,No,4.0,3,2,9,16,BrownChromis,,No,,,,NRUD,,,0.0,0.0,0.0,,,,0
8,267,No,4.0,3,2,9,17,BrownChromis,,No,,,,NRUD,,,0.0,0.0,0.0,,,,0
8,267,No,4.0,3,2,9,18,BrownChromis,,No,,,,NRUD,,,0.0,0.0,0.0,,,,0
8,267,No,4.0,3,2,9,19,BrownChromis,,No,,,,NRUD,,,0.0,0.0,0.0,,,,0
8,267,No,4.0,3,2,9,20,BrownChromis,26.971479850760893,No,,,,NRL_nr,207.28899762266695,1873.3414135637552,236.06343593164155,66.08524711273786,20.21517183412001,59.5996284779048,50.01927253141585,,0
8,267,No,4.0,3,2,9,21,BrownChromis,14.520862681310728,No,,,,NRL_nr,177.64160011822088,1894.3686236100443,210.8502317617881,69.41717002793345,10.68995268219544,136.3817716560202,50.8617473920857,,0
8,268,Yes,6.0,3,2,10,1,Doctorfish,,No,,1.0,2.0,NRUD,,,0.0,0.0,0.0,,,,0
8,268,Yes,6.0,3,2,10,2,BrownChromis,,No,,1.0,2.0,NRTC,419.1322380848222,1836.6396712457547,74.59806989799398,42.027498254073215,42.027498254073215,,40.40670310273931,,0
8,268,Yes,6.0,3,2,10,3,BrownChromis,39.086800908135714,No,,1.0,2.0,NRL_r,152.96945559397636,827.7217407480365,53.44619683545569,39.14680634176514,11.742386747228998,160.88697812228102,54.10514568153483,,0
8,268,Yes,6.0,3,2,10,4,BrownChromis,51.91914801636654,No,,1.0,2.0,NRL_r,68.21330334772513,1229.4659293382097,195.1698608759446,69.07522645309813,46.48497327549865,85.18939067793782,44.057328533322725,,0
8,268,Yes,6.0,3,2,10,5,BrownChromis,37.176656368331074,Yes,2399.0,0.0,1.0,FR,505.254610525367,829.0221119299586,35.119282414232664,31.75579056995392,8.9645810652265,28.210965630843067,6.298264530157504,648.8185509370318,1
8,268,Yes,6.0,3,2,10,6,BicolorDamselfish,29.455938687835296,No,,1.0,2.0,NRNL_r,116.66370928996491,1663.5035318850323,54.97514687852104,39.35639430895325,,159.20259586222144,59.23014106442559,,0
8,268,Yes,6.0,3,2,10,7,BrownChromis,40.04292252989079,No,,1.0,2.0,NRL_r,205.75744408486656,1787.016574346551,97.01583593064488,40.91133291205021,33.98131073277296,141.3183377385388,50.423652704305006,,0
8,268,Yes,6.0,3,2,10,8,BicolorDamselfish,21.434095525359425,No,,1.0,2.0,NRL_r,164.6068832773973,1697.2724446117843,114.93900327498103,48.800681949253814,26.392950757414543,146.07427014881983,44.86958374203639,,0
8,268,Yes,6.0,3,2,10,9,BrownChromis,20.533600837065983,No,,1.0,2.0,NRL_r,368.2743332931683,1984.6521077235404,90.13640175471188,33.129755450557866,33.129755450557866,110.1750263611297,40.61740812154814,,0
8,268,Yes,6.0,3,2,10,10,BrownChromis,41.90174615259956,No,,1.0,2.0,NRNL_r,1.0390721299676566,1120.287142143988,313.2643944604655,66.33328618064597,,103.72588271682866,61.05679570986079,,0
8,268,Yes,6.0,3,2,10,11,BrownChromis,26.254155674757424,No,,1.0,2.0,NRNL_r,2.745573457854418,1165.1132225806955,314.4836811314491,80.91495718837609,,92.43724669979562,59.01923842542377,,0
8,268,Yes,6.0,3,2,10,12,BrownChromis,37.03376604417599,No,,1.0,2.0,NRNL_r,133.590020959459,1369.69266772168,79.49397533191436,54.96931335022897,,52.267750604395815,57.93906922936849,,0
8,268,Yes,6.0,3,2,10,13,BrownChromis,48.08816147542885,No,,1.0,2.0,NRL_r,259.14651693417386,1544.4896725627325,29.404952997872652,31.162968351582485,27.620846642403325,71.91529541640814,22.92190826040325,,0
8,268,Yes,6.0,3,2,10,14,BrownChromis,50.46059272401659,No,,1.0,2.0,NRL_r,111.79388335308391,1284.551033834696,142.31333386873942,59.238131062140944,30.1539006856345,74.29058024949923,48.326706773254166,,0
8,268,Yes,6.0,3,2,10,15,BrownChromis,26.776037462835728,No,,1.0,2.0,NRL_r,7.327946921106148,1059.1666522008234,50.9542399106526,41.49560698630585,13.278688797447415,169.06560864110423,29.669742359012115,,0
8,268,Yes,6.0,3,2,10,16,BrownChromis,38.6725952123914,No,,1.0,2.0,NRL_r,17.720150283562912,641.023013470461,36.61105877437852,27.14986729126868,4.411013693259836,159.70607595653323,46.60398213466417,,0
8,268,Yes,6.0,3,2,10,17,Tilefish,60.63796015588251,No,,1.0,2.0,NRL_r,506.10310083945393,960.9719882123952,33.11457182577014,27.6162966647788,2.444523671611949,137.095805975607,21.91021600246389,,0
8,268,Yes,6.0,3,2,10,18,BrownChromis,16.704882413045624,No,,1.0,2.0,NRL_r,298.49343605594083,1919.4729567961097,121.04985310932268,39.35271935739503,31.51646887314347,93.863520658946,45.17589016438357,,0
8,268,Yes,6.0,3,2,10,19,BrownChromis,31.20063626256027,No,,1.0,2.0,NRL_r,269.1871455354626,720.6954589330109,44.19783358438797,29.034717316698703,0.8931734977276582,51.74428650044009,24.5620280234663,,0
8,269,No,5.0,3,2,11,1,Basslet,90.41847949342116,No,,,,NRNL_nr,248.3430358416255,1783.390037318248,20.111447100614257,19.673188679599463,,12.513186518430915,69.937906827755,,0
8,269,No,5.0,3,2,11,2,BrownChromis,38.7977059076119,No,,,,NRNL_nr,230.13211403140983,751.8651044237199,21.170613157079625,28.97767119064555,,102.35713985543268,72.31229684810542,,0
8,269,No,5.0,3,2,11,3,BrownChromis,39.31840199377688,No,,,,NRL_nr,284.51279869736163,1937.236029593322,329.25716832654905,62.55188456387403,62.55188456387403,34.56044883873342,43.77765778468788,,0
8,269,No,5.0,3,2,11,4,BrownChromis,33.56638057848467,No,,,,NRL_nr,263.4702665835689,1934.8614824543715,351.80332363302153,47.1305717086009,30.56774365420395,73.73933237783012,42.03800377816469,,0
8,269,No,5.0,3,2,11,5,BrownChromis,36.73422010133575,No,,,,NRL_nr,193.49376242091833,1891.7671464478744,269.1635443009403,60.98479758126405,27.126933381637752,112.85594924942116,39.08633764066494,,0
8,269,No,5.0,3,2,11,6,BrownChromis,25.051041689303712,No,,,,NRL_nr,247.55568215456665,1949.1893028484133,211.3005255651847,60.173483538090515,47.23810501973194,144.86831720010363,39.49699237192953,,0
8,269,No,5.0,3,2,11,7,BrownChromis,29.465580472068783,No,,,,NRL_nr,267.0790844519978,1877.7830483359253,179.88200943791173,49.80980744769033,49.80980744769033,87.57441744276811,34.19244418007256,,0
8,269,No,5.0,3,2,11,8,BrownChromis,,No,,,,NRTC,488.5644847309909,2099.082075098089,76.9659733519445,40.66278268585979,40.66278268585979,,32.40502522851996,,0
8,269,No,5.0,3,2,11,9,BrownChromis,25.684816996754744,No,,,,NRL_nr,119.127332097743,1332.129298387525,36.41188827362377,34.038692224466374,9.441429156369896,174.72878943614865,30.32021625031976,,0
8,269,No,5.0,3,2,11,10,BrownChromis,16.12462263189164,No,,,,NRL_nr,105.87919069789562,1773.7896448537583,617.3468839489768,78.1572220049855,40.05191998462964,69.64297483094565,49.32768695979589,,0
8,269,No,5.0,3,2,11,11,BrownChromis,13.85504510011162,No,,,,NRL_nr,148.06260264955864,1824.4561562680417,655.1029527335567,70.89855909694494,51.887440837393875,125.25870391917464,49.47574325651703,,0
8,269,No,5.0,3,2,11,12,BicolorDamselfish,30.218511883681927,No,,,,NRL_nr,39.08022155066172,1690.9180749498466,243.97253489420868,57.80640247429663,16.257422582174947,71.19247999815741,50.23838041977032,,0
8,269,No,5.0,3,2,11,13,BicolorDamselfish,31.86524977928376,No,,,,NRL_nr,57.90720523639043,1696.8602417331658,180.6900620324812,61.2878020274628,26.763900306406985,51.14541033576309,39.93800966840615,,0
8,269,No,5.0,3,2,11,14,BrownChromis,46.66464733494503,No,,,,NRNL_nr,549.8873065718789,445.2004347694947,48.56279438537669,33.54482011026961,,98.46891903383856,106.17560145204796,,0
8,269,No,5.0,3,2,11,15,BrownChromis,31.050782219689793,No,,,,NRNL_nr,539.5085993515492,357.09826972991186,180.06795977763952,48.191353523477176,,132.12467331773664,100.96158862402535,,0
8,269,No,5.0,3,2,11,16,BrownChromis,41.984702983166905,No,,,,NRNL_nr,481.29280345151506,369.0877981027009,378.6297204976238,45.46969749878188,,133.88301825055777,87.15757367074791,,0
8,269,No,5.0,3,2,11,17,BrownChromis,,No,,,,NRUD,,,0.0,0.0,0.0,,,,0
8,269,No,5.0,3,2,11,18,BrownChromis,36.87764565327783,No,,,,NRL_nr,760.9875893104515,1206.0500611819416,13.175636907661987,20.882197892481983,8.881584389160608,142.04154607095336,14.661862284276964,,0
8,269,No,5.0,3,2,11,19,BrownChromis,,No,,,,NRUD,,,0.0,0.0,0.0,,,,0
8,269,No,5.0,3,2,11,20,BrownChromis,,No,,,,NRUD,,,0.0,0.0,0.0,,,,0
8,269,No,5.0,3,2,11,21,BrownChromis,24.20445120497944,No,,,,NRL_nr,614.3385220555224,730.646001487335,223.40979000457656,70.49290690176483,64.61725238855242,127.7817207942478,36.810011574815285,,0
8,269,No,5.0,3,2,11,22,Tilefish,91.99607831203174,No,,,,NRL_nr,582.3419778612353,773.8646391130409,223.17290038380307,40.91334708345931,19.6156349232599,112.22817836451898,34.191786533909635,,0
8,269,No,5.0,3,2,11,23,BrownChromis,17.835806877886068,No,,,,NRL_nr,112.95477508527394,1737.9989415279376,200.1208723127191,70.55148757057233,33.88369868348352,103.36246818098486,36.590198216491686,,0
8,270,Yes,8.0,3,2,12,1,BrownChromis,36.08839355404631,No,,1.0,2.0,NRL_r,248.24801298675297,1516.043588544968,104.15613760365731,66.66698533420592,43.78602643048006,43.41970156272479,26.174264115259753,,0
8,270,Yes,8.0,3,2,12,2,BrownChromis,37.53042569513053,No,,1.0,2.0,NRNL_r,341.3700889201449,509.4169065832145,134.6768054913253,72.4581341274533,,66.35242847220162,78.03237876174393,,0
8,270,Yes,8.0,3,2,12,3,BrownChromis,29.766382645496535,No,,1.0,2.0,NRL_r,367.1281759247405,1777.37011705513,99.95659556469828,89.61934264081007,65.74341109100865,10.444702628367208,29.581346553524885,,0
8,270,Yes,8.0,3,2,12,4,DuskyDamselfish,62.00386622174595,No,,1.0,2.0,NRL_r,168.91118812504916,1804.4152149699175,104.96943137147044,94.92416178770758,25.320947295571862,84.15544244087747,38.09993774577043,,0
8,270,Yes,8.0,3,2,12,5,BrownChromis,29.758669778568606,No,,1.0,2.0,NRNL_r,332.4759962472144,665.8507296646177,147.47790652801137,74.9240265668645,,156.8233616404768,78.3446403201235,,0
8,270,Yes,8.0,3,2,12,6,BrownChromis,25.831720188200055,No,,1.0,2.0,NRL_r,187.31695707457797,1833.5087740017248,73.12077030358448,78.74734321197738,70.8228877242965,24.887468506148966,41.77459989371585,,0
8,270,Yes,8.0,3,2,12,7,BrownChromis,40.187234232657545,No,,1.0,2.0,NRNL_r,366.65849357206486,755.7803640456062,108.33058323880827,63.98306751546746,,96.79209797686585,84.35327424320336,,0
8,270,Yes,8.0,3,2,12,8,BrownChromis,59.98118335316962,No,,1.0,2.0,NRL_r,55.1618021722049,1814.8314912599012,357.6437783241074,177.5056651753445,55.445352688783586,38.90759877695402,21.54414762032297,,0
8,270,Yes,8.0,3,2,12,9,BrownChromis,45.06941795540937,No,,1.0,2.0,NRNL_r,406.86812106950447,411.69008049007584,243.17195060479756,89.67140028877346,,76.99610066210558,85.79523306830632,,0
8,270,Yes,8.0,3,2,12,10,BrownChromis,19.44528808639798,No,,1.0,2.0,NRL_r,76.3509260217081,1521.3105454404,117.6169666037333,83.06365686246201,61.55293476561652,15.308317192548603,33.3456255380409,,0
8,270,Yes,8.0,3,2,12,11,BrownChromis,37.69836236291354,No,,1.0,2.0,NRNL_r,94.8813807323083,1489.7996954333032,39.32566946891554,54.1923068703961,,116.2559482153535,61.41276439710688,,0
8,270,Yes,8.0,3,2,12,12,BrownChromis,18.46985134350951,No,,1.0,2.0,NRL_r,90.76712090396578,1798.7457861171183,45.20387343163292,63.71203726331704,63.71203726331704,11.452581637129734,51.75115174690183,,0
8,270,Yes,8.0,3,2,12,13,BrownChromis,44.51774758949957,Yes,2391.0,0.0,1.0,FR,426.84105087329664,283.9350784066663,52.34835952842646,57.71748814285968,40.591723411182066,131.6780309729127,35.939378240310404,1341.4431977940685,1
8,270,Yes,8.0,3,2,12,14,BrownChromis,34.72923206493657,No,,1.0,2.0,NRL_r,139.08502964604898,1601.552649716683,171.61071890392228,92.383490103268,27.644093870313533,22.478967398996176,27.392478109754883,,0
8,270,Yes,8.0,3,2,12,15,BrownChromis,78.9402630700964,No,,1.0,2.0,NRNL_r,446.0412645307837,335.45696963205745,747.6086802655401,71.90243524747392,,63.62773883183325,87.60467443120992,,0
8,270,Yes,8.0,3,2,12,16,BrownChromis,16.00875640530201,No,,1.0,2.0,NRL_r,66.73923147895957,1186.7590808210098,54.167123057593585,64.48061586177329,29.753947571917752,59.84296971106757,21.960909970055933,,0
8,270,Yes,8.0,3,2,12,17,BicolorDamselfish,66.1855423440894,No,,1.0,2.0,NRL_r,91.43345512165796,795.8567197268567,57.46311414875181,54.77489724600707,26.71759008360077,87.70654375584472,53.34191808921924,,0
8,270,Yes,8.0,3,2,12,18,BrownChromis,30.4350276242976,No,,1.0,2.0,NRNL_r,40.52822732412687,685.9210476612238,53.328398579387546,63.81888587906395,,176.33922552100378,55.412293706842966,,0
8,270,Yes,8.0,3,2,12,19,BrownChromis,43.00962291903028,No,,1.0,2.0,NRL_r,9.930105944053548,1816.204753895533,205.0421795255011,141.09265950941443,17.627021846228104,70.10824517494322,15.557644854003216,,0
8,270,Yes,8.0,3,2,12,20,BrownChromis,28.073732869408435,No,,1.0,2.0,NRL_r,311.5720617548901,1951.333718566621,95.53695353834657,99.30090036653256,31.63452636808626,51.8658457380825,35.21921475349973,,0
8,270,Yes,8.0,3,2,12,21,BrownChromis,23.51819703074337,No,,1.0,2.0,NRNL_r,101.33665983236769,1208.1523860888683,41.21790410190701,52.95196410038182,,76.5874716190832,69.69346473975328,,0
8,270,Yes,8.0,3,2,12,22,BrownChromis,,No,,1.0,2.0,NRUD,,,0.0,0.0,0.0,,,,0
8,270,Yes,8.0,3,2,12,23,BrownChromis,,No,,1.0,2.0,NRUD,,,0.0,0.0,0.0,,,,0
8,270,Yes,8.0,3,2,12,24,BrownChromis,,No,,1.0,2.0,NRUD,,,0.0,0.0,0.0,,,,0
8,270,Yes,8.0,3,2,12,25,BrownChromis,,No,,1.0,2.0,NRUD,,,0.0,0.0,0.0,,,,0
8,270,Yes,8.0,3,2,12,26,Basslet,,No,,1.0,2.0,NRUD,,,0.0,0.0,0.0,,,,0
8,270,Yes,8.0,3,2,12,27,Wrasse,45.65037184051836,No,,1.0,2.0,NRL_r,126.65004525058612,1879.2488155495173,4610.97845370369,337.32443555058506,198.43567534861796,37.89287171005146,26.68089169253582,,0
8,270,Yes,8.0,3,2,12,28,Wrasse,20.096065876930993,No,,1.0,2.0,NRL_r,105.57973176351229,1893.172428880382,10188.661754097357,448.4246084339332,380.6455204554264,124.6735661210208,25.673104580342446,,0
8,270,Yes,8.0,3,2,12,29,Wrasse,30.136052729943664,No,,1.0,2.0,NRL_r,114.48737093350968,1900.9131046817372,10610.558895865865,372.4820184999258,79.98468546206121,26.705355162287656,25.77699382641373,,0
8,270,Yes,8.0,3,2,12,30,Wrasse,27.07655218610251,No,,1.0,2.0,NRL_r,132.38886826743214,1902.2418128721415,4286.2409603942815,322.0521303563852,223.6800258735069,40.41464938884586,26.12818215412615,,0
8,270,Yes,8.0,3,2,12,31,Wrasse,249.55589734012693,No,,1.0,2.0,NRL_r,171.9713742483984,1781.6419810899276,417.2173427430276,114.05022390525836,88.48354106203044,128.26328333762274,26.064139927818523,,0
8,270,Yes,8.0,3,2,12,32,BicolorDamselfish,,No,,1.0,2.0,NRUD,,,0.0,0.0,0.0,,,,0
8,270,Yes,8.0,3,2,12,33,BrownChromis,70.064693466829,No,,1.0,2.0,NRL_r,0.6615431967094361,1818.4284687109575,531.351835332459,134.27989299758357,17.89381853799609,177.15719451441888,18.513189819394803,,0
8,270,Yes,8.0,3,2,12,24,BrownChromis,,No,,1.0,2.0,NRUD,,,0.0,0.0,0.0,,,,0
8,271,No,7.0,3,2,13,1,BrownChromis,43.00762307269897,No,,,,NRL_nr,480.1054691830125,1173.1972716657235,42.465360325482045,37.47629619701563,25.385752428167223,43.331949394170515,2.953009375629282,,0
8,271,No,7.0,3,2,13,2,BrownChromis,42.57000738596861,No,,,,NRL_nr,504.33491794778354,1124.6568294467727,53.763920101944,36.01749151585533,20.389629600699024,72.66096465109906,6.1817200235017005,,0
8,271,No,7.0,3,2,13,3,BrownChromis,59.30360537314274,No,,,,NRL_nr,537.1242740380458,2182.350355636447,41.13203918207979,34.976612300023874,23.091870010834025,38.67954890776116,34.515217134136165,,0
8,271,No,7.0,3,2,13,4,BrownChromis,46.694368962325285,No,,,,NRNL_nr,100.39811739524288,1389.0379926768987,221.1801124126956,90.32913426665836,,125.54717446428376,69.03707612373937,,0
8,271,No,7.0,3,2,13,5,BrownChromis,36.56290339163382,No,,,,NRNL_nr,124.58816399888394,1398.561098694127,424.1577551537867,107.65082023698442,,5.613613975440288,67.09803097868446,,0
8,271,No,7.0,3,2,13,6,BrownChromis,61.532874896747245,No,,,,NRNL_nr,458.693456111563,1953.716392817744,45.49261728986137,51.003836720572174,,78.07611182536495,58.71486635308114,,0
8,271,No,7.0,3,2,13,7,BicolorDamselfish,29.526449286066004,No,,,,NRL_nr,247.4770870095425,1958.3268795331871,136.5072185562232,73.36036099472918,41.08440183705609,150.68272702143523,45.86105568749474,,0
8,271,No,7.0,3,2,13,8,BrownChromis,43.36356840826288,No,,,,NRNL_nr,427.106157472781,1585.1805960954512,37.81922548241387,49.05583952641373,,144.67606763689133,79.40900143039853,,0
8,271,No,7.0,3,2,13,9,BrownChromis,64.93178674092336,No,,,,NRL_nr,370.44276656843135,1871.1410058258523,45.62300244176946,44.86088103130856,44.86088103130856,114.84281637929016,28.84021375808275,,0
8,271,No,7.0,3,2,13,10,BrownChromis,30.336136714280407,No,,,,NRL_nr,483.96667230663707,1197.5636186375575,99.82847376054788,56.594920008084365,16.377659819055246,111.6552204256632,44.15558065728099,,0
8,271,No,7.0,3,2,13,11,BrownChromis,45.35237667611165,No,,,,NRL_nr,387.4933201146171,1248.435661896024,97.67608600508864,51.48177314640487,21.908980113876066,119.45140934721589,41.369739200097705,,0
8,271,No,7.0,3,2,13,12,Parrotfish,101.85189388684977,No,,,,NRNL_nr,913.3314344247397,2698.8775020720395,15.668550012031575,28.657867493402815,,54.99787696498444,55.2109379633056,,0
8,271,No,7.0,3,2,13,13,BrownChromis,,No,,,,NRUD,,,0.0,0.0,0.0,,,,0
8,271,No,7.0,3,2,13,14,BrownChromis,25.740523848453257,No,,,,NRL_nr,179.35496593364036,1839.5053581116465,144.45090547765963,73.29680265568305,24.42915209359677,70.50108551365838,37.52651640938694,,0
8,271,No,7.0,3,2,13,15,BrownChromis,24.485441961242383,No,,,,NRL_nr,145.311311818931,1863.3496284774644,173.38466066445469,74.11252354010726,40.06514095904098,153.89794444724038,41.43301995727146,,0
8,271,No,7.0,3,2,13,16,BrownChromis,30.550701034922053,No,,,,NRL_nr,269.1634973823666,1985.349473983468,95.57276489172509,69.5416013941436,42.54388558178686,107.39773304347008,54.39283231046624,,0
8,271,No,7.0,3,2,13,17,BrownChromis,39.47382507364385,No,,,,NRL_nr,324.482303951188,2006.2165379887265,128.292247253953,73.19903532137386,52.27902816189304,30.439343281713153,48.86553409637273,,0
8,271,No,7.0,3,2,13,18,BrownChromis,52.16224907803811,No,,,,NRNL_nr,244.5513849650796,1383.020525846976,193.47835645957164,74.94681890738822,,114.6244665961836,72.27542554752847,,0
8,271,No,7.0,3,2,13,19,BrownChromis,18.690796088382022,No,,,,NRNL_nr,90.71868210244112,1233.4161873567,277.1526178948277,75.37322845608583,,29.899922925175275,68.99268383308352,,0
8,271,No,7.0,3,2,13,20,BrownChromis,35.7690446903782,No,,,,NRNL_nr,97.74378370559242,1336.8253831628076,429.9418518079268,101.13709134111204,,45.597452283316485,66.04442651826325,,0
8,271,No,7.0,3,2,13,21,BicolorDamselfish,31.699529156598924,No,,,,NRL_nr,16.217106134419524,1676.8096548699452,88.99741372414127,68.0794264812408,24.74884468016769,104.59592893909458,51.252433747887935,,0
8,271,No,7.0,3,2,13,22,BicolorDamselfish,28.66928523229939,No,,,,NRNL_nr,42.84036540450221,1680.6022088534278,79.77675237636485,69.34786751987136,,97.80282794009251,59.12296833445813,,0
8,271,No,7.0,3,2,13,23,BrownChromis,51.17082735374901,No,,,,NRL_nr,98.60876171192228,596.1399268043967,17.908453427651132,34.95961081093265,5.648440882909739,99.35780652213818,39.25446963741052,,0
8,272,No,2.0,3,2,14,1,BrownChromis,49.760654611951914,No,,,,NRNL_nr,387.2571999543471,696.2813922757297,35.23610520993036,49.69722983994507,,50.60553737454216,80.49634195321956,,0
8,272,No,2.0,3,2,14,2,BrownChromis,63.4120446506093,No,,,,NRNL_nr,629.3909342792614,1635.2913549826924,73.74115455896315,78.29101545903067,,106.0426140239626,76.87321042299699,,0
8,272,No,2.0,3,2,14,3,BrownChromis,39.225031429510494,No,,,,NRNL_nr,545.1887362338443,1753.8321739509715,70.56714929619726,80.13730552936902,,69.8565831346629,81.85646434267109,,0
8,272,No,2.0,3,2,14,4,BrownChromis,75.48414359504368,No,,,,NRNL_nr,666.849805139589,1613.1619301776675,73.74912720032374,76.09361714542857,,86.54888623014075,83.13298498756473,,0
8,272,No,2.0,3,2,14,5,BrownChromis,42.48406941124227,No,,,,NRNL_nr,452.6739234683343,1144.0770461246475,58.111252113888696,69.99020692682016,,79.45199455085516,80.44161476681062,,0
8,272,No,2.0,3,2,14,6,BrownChromis,48.99578968551732,No,,,,NRNL_nr,385.9949393356184,1687.586276209248,80.82422330678276,80.21131133067254,,94.97644557323444,55.23225209643698,,0
8,272,No,2.0,3,2,14,7,BrownChromis,37.60587116482368,No,,,,NRL_nr,419.53745088748025,1958.2597226709604,100.16429132497288,86.07480125482509,66.35079991936202,125.64831262185427,47.66820322156083,,0
8,272,No,2.0,3,2,14,8,BrownChromis,37.8558042362651,No,,,,NRL_nr,407.7420882137664,2039.0684899252617,95.65832919702868,92.82519004390024,50.37460837566525,147.2889359205342,41.57372372616905,,0
8,272,No,2.0,3,2,14,9,BrownChromis,45.79488401711645,No,,,,NRNL_nr,615.2416654723285,1883.2570771218384,40.76796976004139,56.69627296683137,,124.48564300714,91.64328032523208,,0
8,272,No,2.0,3,2,14,10,BrownChromis,37.705852784709585,No,,,,NRNL_nr,355.7897967000903,1436.527162062849,975.7915332412726,164.2408197982539,,62.08823658134514,77.31896327671238,,0
8,272,No,2.0,3,2,14,11,BrownChromis,23.211795126176117,No,,,,NRNL_nr,302.6949616547091,1449.06547621448,1027.3580000754166,160.4283211770134,,44.8542175045787,75.41853812070372,,0
8,272,No,2.0,3,2,14,12,BicolorDamselfish,37.11319156120301,No,,,,NRNL_nr,111.816228072088,1656.6856931235038,126.65854483632924,93.5030837279783,,70.84433968116568,56.151593420346494,,0
8,272,No,2.0,3,2,14,13,BicolorDamselfish,28.922071049925393,No,,,,NRL_nr,138.06808957922348,1616.6756471975286,69.98454490071224,74.54979349677302,50.74823152883592,109.89800427443562,44.29984639214994,,0
8,272,No,2.0,3,2,14,14,BrownChromis,37.030395020480064,No,,,,NRNL_nr,218.10532923068192,1408.6519050039835,536.3128745959644,131.92861243177765,,69.59825573008608,72.88395045854045,,0
8,272,No,2.0,3,2,14,15,BrownChromis,31.267984159683035,No,,,,NRNL_nr,72.80429373332315,672.1632525476248,26.86033673044889,47.70660779175811,,112.39933508639916,58.35841393958763,,0
8,272,No,2.0,3,2,14,16,BrownChromis,50.1374068582025,No,,,,NRL_nr,569.0585677011597,2209.240589309836,95.1486567490993,87.26160164261442,56.93226993247196,176.4146252344266,47.187424393864184,,0
8,272,No,2.0,3,2,14,17,BrownChromis,40.66924642280522,No,,,,NRNL_nr,306.2811569791955,1807.2766283356275,120.56875446026235,97.05092891441848,,43.9637700788334,63.11181750046365,,0
8,272,No,2.0,3,2,14,18,BrownChromis,36.0741802063516,No,,,,NRNL_nr,320.4100932116897,1843.6550718156225,97.59128685192265,91.00133779190536,,126.07459299121878,68.32784629934551,,0
8,272,No,2.0,3,2,14,19,DuskyDamselfish,63.629504630758795,No,,,,NRNL_nr,352.17297948682204,2112.7117596740636,50.28697419376716,77.30934088629485,,75.08807151065187,56.71139983178804,,0
8,272,No,2.0,3,2,14,20,BrownChromis,30.915675560477005,No,,,,NRNL_nr,245.649615062243,1464.7630290393802,108.37964444916798,98.16564779050022,,161.27725996344765,61.85609596020564,,0
8,272,No,2.0,3,2,14,21,Parrotfish,135.16426057268436,No,,,,NRNL_nr,607.022978635126,2391.85553662827,36.15889497668723,49.492404889476035,,165.6389444008227,61.71720809145463,,0
8,272,No,2.0,3,2,14,22,BrownChromis,48.077254930118585,No,,,,NRNL_nr,304.31456299720094,1423.588970529879,1631.6840662929103,182.9609063832193,,40.99777035334449,74.94261621383276,,0
8,272,No,2.0,3,2,14,23,BrownChromis,32.74002505024489,No,,,,NRNL_nr,226.2972494962685,1302.3213669992886,437.9097492141439,129.272123252296,,94.425294061609,74.21521113982065,,0
8,272,No,2.0,3,2,14,24,BrownChromis,30.87966420365184,No,,,,NRNL_nr,306.08296029392665,1379.812070534114,2958.345774108794,207.42903471785337,,156.06066265864902,75.76292276063423,,0
8,272,No,2.0,3,2,14,25,BrownChromis,42.36781060370624,No,,,,NRL_nr,320.1840654052744,1937.6319682396283,102.45169058685543,86.52833312347015,75.01327692489322,112.35199743785196,54.91631060767409,,0
8,272,No,2.0,3,2,14,26,BrownChromis,45.48933297798074,No,,,,NRL_nr,418.3446868812751,2102.037958384056,112.43957592134969,95.29153658102084,51.31454661866374,27.72723143337513,44.969785084190256,,0
8,272,No,2.0,3,2,14,27,Snapper,119.14047098939936,No,,,,NRNL_nr,750.3723813036092,466.105680616142,9.225966563780563,24.23885576155819,,153.4594098603285,92.88438905962052,,0
8,272,No,2.0,3,2,14,28,BicolorDamselfish,26.750300039877864,No,,,,NRNL_nr,42.22531765392143,1445.611227998378,113.52362437427414,98.51771330966312,,101.84540193925736,58.77124808011549,,0
8,273,No,6.0,3,2,15,1,BicolorDamselfish,37.68838040431028,No,,,,NRNL_nr,135.6874278657778,1158.826209043014,102.94263175362757,88.70220278673433,,133.03495267582346,66.97622890221383,,0
8,273,No,6.0,3,2,15,2,BrownChromis,70.19808448248811,No,,,,NRNL_nr,633.3012065289824,1277.6013137459818,180.84517270441827,86.54838768494348,,114.2052740224869,80.85234098462759,,0
8,273,No,6.0,3,2,15,3,BrownChromis,40.32605365271662,No,,,,NRNL_nr,408.5546102020098,588.1577944367216,33.31456056195067,48.70969358448664,,134.95033609408134,86.02196004940085,,0
8,273,No,6.0,3,2,15,4,BrownChromis,40.27170594138967,No,,,,NRNL_nr,617.8788330551519,1350.135472514223,190.39041713277248,108.02404914072812,,97.8926799825392,83.04597826048355,,0
8,273,No,6.0,3,2,15,5,BrownChromis,82.92791365226329,No,,,,NRNL_nr,292.7490738686356,1804.9543424631852,106.51675096886252,95.76727372700172,,99.42373063618577,71.75147177476859,,0
8,273,No,6.0,3,2,15,6,BrownChromis,40.09992973796898,No,,,,NRNL_nr,230.86121883616252,1639.2744970925517,162.86757794589226,94.86089671390056,,41.7970125802856,60.57015038998416,,0
8,273,No,6.0,3,2,15,7,BrownChromis,45.16389433347879,No,,,,NRNL_nr,425.5456655099549,1165.5377546118852,114.20060158715864,88.68431830546022,,35.1624408688241,82.19186271548259,,0
8,273,No,6.0,3,2,15,8,BrownChromis,33.906375258763575,No,,,,NRNL_nr,173.00069389552473,1662.3361115886742,142.38044194530386,108.50255111578768,,58.05735701515624,69.24365010298509,,0
8,273,No,6.0,3,2,15,9,BrownChromis,40.94516733023723,No,,,,NRNL_nr,298.9776863774333,1533.3016124882074,139.5110415563195,105.9953803750084,,104.61875236233448,74.44403492001643,,0
8,273,No,6.0,3,2,15,10,BrownChromis,31.077677001843576,No,,,,NRNL_nr,367.18012399349226,1354.6826460039854,134.10406470292637,103.23627551887428,,71.48369135468886,78.89555043051108,,0
8,273,No,6.0,3,2,15,11,BrownChromis,42.79138733491663,No,,,,NRL_nr,252.9496415335209,1786.4263537881218,143.12843049295546,86.81045994852137,17.755492757177308,132.9836696675951,54.82901365777096,,0
8,273,No,6.0,3,2,15,12,BrownChromis,52.114549925924024,No,,,,NRNL_nr,276.04241123779735,1301.3219077175124,136.88690874303057,100.470210644829,,77.3112046285266,64.93855144370679,,0
8,273,No,6.0,3,2,15,13,BrownChromis,64.78031946000046,No,,,,NRNL_nr,547.1791223330997,1116.372873938427,49.919672496939015,63.74900123382408,,167.606894077832,60.5559207975122,,0
8,273,No,6.0,3,2,15,14,BrownChromis,40.45167522960168,No,,,,NRL_nr,0.2257266931915432,932.5092210636444,25.18008811281678,41.43953078838675,2.599424616780899,20.349613678238946,30.464578885614955,,0
8,273,No,6.0,3,2,15,15,Basslet,53.69140231260518,No,,,,NRNL_nr,264.29807148046194,1598.5683424171636,72.41816099272735,84.00369232187052,,81.81357018382279,68.93487514637955,,0
8,273,No,6.0,3,2,15,16,BrownChromis,25.197280217940605,No,,,,NRNL_nr,416.14144716705255,1251.7651070425334,161.096640363693,107.8451930252152,,107.50643376606374,74.49023212531431,,0
8,273,No,6.0,3,2,15,17,BrownChromis,43.45203501657378,No,,,,NRNL_nr,411.49129604073744,1508.9774384770967,114.48021122116516,95.67104888776797,,134.32637027842804,64.71292742151344,,0
8,273,No,6.0,3,2,15,18,BrownChromis,43.893441305360525,No,,,,NRL_nr,73.43521628674623,1251.990304495179,37.726748172640086,53.74186143845695,5.321994490064189,129.47262907006805,33.667468653626464,,0
8,273,No,6.0,3,2,15,19,BrownChromis,35.43638879785848,No,,,,NRNL_nr,663.8991938658004,476.4946135946399,24.27996281823164,35.178759212946744,,98.2418903399609,69.70487162419599,,0
8,273,No,6.0,3,2,15,20,BrownChromis,45.30456735697728,No,,,,NRNL_nr,733.3700834619224,370.24999875826865,28.94333281817863,34.99923714159968,,125.21137885197206,109.00906237457274,,0
8,273,No,6.0,3,2,15,21,BrownChromis,31.422556788536827,No,,,,NRNL_nr,546.0966990492883,435.5986589777923,30.015269141058077,36.75280387655205,,31.98278567882122,104.07278866107976,,0
8,273,No,6.0,3,2,15,22,BrownChromis,,No,,,,NRUD,,,0.0,0.0,0.0,,,,0
8,273,No,6.0,3,2,15,23,Snapper,112.97958815845617,No,,,,NRNL_nr,440.337855943079,1998.352046017718,102.55687789319128,68.77767004937166,,145.86849610986826,71.37189901877416,,0
8,273,No,6.0,3,2,15,24,Snapper,,No,,,,NRTC,1574.3430770568204,3579.6247106794954,5.523716784243012,21.658706400015948,,,56.741353037518024,,0
8,273,No,6.0,3,2,15,25,Snapper,,No,,,,NRUD,,,0.0,0.0,0.0,,,,0
8,273,No,6.0,3,2,15,26,Snapper,,No,,,,NRUD,,,0.0,0.0,0.0,,,,0
8,273,No,6.0,3,2,15,27,Snapper,,No,,,,NRUD,,,0.0,0.0,0.0,,,,0
8,273,No,6.0,3,2,15,28,Snapper,,No,,,,NRUD,,,0.0,0.0,0.0,,,,0
8,273,No,6.0,3,2,15,29,Snapper,,No,,,,NRUD,,,0.0,0.0,0.0,,,,0
8,273,No,6.0,3,2,15,30,Snapper,,No,,,,NRUD,,,0.0,0.0,0.0,,,,0
8,273,No,6.0,3,2,15,31,Snapper,,No,,,,NRUD,,,0.0,0.0,0.0,,,,0
8,273,No,6.0,3,2,15,32,BrownChromis,31.259784151507848,No,,,,NRL_nr,137.95732081007475,1549.3009026394802,114.25852011312465,79.5622333376159,45.84034724306414,25.18493876148617,51.313854373133346,,0
8,273,No,6.0,3,2,15,33,BrownChromis,35.23989461901428,No,,,,NRNL_nr,107.42711812561431,1761.1049981353983,1122.174972117578,118.40680604802274,,89.56821334809699,57.10192364911301,,0
8,273,No,6.0,3,2,15,34,BrownChromis,22.206295238922035,No,,,,NRNL_nr,70.90017861556528,1831.5601707633357,322.17472281556604,102.7043901366104,,86.87557675447539,56.352383291512865,,0
8,273,No,6.0,3,2,15,35,BrownChromis,22.106350434284423,No,,,,NRNL_nr,68.84190781486215,1756.241846423092,1275.6990651987146,139.1710588644878,,36.200816774750066,55.8101478757275,,0
8,273,No,6.0,3,2,15,36,BrownChromis,20.53733743800076,No,,,,NRNL_nr,37.97833638123611,1747.442208251683,1037.9460757085433,119.00564422770567,,155.89311459265843,55.367943202407794,,0
8,274,No,7.0,3,2,16,1,BrownChromis,42.651334545569554,No,,,,NRL_nr,181.7237711301823,811.3914670576655,39.73045135424147,48.53467236529895,41.48306572738344,92.21080424011151,22.23191820137764,,0
8,274,No,7.0,3,2,16,2,BrownChromis,35.287668371208376,No,,,,NRL_nr,293.544624216512,618.5563122719047,403.2111514168023,77.71123363337352,10.738795320368794,151.34740802319047,29.595950851535047,,0
8,274,No,7.0,3,2,16,3,BrownChromis,34.62227093664291,No,,,,NRL_nr,251.60438455290023,605.232150966804,543.7078158194918,79.89665620332019,30.47004926610827,148.80520532654612,36.69615356301552,,0
8,274,No,7.0,3,2,16,4,BrownChromis,36.26864923961037,No,,,,NRL_nr,102.64470230932106,548.3247583478075,53.30078483104023,58.74115611367564,12.28453389330628,104.3024230753674,47.992911156520194,,0
8,274,No,7.0,3,2,16,5,BrownChromis,48.33208833107271,No,,,,NRNL_nr,492.5983956166981,1087.8147602183474,120.14336382461492,70.61094497582964,,139.68366502103322,77.54144405240211,,0
8,274,No,7.0,3,2,16,6,BrownChromis,46.65878271903722,No,,,,NRNL_nr,652.6895746142391,841.2198576235837,58.362926300646336,51.572135352294545,,172.25200720099195,99.89960688949895,,0
8,274,No,7.0,3,2,16,7,BrownChromis,37.783252788002194,No,,,,NRNL_nr,498.7753770324442,1097.071205320099,134.9659763750586,68.63126139899222,,118.19692124299092,88.70420022245969,,0
8,274,No,7.0,3,2,16,8,BrownChromis,50.76692166445368,No,,,,NRNL_nr,406.4691362594044,1252.8939865380803,197.98609678138553,83.65557657608963,,93.82942413397213,80.56909989679012,,0
8,274,No,7.0,3,2,16,9,BrownChromis,26.585865399493365,No,,,,NRNL_nr,404.25418263882295,1287.4664048182926,240.3798240264161,97.4169348833933,,51.830571481097806,82.13383198624689,,0
8,274,No,7.0,3,2,16,10,BrownChromis,37.84773990258428,No,,,,NRNL_nr,674.7842063543626,1196.015233244832,76.33948486926053,58.53563574138844,,144.2870747783734,97.60194516684648,,0
8,274,No,7.0,3,2,16,11,BrownChromis,39.65262220302045,No,,,,NRNL_nr,342.4053353736684,987.6226374496746,124.78986056409646,74.67501866301612,,121.68720476214703,74.27371587363903,,0
8,274,No,7.0,3,2,16,12,BrownChromis,,No,,,,NRUD,,,0.0,0.0,0.0,,,,0
8,274,No,7.0,3,2,16,13,BrownChromis,,No,,,,NRUD,,,0.0,0.0,0.0,,,,0
8,274,No,7.0,3,2,16,14,Basslet,57.22319617073495,No,,,,NRNL_nr,33.06601926389292,1250.132386337249,94.84536686653048,75.0356120296371,,175.6045307515887,65.01261719135849,,0
8,274,No,7.0,3,2,16,15,BrownChromis,56.685724805945405,No,,,,NRNL_nr,461.3329615423578,664.1383369375774,80.34822392292867,58.98744058663814,,117.98988147694617,61.00689129797748,,0
8,274,No,7.0,3,2,16,16,BrownChromis,42.64997437608007,No,,,,NRNL_nr,276.86577189515594,692.3522684485779,108.67049417005708,65.87203580491061,,142.92562317157623,58.79617622502417,,0
8,274,No,7.0,3,2,16,17,BicolorDamselfish,29.969345820972674,No,,,,NRL_nr,219.60966439135055,590.1660342023899,468.8892892083744,89.23093497707319,38.93647946844302,21.77428385770694,39.49863516576439,,0
8,274,No,7.0,3,2,16,18,BicolorDamselfish,26.58094621894675,No,,,,NRNL_nr,124.17599343476812,1441.7528899123358,304.9227492423815,101.6937360228281,,41.34675868268577,60.46681381040388,,0
8,274,No,7.0,3,2,16,19,BrownChromis,24.800119736492803,No,,,,NRNL_nr,137.9297936588681,1697.2990634507084,170.30901325479724,63.93424002474671,,144.9923439718468,55.9457617735268,,0
8,274,No,7.0,3,2,16,20,BrownChromis,21.66325109883223,No,,,,NRNL_nr,140.46851473570408,1599.8462773811427,229.0877269977042,79.06809836318122,,157.69623918960346,58.77324658022809,,0
8,274,No,7.0,3,2,16,21,BrownChromis,54.86553124531252,No,,,,NRNL_nr,79.66772277879211,1537.5997136326262,341.88879717856935,98.46726956258824,,53.97464543738964,60.937894787082115,,0
8,274,No,7.0,3,2,16,22,BrownChromis,37.38351236190837,No,,,,NRNL_nr,41.19846558128311,1700.4129148034926,225.91443082957443,83.99571482976663,,33.57124589198679,63.86759601737185,,0
8,274,No,7.0,3,2,16,23,BrownChromis,47.201484534669945,No,,,,NRNL_nr,45.44885990291685,1616.8117354165197,491.9843549502287,89.72239986703119,,65.4441686758354,66.02900685272394,,0
8,274,No,7.0,3,2,16,24,BrownChromis,46.33362220559041,No,,,,NRNL_nr,106.56533873540558,1463.4472261433395,492.89244377771024,105.85200357670703,,47.836538690671546,66.12418121686675,,0
8,274,No,7.0,3,2,16,25,BrownChromis,33.9218326342721,No,,,,NRNL_nr,67.47054035391874,1557.9651898787115,398.3674076444482,111.58552905864242,,70.6052102678237,66.58885114811252,,0
8,274,No,7.0,3,2,16,26,BrownChromis,17.84824798325787,No,,,,NRNL_nr,145.52636303052947,1449.3204251900413,498.076007898635,141.21162590286053,,24.922975427650385,64.7895600267477,,0
8,275,No,8.0,3,2,17,1,Parrotfish,133.7733074361656,No,,,,NRL_nr,401.3337512702166,2016.4085742173409,18.640083534393753,28.86151326035692,26.28537399253944,85.5244841607284,37.90237998694557,,0
8,275,No,8.0,3,2,17,2,BrownChromis,62.71019250847108,No,,,,NRNL_nr,743.6713014877877,1524.887049639058,155.205480166474,71.811299832316,,168.37499469945456,79.5619508783198,,0
8,275,No,8.0,3,2,17,3,BrownChromis,52.434633194360075,No,,,,NRNL_nr,480.9127950142446,704.7699209529623,40.62510880744654,53.06416984100558,,22.519845708872857,86.72405069935684,,0
8,275,No,8.0,3,2,17,4,BrownChromis,58.88209783546011,No,,,,NRNL_nr,722.5945838280213,1437.6848003464809,102.67832277218716,67.71057219050535,,150.63557137480117,84.56791295335644,,0
8,275,No,8.0,3,2,17,5,BrownChromis,33.77034875674586,No,,,,NRNL_nr,458.40539934677395,1585.6985405703856,189.99817453687425,99.09762699166149,,18.056914946016136,67.0486761438132,,0
8,275,No,8.0,3,2,17,6,BrownChromis,41.709264517833326,No,,,,NRNL_nr,576.057423630198,1409.8206552410766,152.4861606302536,101.73013693124192,,9.59091881416415,69.98956474989872,,0
8,275,No,8.0,3,2,17,7,BrownChromis,37.39377208641701,No,,,,NRNL_nr,658.5285384727007,1010.1863908623294,47.90176936023076,59.90397580000864,,92.70673538971242,92.91028783708794,,0
8,275,No,8.0,3,2,17,8,BrownChromis,36.66477683305521,No,,,,NRL_nr,309.04940914599234,1684.6633434347034,23.605430940319568,40.11219622147112,25.597669037416033,62.562589802995895,28.608766986970064,,0
8,275,No,8.0,3,2,17,9,BrownChromis,44.504605545862056,No,,,,NRNL_nr,412.098732821957,1718.6405810743593,164.50644154920147,91.89768012006004,,127.99505118632324,68.97280762613798,,0
8,275,No,8.0,3,2,17,10,BrownChromis,42.33118475524126,No,,,,NRNL_nr,696.1629972649102,1709.0072202367903,92.51313850348552,79.57114903020417,,38.73798688940176,80.73179125001928,,0
8,275,No,8.0,3,2,17,11,BrownChromis,33.43139264839984,No,,,,NRL_nr,276.70324853246206,1608.6556133600725,139.5756566674328,75.54654674524984,66.16850549698401,76.37207586035713,54.9963176898117,,0
8,275,No,8.0,3,2,17,12,BrownChromis,38.58142661899676,No,,,,NRNL_nr,463.67541165647873,1788.6749501466427,103.8728904801358,79.08891695524316,,29.855601036420353,74.05438634531956,,0
8,275,No,8.0,3,2,17,13,BrownChromis,39.39448287984381,No,,,,NRNL_nr,476.21417113604053,1355.1305540787318,161.26346762531435,106.76025858528232,,37.47536135829478,72.1785370412274,,0
8,275,No,8.0,3,2,17,14,BrownChromis,57.739101179430875,No,,,,NRNL_nr,496.3336933435996,809.0238490652323,47.546039968650575,60.78020236299974,,52.15743745659399,64.44548269024901,,0
8,275,No,8.0,3,2,17,15,BrownChromis,53.1200460433873,No,,,,NRNL_nr,484.7340488835094,1259.7510889269613,78.43758964812136,75.30587418316654,,66.16905264407185,57.955317393855175,,0
8,275,No,8.0,3,2,17,16,BicolorDamselfish,30.871488892872375,No,,,,NRNL_nr,124.89582637950636,1442.5488516152218,189.3631308488976,81.25353767705234,,97.45840498783006,56.0877200134258,,0
8,275,No,8.0,3,2,17,17,BrownChromis,36.41829875387405,No,,,,NRL_nr,92.1260531075373,599.2880486263105,27.653303691387748,41.26534514163054,0.0,23.547895997158232,40.38292618833053,,0
8,275,No,8.0,3,2,17,18,BicolorDamselfish,29.577324834016665,No,,,,NRNL_nr,144.14526126117167,1020.9724185144756,72.02263233888738,72.47158065839191,,177.50681444131592,55.00943001090526,,0
8,275,No,8.0,3,2,17,19,BrownChromis,30.669128613646723,No,,,,NRNL_nr,224.50221036675725,1580.8300313514153,293.872661456553,108.85309272341514,,82.47874116542485,63.89363975068986,,0
8,275,No,8.0,3,2,17,20,BrownChromis,21.265219599494102,No,,,,NRNL_nr,257.0057429015635,1548.8382488769366,457.3233336397164,102.203810132995,,29.155430420551255,61.319744321242645,,0
8,275,No,8.0,3,2,17,21,BrownChromis,32.16241548221473,No,,,,NRNL_nr,221.71051284505057,1601.538274551528,455.1188310396813,101.64113168219347,,127.81219218109445,60.56716166795598,,0
8,275,No,8.0,3,2,17,22,Basslet,50.30158869568617,No,,,,NRNL_nr,277.31283763108695,1729.7148557409034,35.543656105834074,58.170213752195835,,118.76342628400486,66.71454805040023,,0
8,275,No,8.0,3,2,17,23,BrownChromis,29.452414482276527,No,,,,NRL_nr,3.872870025054696,894.7626467885513,34.14039575387621,45.5588405018024,43.03087557914615,43.821547134232375,30.64909335611724,,0
8,275,No,8.0,3,2,17,24,BicolorDamselfish,15.254703761978552,No,,,,NRL_nr,46.88528365978048,1327.1595184627208,130.97777450126216,79.16837829069466,28.703758447697425,26.189489995645165,54.069843967465886,,0
8,275,No,8.0,3,2,17,25,Basslet,,No,,,,NRUD,,,0.0,0.0,0.0,,,,0
8,275,No,8.0,3,2,17,26,BrownChromis,,No,,,,NRUD,,,0.0,0.0,0.0,,,,0
8,275,No,8.0,3,2,17,27,BrownChromis,,No,,,,NRUD,,,0.0,0.0,0.0,,,,0
8,276,No,4.0,3,2,18,1,Parrotfish,147.74199790156212,No,,,,NRNL_nr,500.7903919681155,2100.7820364943886,23.55617806395932,42.47484071156105,,135.30329835591718,69.62363767366584,,0
8,276,No,4.0,3,2,18,2,Basslet,80.45467611481511,No,,,,NRL_nr,46.47828133977801,840.0569522244544,489.7014766444676,72.59954073607152,27.760405120295303,102.77336228908668,39.76238165639432,,0
8,276,No,4.0,3,2,18,3,Basslet,87.09642664733576,No,,,,NRL_nr,21.50724485174032,949.4093992303764,113.85715760860307,65.99771113676734,38.93314004342988,15.185645788551072,37.16005782273284,,0
8,276,No,4.0,3,2,18,4,BrownChromis,39.09699665480276,No,,,,NRL_nr,155.17068653801715,638.2050337191156,605.6707997106869,120.17923568967602,29.255782818184706,49.65681529732873,29.19545067923309,,0
8,276,No,4.0,3,2,18,5,BrownChromis,38.19588968540443,No,,,,NRL_nr,161.14820318027782,636.0923902322065,945.7471574212692,147.50363413307946,77.17712440591166,65.01747957896426,28.40893087724875,,0
8,276,No,4.0,3,2,18,6,BrownChromis,41.96945061090104,No,,,,NRL_nr,186.5160117092982,661.0858431935068,342.0689422534829,111.07918087950952,105.2127720099877,59.80921917284139,25.598437115768807,,0
8,276,No,4.0,3,2,18,7,BrownChromis,43.72839178719299,No,,,,NRNL_nr,272.105904104347,563.4371472414167,42.211869101115845,57.31229553787144,,153.07219612268287,74.5659510123395,,0
8,276,No,4.0,3,2,18,8,BrownChromis,74.2568934352533,No,,,,NRL_nr,82.34210181073213,1719.2838939469468,157.3911485748278,70.50413650521413,38.42852347301413,146.6775432478388,38.43530211840749,,0
8,276,No,4.0,3,2,18,9,BrownChromis,38.84541865123949,No,,,,NRL_nr,107.08309666856935,1575.4074449255113,105.3571873732488,59.88023309059325,20.18875806959597,149.3825964896686,37.69258769857828,,0
8,276,No,4.0,3,2,18,10,BrownChromis,48.25571323443644,No,,,,NRL_nr,285.19461001116963,1824.4555973977976,112.51624416667542,75.43678083637167,21.62216658764966,150.14189240347795,35.19801139575495,,0
8,276,No,4.0,3,2,18,11,BrownChromis,47.553369784138454,No,,,,NRL_nr,338.22611287286435,1898.392600540688,70.97626364437666,69.76943043802393,9.847634335985076,151.46622076820958,31.220243317101183,,0
8,276,No,4.0,3,2,18,12,BrownChromis,47.85080512937264,No,,,,NRL_nr,327.7088755231771,2029.7390984342803,82.54279878490362,61.06849953956218,33.99957960746998,168.90679985213234,38.64229187906119,,0
8,276,No,4.0,3,2,18,13,BrownChromis,46.12783802136755,No,,,,NRNL_nr,622.1967557799533,1185.7948672397813,459.7872793029458,73.92939179711188,,156.00647118636545,96.3150119364762,,0
8,276,No,4.0,3,2,18,14,BrownChromis,40.12360946961085,No,,,,NRNL_nr,589.5842932575331,1103.066048067083,327.43461888117054,86.56355103305656,,144.44844058064916,95.98531751435485,,0
8,276,No,4.0,3,2,18,15,BrownChromis,79.6820094636257,No,,,,NRNL_nr,714.7817029294887,2961.337592507157,8.799755678434042,31.414391517160254,,94.40045033638428,67.87312568295798,,0
8,276,No,4.0,3,2,18,16,BrownChromis,79.52369748389273,No,,,,NRNL_nr,692.7672797390672,393.2112591230751,17.67993121615309,32.397638688106376,,55.97388817365707,89.82807141980756,,0
8,276,No,4.0,3,2,18,17,BrownChromis,39.28650263972968,No,,,,NRNL_nr,120.46806958755084,1724.1437320266195,298.2209040939661,83.8051830685748,,106.1284628536471,56.02184434693338,,0
8,276,No,4.0,3,2,18,18,BicolorDamselfish,30.60305418078573,No,,,,NRL_nr,2.124977760242666,927.2266920824987,58.098155769540014,56.98005234454829,46.29963277608006,98.65324579321756,39.45839600632995,,0
8,276,No,4.0,3,2,18,19,BrownChromis,21.923226684060587,No,,,,NRNL_nr,92.23066533174274,1552.1901580113831,55.651986812093014,67.79112764434801,,130.10460148460604,65.0246818397313,,0
8,276,No,4.0,3,2,18,20,BrownChromis,34.00292806212341,No,,,,NRNL_nr,606.4881766221454,1283.881460200581,222.88582292850097,75.60180880529835,,21.91854205690669,93.6850941428795,,0
8,276,No,4.0,3,2,18,21,BrownChromis,,No,,,,NRUD,,,0.0,0.0,0.0,,,,0
8,276,No,4.0,3,2,18,22,BrownChromis,,No,,,,NRUD,,,0.0,0.0,0.0,,,,0
8,276,No,4.0,3,2,18,23,BrownChromis,,No,,,,NRUD,,,0.0,0.0,0.0,,,,0
8,276,No,4.0,3,2,18,24,BrownChromis,,No,,,,NRUD,,,0.0,0.0,0.0,,,,0
8,276,No,4.0,3,2,18,25,BrownChromis,,No,,,,NRUD,,,0.0,0.0,0.0,,,,0
8,276,No,4.0,3,2,18,26,BrownChromis,29.61318759914581,No,,,,NRNL_nr,448.78579862075696,1233.1195644748673,132.5093474101073,61.58971405238717,,171.33123625272748,86.6801329166717,,0
8,276,No,4.0,3,2,18,27,BrownChromis,34.16167099009095,No,,,,NRL_nr,36.95190118226143,1651.5844232028016,207.09645368394496,78.14716769310856,36.15056180797035,119.42786333194746,53.12736750602305,,0
8,276,No,4.0,3,2,18,28,BrownChromis,15.230337597269628,No,,,,NRL_nr,71.01897843267973,1754.8361630153431,319.98024523756493,88.66587238490506,43.11430009609534,95.25153547413284,54.771971459372025,,0
8,276,No,4.0,3,2,18,29,BicolorDamselfish,26.85066294092411,No,,,,NRL_nr,59.85219938393903,1767.8294252070675,263.50363760832016,95.58094429178662,62.10806978727481,112.41633356312111,45.85740032602733,,0
8,276,No,4.0,3,2,18,30,BicolorDamselfish,26.186665886727823,No,,,,NRL_nr,18.541270689468135,1723.2798900511273,239.75786609576647,97.5077773418311,37.89374963724846,79.53405843266654,44.48748065731185,,0
8,277,No,3.0,3,2,19,1,BrownChromis,59.86808826116519,No,,,,NRNL_nr,923.7994494598546,1551.7262184309109,89.36480065064632,86.32522139696111,,162.98936768647425,87.31609730683198,,0
8,277,No,3.0,3,2,19,2,BrownChromis,40.59201571629505,No,,,,NRNL_nr,575.0169658898793,1237.1618112722242,164.6916293949938,113.22775490032367,,17.692662399714894,81.81622124442019,,0
8,277,No,3.0,3,2,19,3,BrownChromis,51.053364869120315,No,,,,NRNL_nr,481.8811591778327,1197.7060041122609,141.57529580269886,102.14607190406085,,157.78948266588196,81.79316202626954,,0
8,277,No,3.0,3,2,19,4,BrownChromis,44.156920591911685,No,,,,NRNL_nr,830.934199429369,1589.8477935277704,114.71355586177326,100.48238658456488,,45.68477153891459,89.80730831983487,,0
8,277,No,3.0,3,2,19,5,BrownChromis,39.59519310625181,No,,,,NRNL_nr,534.0860148648918,1981.4242824526175,89.92349764421778,83.91244078346595,,36.56857130076824,89.74462502383176,,0
8,277,No,3.0,3,2,19,6,BrownChromis,42.78101090683488,No,,,,NRNL_nr,712.6502987969324,1984.77456964214,102.62054327257918,92.30165706793504,,151.03005657041578,79.63668340392918,,0
8,277,No,3.0,3,2,19,7,BrownChromis,37.80007732489956,No,,,,NRNL_nr,747.4815616393737,1636.2958471384331,116.5281202674083,97.97057083669362,,141.40140120632233,77.68745427123945,,0
8,277,No,3.0,3,2,19,8,BrownChromis,34.26720190000195,No,,,,NRNL_nr,584.8193488477738,1908.972857582476,149.52645224127798,107.11653655801688,,154.64554837461978,72.43561629803412,,0
8,277,No,3.0,3,2,19,9,BrownChromis,36.4309437019089,No,,,,NRNL_nr,692.7670981098869,2130.403036226383,98.37239014400264,92.10263361237176,,163.4323514158135,74.09979296799553,,0
8,277,No,3.0,3,2,19,10,BrownChromis,35.880721294181306,No,,,,NRNL_nr,553.0883360527889,1116.222024410375,93.56224117541802,86.50526272799934,,72.22941031854934,72.70906494967326,,0
8,277,No,3.0,3,2,19,11,BrownChromis,43.70035873398062,No,,,,NRNL_nr,878.9117262318416,1413.4461475744538,86.75083415230168,76.32892089200978,,122.70492163940796,96.66756438346478,,0
8,277,No,3.0,3,2,19,12,BrownChromis,43.6687434532332,No,,,,NRNL_nr,715.2735327597384,1799.9305669393302,176.01320293757135,94.03142514315282,,41.128143304399096,92.2636899232442,,0
8,277,No,3.0,3,2,19,13,BrownChromis,40.301413776756654,No,,,,NRNL_nr,800.2545898870056,1730.353164984258,178.09948598149725,100.7727426753242,,43.969844336356246,92.236618921363,,0
8,277,No,3.0,3,2,19,14,BrownChromis,47.1514586390393,No,,,,NRNL_nr,674.2652614606739,1822.982839452051,163.55023112686078,90.09124831320428,,154.20379235914643,64.20158671303433,,0
8,277,No,3.0,3,2,19,15,BrownChromis,54.1430322220833,No,,,,NRNL_nr,650.3202551221276,2258.6783653711086,104.18521269944668,80.61782181231732,,158.48518764190604,64.11408916310354,,0
8,277,No,3.0,3,2,19,16,BrownChromis,48.45946384320157,No,,,,NRL_nr,697.9854712005048,2253.7471943033333,62.93196860595243,70.23815766642893,70.23815766642893,108.5978838479145,54.8483130720633,,0
8,277,No,3.0,3,2,19,17,BrownChromis,32.98300172817761,No,,,,NRNL_nr,582.8682050577803,1723.0056065358506,160.23946758003402,97.37403472359374,,105.40543431556506,65.5560182159287,,0
8,277,No,3.0,3,2,19,18,BicolorDamselfish,38.851635726899765,No,,,,NRL_nr,237.65516070792785,1880.198593475092,119.9370822422104,92.67205522062127,63.4055125797554,95.00565304759964,53.74499491262348,,0
8,277,No,3.0,3,2,19,19,BicolorDamselfish,21.432926155186717,No,,,,NRNL_nr,137.76029979391322,1661.8571443744722,137.7082837846669,110.95896068997698,,154.0350824197356,60.04406370850935,,0
8,277,No,3.0,3,2,19,20,BicolorDamselfish,31.923049182938893,No,,,,NRNL_nr,309.8574025743448,1182.0646889278928,109.64398362675811,88.72551166461308,,101.73990374355245,63.40569537634602,,0
8,277,No,3.0,3,2,19,21,BrownChromis,37.019827008217106,No,,,,NRNL_nr,651.8034304396555,1651.3105960423798,81.55414943500325,83.44460324844161,,158.93848798775824,59.17529140761092,,0
8,277,No,3.0,3,2,19,22,BrownChromis,41.45615859629612,No,,,,NRL_nr,350.299612017863,1874.942233774084,131.82156534827502,98.29250592180664,42.98320865261674,165.29206562590733,54.73453364450117,,0
8,277,No,3.0,3,2,19,23,BrownChromis,40.15527288928983,No,,,,NRNL_nr,370.40097698316504,1836.0652075559792,187.20312573329275,117.11100751499605,,61.47191056422129,67.2383401369675,,0
8,277,No,3.0,3,2,19,24,BrownChromis,39.92999568406976,No,,,,NRNL_nr,431.556742902218,1577.6604022692168,151.38993846721343,109.1022626432736,,67.2541278000023,70.24311730024128,,0
8,277,No,3.0,3,2,19,25,BrownChromis,32.287569815615306,No,,,,NRNL_nr,620.7994180196994,2314.0715492850727,130.2107867899706,69.8533668778218,,82.58685693291868,61.04462318050777,,0
8,277,No,3.0,3,2,19,26,Basslet,42.93704371777978,No,,,,NRNL_nr,463.9253299884563,1843.912072836628,58.710834454133426,71.80837287668746,,26.50148029865467,76.51960815427887,,0
8,277,No,3.0,3,2,19,27,Basslet,77.27482147426147,No,,,,NRL_nr,30.96679142224973,878.1530195922139,56.25577472633232,43.78062988227872,0.0,164.7573845233719,39.77968988325926,,0
8,277,No,3.0,3,2,19,28,Basslet,,No,,,,NRUD,,,0.0,0.0,0.0,,,,0
8,277,No,3.0,3,2,19,29,BrownChromis,,No,,,,NRUD,,,0.0,0.0,0.0,,,,0
8,277,No,3.0,3,2,19,30,BrownChromis,34.19444759352096,No,,,,NRL_nr,110.56252037795716,1944.856849905683,1873.782641966948,83.40929868939287,47.36260989204819,14.461650550601323,24.16920064034439,,0
8,277,No,3.0,3,2,19,31,BrownChromis,41.32906232670737,No,,,,NRNL_nr,253.24856380766064,1526.2822192982414,109.45430456652218,97.85027859885462,,86.72736748637533,74.04180982801675,,0
8,277,No,3.0,3,2,19,32,BrownChromis,41.60330430570563,No,,,,NRNL_nr,387.4804824493626,1741.5844465469847,113.45341976768354,96.67355186646732,,82.86112953240747,76.41390436280741,,0
8,277,No,3.0,3,2,19,33,BrownChromis,28.185285095797,No,,,,NRNL_nr,185.02862120700632,1394.8805157321951,130.23814802735143,102.59736546840682,,85.32696871540021,65.02390830286754,,0
8,277,No,3.0,3,2,19,34,BrownChromis,34.35765837007831,No,,,,NRL_nr,80.93206958754308,1234.6718476546305,66.91279846622693,78.4333135005734,48.86956699258634,85.10633540477743,49.22616349497113,,0
8,277,No,3.0,3,2,19,35,BrownChromis,21.855796678013512,No,,,,NRL_nr,92.48854404811232,1995.585772120222,787.6958541675024,61.87374514194951,61.87374514194951,52.505766439363974,23.440434227562413,,0
8,277,No,3.0,3,2,19,36,BrownChromis,22.78753493703946,No,,,,NRL_nr,96.69376294342376,1957.2171567793196,2497.9238199884535,103.38742770918309,78.1777134281634,68.9561859384108,24.102602839953494,,0
8,277,No,3.0,3,2,19,37,BrownChromis,33.65278431339449,No,,,,NRNL_nr,317.0597240489911,1831.3297300078088,189.89626760013513,115.68751792639708,,83.39007243589704,63.06650117683649,,0
8,278,Yes,5.0,3,2,20,1,BrownChromis,48.46000167533482,Yes,2399.0,0.0,1.0,FR,144.16136191631364,1430.376466353248,348.396994588295,76.74856108703014,63.20820401846943,91.86755937372445,47.90613865777981,526.8075561572863,1
8,278,Yes,5.0,3,2,20,2,BrownChromis,24.109849359078872,No,,1.0,2.0,NRNL_r,387.2367424702875,1473.0468978702438,682.1519822302737,115.61107313688268,,82.79857184189584,79.57286775686333,,0
8,278,Yes,5.0,3,2,20,3,BrownChromis,38.12369449979924,No,,1.0,2.0,NRL_r,72.05436701376753,1683.5392481424533,1374.6391397772268,103.98012160741212,81.90767642987916,44.08440151512665,36.82721569753444,,0
8,278,Yes,5.0,3,2,20,4,BrownChromis,26.688974389010777,No,,1.0,2.0,NRNL_r,337.9748228087179,1427.7550500070784,1270.8934294160874,121.45610571312588,,163.0133077930315,77.94341179750575,,0
8,278,Yes,5.0,3,2,20,5,Basslet,76.30750264257033,No,,1.0,2.0,NRL_r,4.268446239599682,1012.188403239736,89.81831143851251,61.11972435791879,15.75630026387766,13.377168619382996,30.480534873730647,,0
8,278,Yes,5.0,3,2,20,6,Basslet,106.7971711174953,No,,1.0,2.0,NRL_r,1.5393703014070288,870.871950926845,101.65029952623834,49.53959616980177,0.0,11.866090570633428,31.75211278614502,,0
8,278,Yes,5.0,3,2,20,7,BrownChromis,36.46965533478455,No,,1.0,2.0,NRNL_r,73.82382548496989,1607.9381519469916,108.5240557460808,82.12935425299679,,107.4452765800886,66.11440420111317,,0
8,278,Yes,5.0,3,2,20,8,Basslet,68.77950552429775,No,,1.0,2.0,NRNL_r,271.7904673372357,1378.224111875318,312.7912936966983,90.19212044368334,,81.76502629867544,73.92661107700968,,0
8,278,Yes,5.0,3,2,20,9,BrownChromis,34.3012967055534,No,,1.0,2.0,NRNL_r,55.591307705248,1347.0130993514006,103.54854509280162,79.70462222920895,,18.02707047752567,63.489939302049386,,0
8,278,Yes,5.0,3,2,20,10,BrownChromis,26.012157217188523,No,,1.0,2.0,NRNL_r,301.41929310448114,1432.395357835363,2823.7126866561,149.84266552608463,,140.79380915535165,76.01230200312702,,0
8,278,Yes,5.0,3,2,20,11,BrownChromis,34.675137864148326,No,,1.0,2.0,NRL_r,82.5839379161856,1685.3640456969126,1064.428791603632,107.05217947385532,72.49109161900627,32.40166150529529,38.06045740043409,,0
8,278,Yes,5.0,3,2,20,12,DuskyDamselfish,42.942315754510496,No,,1.0,2.0,NRL_r,87.63485383677794,1659.237239630861,400.9788882636616,95.08466902426058,61.215665597334215,75.94510457296616,35.81915929403345,,0
8,278,Yes,5.0,3,2,20,13,BrownChromis,43.694458813826024,No,,1.0,2.0,NRNL_r,570.7686979877172,1833.3583618805617,269.61886748047243,73.86120586894398,,66.16076940739768,80.80374003461985,,0
8,278,Yes,5.0,3,2,20,14,BrownChromis,32.167494204539175,No,,1.0,2.0,NRNL_r,110.4482073134474,1669.1880975162824,211.92151825275997,83.13495654120838,,27.06608370939131,56.76377037991746,,0
8,278,Yes,5.0,3,2,20,15,BrownChromis,48.35217011473416,No,,1.0,2.0,NRNL_r,446.0401660827965,1691.3287056729705,345.95213565595094,82.79257658219441,,59.91769755604307,79.19579876644154,,0
8,278,Yes,5.0,3,2,20,16,BrownChromis,50.98561628217896,No,,1.0,2.0,NRL_r,167.3435557280537,1467.7994198676404,1896.5401687408928,112.53720291513842,41.33206062653973,113.75211961302588,49.56275276788094,,0
8,278,Yes,5.0,3,2,20,17,BrownChromis,33.50568693980592,No,,1.0,2.0,NRNL_r,134.30464887998406,1829.3255568225873,100.99287960122078,76.1880204820514,,136.9071715730692,61.21239201769289,,0
8,278,Yes,5.0,3,2,20,18,BrownChromis,21.44245400394502,No,,1.0,2.0,NRNL_r,501.4334139750918,1773.1080806449422,721.7637981672873,108.51177767373812,,76.87145511372682,79.89416649075005,,0
8,278,Yes,5.0,3,2,20,19,BrownChromis,43.33757043842826,No,,1.0,2.0,NRNL_r,417.3537912034445,1579.1954999809282,321.63178896528495,94.92007425041255,,99.44393240884196,79.57882687341912,,0
8,278,Yes,5.0,3,2,20,20,BrownChromis,58.766650485768146,No,,1.0,2.0,NRL_r,12.123462749951065,931.1507917605234,111.05637428592964,80.20127586390852,19.529141307136214,108.67289209451984,38.4500047749646,,0
8,278,Yes,5.0,3,2,20,21,BrownChromis,21.2888215356588,No,,1.0,2.0,NRNL_r,270.3010255471846,1441.253590061114,2611.936327992272,131.1254613851012,,16.5727823819598,74.99420165419001,,0
8,278,Yes,5.0,3,2,20,22,BrownChromis,28.80990942092542,No,,1.0,2.0,NRL_r,205.86628493016013,1863.4648677990049,150.54445010295095,69.00807230240956,27.002242456273724,32.075982865754774,48.1209390279406,,0
8,278,Yes,5.0,3,2,20,23,BrownChromis,25.957357622622737,No,,1.0,2.0,NRL_r,271.21206913413863,1967.238828900991,132.97369554635998,57.99334403759731,57.99334403759731,46.736032408054854,48.56649563074887,,0
8,278,Yes,5.0,3,2,20,24,BrownChromis,22.26514629923093,No,,1.0,2.0,NRL_r,111.33939271328776,1744.5120944731125,217.8522106334854,76.0067952110075,38.90162965841067,112.42151691597306,54.965245194983694,,0
8,278,Yes,5.0,3,2,20,25,BrownChromis,,No,,1.0,2.0,NRUD,,,0.0,0.0,0.0,,,,0
8,279,No,6.0,3,2,21,1,BrownChromis,41.35892654608354,No,,,,NRNL_nr,291.9228457522961,460.8874854179721,49.705088277912246,42.5148553519356,,77.2442937046615,56.49398740356592,,0
8,279,No,6.0,3,2,21,2,BrownChromis,39.47273817104525,No,,,,NRNL_nr,236.88439211454337,608.8686999312579,62.09963211116029,44.51917974976727,,117.41363031431682,70.9375675361927,,0
8,279,No,6.0,3,2,21,3,BrownChromis,50.67537103980524,No,,,,NRNL_nr,410.950187128978,341.7930485225344,51.48045013689514,31.94239845459166,,149.95514875387977,82.90080427977824,,0
8,279,No,6.0,3,2,21,4,BrownChromis,46.592982523054594,No,,,,NRNL_nr,574.7480985833957,433.8634339437189,28.00993511919103,29.23780513181923,,148.17232365952208,106.05885281377265,,0
8,279,No,6.0,3,2,21,5,BrownChromis,31.051311341139247,No,,,,NRNL_nr,139.56970312146854,1374.8195101211857,74.1861327402309,53.85052679620325,,129.0756659469249,64.19479343201137,,0
8,279,No,6.0,3,2,21,6,BrownChromis,34.59661095110574,No,,,,NRNL_nr,87.2695691113214,1486.8191218069303,90.25687250480657,54.973179698424474,,75.62096480324513,60.92400456865892,,0
8,279,No,6.0,3,2,21,7,BrownChromis,27.465567545938445,No,,,,NRNL_nr,198.5781112960386,1903.750950523555,426.5734858224234,69.84361178785723,,20.50769215923548,59.56935271524007,,0
8,279,No,6.0,3,2,21,8,BrownChromis,29.44898348694803,No,,,,NRNL_nr,35.677625457326585,1763.863237096444,133.58172646588457,57.06636433218458,,105.05703697520444,56.49611498159057,,0
8,279,No,6.0,3,2,21,9,BrownChromis,72.55315723360131,No,,,,NRL_nr,18.99022606905269,1552.9701151710417,100.38421443944644,42.65489602588621,33.63933748060204,109.60635009759852,38.98688810288469,,0
8,279,No,6.0,3,2,21,10,BicolorDamselfish,31.610756620887695,No,,,,NRL_nr,26.66380828847357,1685.523621474274,81.38362911773498,59.233075671519224,59.233075671519224,93.85673821960496,42.09390893333195,,0
8,279,No,6.0,3,2,21,11,BicolorDamselfish,28.97025089045285,No,,,,NRL_nr,42.77375300634512,1324.338654821779,53.55726415880381,44.164068941304,25.472581147330516,110.47237025635552,39.201902120167674,,0
8,279,No,6.0,3,2,21,12,BicolorDamselfish,30.55243452952991,No,,,,NRL_nr,0.2177767043390196,1538.3938160183295,75.8303562273958,46.224802834182725,20.625683447722352,58.8413664816088,52.710691703962524,,0
8,279,No,6.0,3,2,21,13,BrownChromis,32.830545878543354,No,,,,NRNL_nr,380.79973018983173,2048.276335953291,77.0208112088648,41.77532377153813,,30.06541599242683,67.278404675584,,0
8,279,No,6.0,3,2,21,14,BrownChromis,26.756552586946956,No,,,,NRNL_nr,222.77020686485693,1915.6430617852768,233.87371862061508,67.62176364838614,,145.1688040871873,63.70367916735064,,0
8,279,No,6.0,3,2,21,15,BrownChromis,18.403953632731778,No,,,,NRNL_nr,216.40333497360177,1984.742305360346,335.9715952729924,73.99201390661143,,78.54936984452485,58.70270477666498,,0
8,279,No,6.0,3,2,21,16,BrownChromis,34.33373393934626,No,,,,NRNL_nr,184.6859889839178,1944.836587519426,496.2599181359765,72.49267852756165,,83.31567228377739,60.631841653859894,,0
8,279,No,6.0,3,2,21,17,Parrotfish,71.5916057635134,No,,,,NRL_nr,20.63081366838012,853.0352922908183,31.00122601500283,37.508765376190986,9.021139544526967,158.0978619236763,36.93719291785919,,0
8,279,No,6.0,3,2,21,18,BrownChromis,38.35016537277835,No,,,,NRNL_nr,24.646567093451896,836.762162159548,52.12400638537961,45.890508973267714,,34.293685919015154,59.95088566900806,,0
8,280,Yes,8.0,3,2,22,1,BrownChromis,36.729679560172706,No,,49.0,4.0,NRNL_r,48.2649630777167,720.2409035954498,45.51553010932875,48.05939286118736,,156.553013599339,58.15856769372828,,0
8,280,Yes,8.0,3,2,22,2,BrownChromis,46.25071708351872,No,,49.0,4.0,NRL_r,228.2399277970873,1908.719908713419,220.59138993136855,78.21762859611555,25.318013786157888,40.795476919425745,42.18541082351143,,0
8,280,Yes,8.0,3,2,22,3,BrownChromis,28.020120152220755,No,,49.0,4.0,NRNL_r,106.3243513606638,1192.76154395839,137.27055376993766,71.22950297705218,,114.25635475710752,55.45381379759707,,0
8,280,Yes,8.0,3,2,22,4,BandedButterfly,67.79356607833569,No,,49.0,4.0,NRNL_r,57.238491346412275,1164.1208662407485,68.03753393663564,47.46278618829795,,116.96071894835318,67.12703787735232,,0
8,280,Yes,8.0,3,2,22,5,BrownChromis,41.94171345427208,No,,49.0,4.0,NRNL_r,619.887671364379,397.9547245637236,10.416281459502024,22.48455366081222,,119.48133349521932,56.92089267513395,,0
8,280,Yes,8.0,3,2,22,6,BrownChromis,40.454131058588615,No,,49.0,4.0,NRL_r,11.935866168879553,1248.50328143888,121.93892842278174,68.5578097519601,39.47582137152452,37.75205524742009,51.25334555244196,,0
8,280,Yes,8.0,3,2,22,7,BrownChromis,58.84160340122117,Yes,2395.0,0.0,1.0,FR,450.84341405145307,1832.7403233661305,80.44180547518067,62.611454207112125,55.0664386104628,64.28284967807592,43.26691103179623,658.3246092807169,1
8,280,Yes,8.0,3,2,22,8,BrownChromis,50.79256882505803,No,,49.0,4.0,NRNL_r,93.55480379944152,1779.9369087361051,391.8658202346357,67.22222050736443,,59.70167689879472,63.161427994630166,,0
8,280,Yes,8.0,3,2,22,9,BrownChromis,34.210047732736406,No,,49.0,4.0,NRNL_r,94.80688666974184,1750.0829765126336,623.8983999160705,107.87632103663944,,47.82328161831135,64.53959363094158,,0
8,280,Yes,8.0,3,2,22,10,BicolorDamselfish,28.017273342708844,No,,49.0,4.0,NRL_r,127.5655306866634,1849.1897651811148,194.11795111387488,94.7816277810852,54.14994715805422,112.80930383085402,44.10076173608326,,0
8,280,Yes,8.0,3,2,22,11,BrownChromis,40.23419755721549,Yes,2443.0,48.0,3.0,SRL,252.48101856024613,1893.022065939097,298.5721836746736,98.5621930713374,95.03330039956238,25.071510910510344,51.05772068974812,154.86400374167587,1
8,280,Yes,8.0,3,2,22,12,BrownChromis,30.959263835317746,No,,49.0,4.0,NRL_r,56.95283672542241,806.0840700440865,31.46170953871597,40.840003886653214,28.845797252535014,122.03996074471104,29.258136907145747,,0
8,280,Yes,8.0,3,2,22,13,BrownChromis,14.075093887729969,No,,49.0,4.0,NRL_r,225.0066049399609,1845.93500174368,373.94557713641154,116.65676104223928,85.11172660398265,98.09863299372564,47.424568126624976,,0
8,280,Yes,8.0,3,2,22,14,BrownChromis,34.34108284495565,No,,49.0,4.0,NRL_r,216.66737243386964,1624.4790658553377,35.23478577414121,47.000439412407914,47.000439412407914,54.851860567583465,26.497068987882148,,0
8,280,Yes,8.0,3,2,22,15,BrownChromis,38.18695023648614,No,,49.0,4.0,NRL_r,159.5788988245752,1817.4949069489576,386.4088422494258,97.61437649696173,66.8346184158875,7.057783163719819,46.16274618658615,,0
8,280,Yes,8.0,3,2,22,16,BrownChromis,30.80990776927626,No,,49.0,4.0,NRL_r,157.63156003399692,1637.9149702157358,133.33115236010502,82.33930358953367,29.373838106649178,9.021636053452443,43.56244893862115,,0
8,280,Yes,8.0,3,2,22,17,BrownChromis,38.18137880696514,Yes,2442.0,47.0,2.0,SRL,412.7762221486549,2105.1384012574586,106.86323697956271,62.59692561710612,52.017526487606226,17.732781555117025,46.30001639204083,159.5861673017907,1
8,280,Yes,8.0,3,2,22,18,BicolorDamselfish,35.075802068837305,No,,49.0,4.0,NRL_r,180.0492401684364,1863.0654946534175,304.91533388587493,100.71530356219922,49.71472922800737,138.7728260235031,51.243631029490615,,0
8,280,Yes,8.0,3,2,22,19,BrownChromis,44.60883174718274,No,,49.0,4.0,NRL_r,305.9691780190335,1952.2860760583235,109.28131795705023,62.27780402355187,60.08652832004878,56.4629206803497,37.28579893878041,,0
8,280,Yes,8.0,3,2,22,20,Basslet,69.91752780443177,No,,49.0,4.0,NRNL_r,60.457077678161006,989.792060586622,115.34201644888805,58.77625360850095,,97.32541354180384,64.47156901628703,,0
8,280,Yes,8.0,3,2,22,21,BrownChromis,54.30766386027863,No,,49.0,4.0,NRNL_r,93.41685093278416,1082.0958148269517,118.65033122434748,56.32672554393477,,67.37572512571677,66.61653273543429,,0
8,280,Yes,8.0,3,2,22,22,BicolorDamselfish,,Maybe,,49.0,1.0,NRUD,,,0.0,0.0,0.0,,,,0
8,280,Yes,8.0,3,2,22,23,BrownChromis,,No,,49.0,4.0,NRUD,,,0.0,0.0,0.0,,,,0
8,281,No,2.0,3,2,23,1,BrownChromis,40.91042091121396,No,,,,NRL_nr,460.6114272494654,389.4324351160247,6.951439363048456,16.26714268824074,16.26714268824074,1.7047590867126583,49.19187648195304,,0
8,281,No,2.0,3,2,23,2,BrownChromis,47.96539856058567,No,,,,NRL_nr,524.7340007993528,1123.4128867102074,19.96578936503742,23.70026262556249,1.424018459217723,42.881706604869045,18.807569158557744,,0
8,281,No,2.0,3,2,23,3,BrownChromis,41.20412887065108,No,,,,NRNL_nr,255.55764622177372,1642.758337677715,61.60379010159927,35.01837321364312,,103.38600404349184,63.38829836498034,,0
8,281,No,2.0,3,2,23,4,BrownChromis,38.94179422989939,No,,,,NRL_nr,348.2598772519643,1457.185201980871,89.17250206472676,49.523997367433296,20.495140570332417,83.93051531676355,45.5228810804632,,0
8,281,No,2.0,3,2,23,5,BrownChromis,40.277431364170646,No,,,,NRL_nr,421.7409348055231,2127.848373197228,66.0619103290089,36.5246332281161,29.536545656528777,78.71931936192723,47.076668008982836,,0
8,281,No,2.0,3,2,23,6,BrownChromis,46.44426340429531,No,,,,NRL_nr,496.0501371894254,2062.394654202178,47.07257114145107,35.36863354567731,35.36863354567731,33.38605811597085,51.27933253977438,,0
8,281,No,2.0,3,2,23,7,BrownChromis,32.67494674523472,No,,,,NRL_nr,493.9228036734727,2165.6350901568985,59.51677712181779,31.91594956195068,31.91594956195068,41.47193397712483,42.00371045320738,,0
8,281,No,2.0,3,2,23,8,BrownChromis,49.04328128191727,No,,,,NRL_nr,358.3346535139649,1057.1858379779908,34.51257172478777,26.923948180736744,5.713847220939696,143.07897957782217,31.531019642458123,,0
8,281,No,2.0,3,2,23,9,BrownChromis,17.603518332674888,No,,,,NRL_nr,265.9887542748431,1889.5595860490537,74.21927945781104,47.66179094416383,32.492587273495985,133.42469365776796,43.64632983410217,,0
8,281,No,2.0,3,2,23,10,BrownChromis,28.975235607743738,No,,,,NRL_nr,303.6417316110814,1653.7602820849406,97.42895696141228,47.59700217056588,17.36992955924184,158.4392216826419,38.285916800046735,,0
8,281,No,2.0,3,2,23,11,BicolorDamselfish,25.47476090639389,No,,,,NRL_nr,174.19038564502884,1307.2792585442194,86.02818025430139,44.300404604298585,15.790439547430742,78.76621399516233,42.28578504858408,,0
8,281,No,2.0,3,2,23,12,BicolorDamselfish,31.891672957883483,No,,,,NRL_nr,192.44818959703608,1521.2526449969466,125.55070712315424,53.3981947473899,28.745539997580224,50.77761893201861,43.08594460290561,,0
8,281,No,2.0,3,2,23,13,BrownChromis,36.78854409838603,No,,,,NRNL_nr,150.67163922009104,1330.051634204979,18.286683319684265,24.51163550294083,,23.63310486575526,69.73708277976532,,0
8,281,No,2.0,3,2,23,14,BrownChromis,,No,,,,NRUD,,,0.0,0.0,0.0,,,,0
8,281,No,2.0,3,2,23,15,BrownChromis,21.085915683993353,No,,,,NRNL_nr,160.85920520962887,1731.9447708386035,63.458723865934594,43.63677439808275,,31.63618774012572,59.9118085202837,,0
8,281,No,2.0,3,2,23,16,BrownChromis,17.092450003204185,No,,,,NRL_nr,110.31582322524685,1517.3995257201077,82.53375700686418,45.172552991534104,33.98094553273338,137.489869596635,35.67577713436103,,0
8,281,No,2.0,3,2,23,17,Basslet,47.51633841274336,No,,,,NRL_nr,279.67139365146403,1826.815524711508,23.92457708620221,24.555840284270893,22.451050602957334,67.81394914071485,32.58409848724925,,0
8,282,No,7.0,3,2,24,1,Parrotfish,114.18499435111892,No,,,,NRNL_nr,304.714336370714,1756.6709440236434,44.23994521920491,38.54481534473919,,33.806790156932514,69.34171103451371,,0
8,282,No,7.0,3,2,24,2,Basslet,96.64406845788383,No,,,,NRNL_nr,239.0762192095061,1600.546843412437,54.107619092777206,45.38322846322371,,65.46283802590277,64.3460649094549,,0
8,282,No,7.0,3,2,24,3,Basslet,51.94797213624366,No,,,,NRNL_nr,180.755593931503,738.5778284122002,407.6819954316824,88.12533534365599,,143.2779990169182,69.92325945771205,,0
8,282,No,7.0,3,2,24,4,BrownChromis,62.06506871486945,No,,,,NRNL_nr,143.84514570622153,1086.6354734555111,126.03328814204694,70.44009335104626,,56.75313103871699,69.98210715265213,,0
8,282,No,7.0,3,2,24,5,BrownChromis,42.26643185133687,No,,,,NRNL_nr,198.91532645978393,762.9857361457606,86.87303320737597,80.45285279195708,,61.78870470849524,66.94146814544685,,0
8,282,No,7.0,3,2,24,6,BrownChromis,45.96165574502356,No,,,,NRL_nr,39.87231396279998,805.3259785350706,38.3842119196192,51.93262368798681,39.30873620850895,107.83777114298032,36.888500932764245,,0
8,282,No,7.0,3,2,24,7,BrownChromis,49.32944200723835,No,,,,NRL_nr,7.187922862993804,1395.9738644145957,52.37953004956253,55.3146347119336,33.59431891807861,94.85281481584724,34.380567323744295,,0
8,282,No,7.0,3,2,24,8,BrownChromis,28.809986635857573,No,,,,NRNL_nr,130.15613991054187,1742.1598062545934,93.11859983380536,53.48612455176643,,161.34007082037616,55.06453085910119,,0
8,282,No,7.0,3,2,24,9,BrownChromis,28.31709767232681,No,,,,NRL_nr,199.17206499381248,1914.816936814052,66.5722759147119,47.812008965243706,47.812008965243706,132.0596015403674,54.86159089533298,,0
8,282,No,7.0,3,2,24,10,BrownChromis,18.50659071484163,No,,,,NRNL_nr,125.2193801359791,1743.9124008819747,74.58860047503464,54.86771019817838,,147.53060626621075,60.52267551392795,,0
8,282,No,7.0,3,2,24,11,BrownChromis,37.29409169310168,No,,,,NRNL_nr,23.766491020044107,825.184077069874,224.57932179487315,82.59220434081057,,107.7806216588998,59.9146558692619,,0
8,282,No,7.0,3,2,24,12,BrownChromis,60.478414670268954,No,,,,NRNL_nr,251.1689453746822,644.8815705585168,150.21702476063516,52.9244105960893,,153.62567944120607,74.24535938517938,,0
8,282,No,7.0,3,2,24,13,BrownChromis,32.65827500737617,No,,,,NRNL_nr,10.016297943019843,948.1074816111084,619.6551803459168,118.09178969877529,,19.8626448921714,62.48070975373476,,0
8,282,No,7.0,3,2,24,14,BrownChromis,36.90017111128943,No,,,,NRNL_nr,43.87104823909577,951.5630838099272,550.8549665195943,108.33632570008568,,84.06340783955662,64.33318712462848,,0
8,282,No,7.0,3,2,24,15,BrownChromis,39.66496704033076,No,,,,NRNL_nr,14.705077189316206,1277.7403670792253,66.71596597973364,65.58355519936646,,121.18868025533868,57.231310734749904,,0
8,282,No,7.0,3,2,24,16,BrownChromis,37.291430452550074,No,,,,NRL_nr,4.242733846306211,1449.3712833877755,60.49663859177884,62.3191359375931,16.480085840831762,53.355663746967515,46.97195191098279,,0
8,282,No,7.0,3,2,24,17,BicolorDamselfish,57.37639679406253,No,,,,NRL_nr,0.4670004366975002,1177.7075340854133,50.549306956865216,53.95360100440309,35.087261427436445,62.11804696647038,31.0374979149155,,0
8,283,Yes,3.0,3,2,25,1,BrownChromis,32.5969126778807,No,,137.0,4.0,NRNL_r,360.4199822210497,557.6585871638284,102.46093208328384,63.542269770165674,,30.090400175487357,64.03277614199143,,0
8,283,Yes,3.0,3,2,25,2,BrownChromis,35.26103026200969,Yes,2377.0,0.0,1.0,FR,578.6779454177562,210.92318306498956,71.17476366982844,58.575000067627805,,141.05771810332587,62.15814998681768,1352.4171097667156,1
8,283,Yes,3.0,3,2,25,3,Basslet,60.85449145595889,No,,137.0,4.0,NRNL_r,263.0265247068566,1386.550465307066,121.9513817943538,75.96615732422484,,131.5107700135909,71.58373076692244,,0
8,283,Yes,3.0,3,2,25,4,BrownChromis,41.74641878986563,No,,137.0,4.0,NRNL_r,498.05979991038254,702.8878258489707,79.99805349510434,68.83379949269161,,147.20489308694337,90.88016925412336,,0
8,283,Yes,3.0,3,2,25,5,BrownChromis,56.70298845303841,No,,137.0,4.0,NRL_r,166.3671659010097,1831.2884949657623,321.5794062917338,72.55153132749126,48.98752129469746,155.28429894957716,43.781999451909016,,0
8,283,Yes,3.0,3,2,25,6,BrownChromis,59.21886744491232,Yes,2402.0,25.0,3.0,SRTC,665.5016114759504,304.5760382793134,163.92229732036876,87.9983240998414,,95.85453033189654,111.8855868404815,,1
8,283,Yes,3.0,3,2,25,7,BrownChromis,34.817243392725345,No,,137.0,4.0,NRNL_r,307.4397973711205,1010.8419881266664,81.19052221882082,83.38974527755258,,52.19674312037086,77.29932861549614,,0
8,283,Yes,3.0,3,2,25,8,BrownChromis,33.886585976724106,No,,137.0,4.0,NRNL_r,458.8032291968672,621.0032267581544,116.76870708203906,74.74404916036386,,134.64799969250706,81.13333628869022,,0
8,283,Yes,3.0,3,2,25,9,BrownChromis,40.91327962175049,No,,137.0,4.0,NRNL_r,326.8105148900311,1445.4605775772552,87.78602827672087,70.32830402239912,,54.8930877570881,77.63182820116126,,0
8,283,Yes,3.0,3,2,25,10,BrownChromis,54.83104578742384,No,,137.0,4.0,NRNL_r,110.13368203057388,1381.8411848269393,198.6989911585968,99.50755333627322,,75.17955294556079,67.91350925725405,,0
8,283,Yes,3.0,3,2,25,11,BrownChromis,37.03234536277576,No,,137.0,4.0,NRNL_r,33.14597100282507,1359.224162581133,221.67375229249276,108.40426963802652,,37.94159521722839,66.26945354322784,,0
8,283,Yes,3.0,3,2,25,12,BrownChromis,34.322926938701166,Yes,2400.0,23.0,2.0,SRNL,626.8151637812356,128.05503892491103,72.36953279952033,57.99212696031848,,132.64103867547138,114.67305399413829,256.59415383468695,1
8,283,Yes,3.0,3,2,25,13,BrownChromis,46.30587569346629,No,,137.0,4.0,NRL_r,119.11652409128229,860.9550842769586,30.5775097073439,47.16152847064328,37.54044334752794,103.70855743012592,26.13606192277505,,0
8,283,Yes,3.0,3,2,25,14,BrownChromis,42.433128849030155,No,,137.0,4.0,NRL_r,791.6975491956293,830.8108510577597,16.19055250540233,32.5362858882084,32.5362858882084,161.24511589227754,35.60421932889778,,0
8,283,Yes,3.0,3,2,25,15,BicolorDamselfish,39.21606545016188,No,,137.0,4.0,NRL_r,113.45343536203238,651.3895087397419,79.97119130845871,62.18579755893158,25.64955718268499,112.92431652305775,51.46836571756914,,0
8,283,Yes,3.0,3,2,25,16,BicolorDamselfish,,No,2513.0,137.0,4.0,SRUD,,,0.0,0.0,0.0,,,,0
8,283,Yes,3.0,3,2,25,17,BrownChromis,43.1731992065097,No,,137.0,4.0,NRL_r,60.682958298473395,1671.6066096620502,79.21813904002683,65.59930548318589,41.200423716537074,89.47812360938188,40.57662089797068,,0
8,283,Yes,3.0,3,2,25,18,BicolorDamselfish,40.09612460915661,No,,137.0,4.0,NRL_r,24.63966288092636,1937.2917901528972,13.353457549812394,35.058585834384786,35.058585834384786,62.31943696226121,22.097970934033142,,0
8,283,Yes,3.0,3,2,25,19,BicolorDamselfish,32.79969856490917,No,,137.0,4.0,NRNL_r,100.29441636492572,1396.351539041271,115.31191728335564,81.36916561141219,,118.3470996204447,61.740806091174235,,0
8,283,Yes,3.0,3,2,25,20,BrownChromis,76.1686888060767,No,,137.0,4.0,NRNL_r,184.6446279319107,1218.7347347171562,138.06720163099567,92.7271239524836,,110.96776937769698,70.31375474252644,,0
8,283,Yes,3.0,3,2,25,21,BrownChromis,43.25909244179011,No,,137.0,4.0,NRL_r,214.6586271693512,1846.3362180456288,232.17205859281364,84.6246331322631,82.25122693409067,88.56388788077966,41.64624208129158,,0
8,283,Yes,3.0,3,2,25,22,BicolorDamselfish,46.087339324605146,No,,137.0,4.0,NRL_r,7.812347157844277,1548.492732518378,64.74042539350891,64.36637347886689,26.33759216567649,48.325197265154294,51.73888331576408,,0
8,283,Yes,3.0,3,2,25,23,BrownChromis,39.18784677544946,No,,137.0,4.0,NRNL_r,97.44383097482734,1272.1048494422455,198.6624580537746,114.66074004621728,,18.71136359186942,69.4010938806378,,0
8,283,Yes,3.0,3,2,25,24,BrownChromis,70.82735744683826,No,,137.0,4.0,NRNL_r,605.6436087382175,351.63924504646155,769.1917817739741,76.43420142333466,,97.2633911896051,102.51641700524432,,0
8,283,Yes,3.0,3,2,25,25,BrownChromis,47.20997142645905,No,,137.0,4.0,NRNL_r,94.61190474389564,853.4340871763161,85.91159910685616,71.00764309537192,,118.43183211301827,64.45536618780068,,0
8,283,Yes,3.0,3,2,25,26,BrownChromis,,No,,137.0,4.0,NRUD,,,0.0,0.0,0.0,,,,0
8,284,No,4.0,3,2,26,1,BrownChromis,39.896463351525334,No,,,,NRNL_nr,519.0291725212127,1033.807340989454,32.781841568807664,28.301211400315797,,16.886387346647094,78.6853997539537,,0
8,284,No,4.0,3,2,26,2,BrownChromis,36.15829291126954,No,,,,NRNL_nr,652.3001302767965,1594.6832410173645,103.6400019308959,39.426663164045955,,1.9417313989975051,85.15947155201849,,0
8,284,No,4.0,3,2,26,3,BrownChromis,51.440599544525305,No,,,,NRNL_nr,338.1206112300215,1493.2320144092205,79.44547616623487,43.432632589496706,,30.266649370489745,64.6958672956081,,0
8,284,No,4.0,3,2,26,4,BrownChromis,39.213628694287806,No,,,,NRL_nr,282.06269455512216,860.9577168497855,37.56447102619528,31.630693154618093,1.79819345732536,71.97274097706108,16.940683372335773,,0
8,284,No,4.0,3,2,26,5,BrownChromis,37.45806800699562,No,,,,NRNL_nr,336.63688099999706,1841.933036968308,192.4090841764292,69.37441437901555,,14.257141816465376,63.59650789092792,,0
8,284,No,4.0,3,2,26,6,BrownChromis,24.549971818771784,No,,,,NRNL_nr,328.81627280349414,1773.6375599482285,218.2790906524291,73.1004667580141,,104.29488865048172,61.47368678712265,,0
8,284,No,4.0,3,2,26,7,BrownChromis,56.65528013939564,No,,,,NRNL_nr,243.738658603755,1851.5038908458191,196.42018319115348,57.32897157227031,,78.05774238514869,59.21178754346736,,0
8,284,No,4.0,3,2,26,8,BrownChromis,16.643628816137475,No,,,,NRNL_nr,188.199341624927,1747.839082805728,399.36948090572304,67.93762712943804,,15.001506351226231,56.714284217353445,,0
8,284,No,4.0,3,2,26,9,BrownChromis,26.52329836580637,No,,,,NRNL_nr,159.76930541140763,1688.0677821862105,264.58832193520624,52.28833602546806,,21.46092172793179,55.11862872670174,,0
8,284,No,4.0,3,2,26,10,BrownChromis,28.748858794839627,No,,,,NRNL_nr,772.1664770028898,1746.60330753968,68.47946498935892,41.644582435495614,,80.94466386051876,86.53688090262777,,0
8,284,No,4.0,3,2,26,11,BrownChromis,49.12641121622351,No,,,,NRNL_nr,537.0212493126007,1936.4651022488545,72.10577575044069,45.35649391445809,,50.25999880008558,71.1941394139693,,0
8,284,No,4.0,3,2,26,12,BicolorDamselfish,29.398741771135388,No,,,,NRNL_nr,148.30443358663106,1422.395004645997,60.71654041661385,45.7171894306951,,144.62443068284372,69.2050991908643,,0
8,284,No,4.0,3,2,26,13,BicolorDamselfish,28.52334192947828,No,,,,NRNL_nr,114.28365622607195,982.0544155527208,36.850497558071105,36.21526712958421,,82.07267202984266,58.388878803549794,,0
8,284,No,4.0,3,2,26,14,BrownChromis,,No,,,,NRUD,,,0.0,0.0,0.0,,,,0
8,284,No,4.0,3,2,26,15,BrownChromis,,No,,,,NRUD,,,0.0,0.0,0.0,,,,0
8,284,No,4.0,3,2,26,16,BrownChromis,51.92557068605122,No,,,,NRL_nr,390.5997613123176,1119.8892333054002,87.66411196883179,39.471368991434545,14.676389768967912,62.18879974411039,5.7350102789512,,0
8,284,No,4.0,3,2,26,17,BrownChromis,27.81919390592781,No,,,,NRL_nr,266.0958539511788,1110.796937882434,114.10594530263096,55.62027439902834,24.608814567100275,146.87636899686956,10.619318077815196,,0
8,284,No,4.0,3,2,26,18,BrownChromis,28.483282871161393,No,,,,NRL_nr,132.01960280963462,1108.9880978311712,77.76063389313065,41.54475464613306,13.341153346413684,157.77121047692268,23.78865235663249,,0
8,284,No,4.0,3,2,26,19,BrownChromis,28.915255170791937,No,,,,NRNL_nr,403.2146269468914,1988.9735806840245,70.74154484878683,45.07474202834061,,111.4080210070113,68.47630426000272,,0
8,284,No,4.0,3,2,26,20,BrownChromis,14.57848935346369,No,,,,NRNL_nr,517.5909060379321,1601.977371060548,74.58603428277378,44.594243758866035,,120.87970737260557,82.11936569596249,,0
8,284,No,4.0,3,2,26,21,BrownChromis,29.03946689103525,No,,,,NRL_nr,39.39198596905928,1003.474844753768,71.85107593361799,40.567467633563105,20.840383581753272,155.47776463524045,27.134437954058008,,0
8,285,No,3.0,3,2,27,1,BrownChromis,52.65880083116162,No,,,,NRNL_nr,206.30146048181751,851.732074287943,44.47211382151856,57.6189400037321,,38.50928974913881,73.69475724519438,,0
8,285,No,3.0,3,2,27,2,BrownChromis,40.07476112972185,No,,,,NRL_nr,516.8385780334586,1462.0290269079317,82.10778344964791,73.26809373116119,7.807206931593275,8.513055093908433,50.39497735918504,,0
8,285,No,3.0,3,2,27,3,BrownChromis,35.16769450436344,No,,,,NRL_nr,494.8908147421006,1604.2270947284032,106.51596904751378,83.83821010447535,52.49190142792036,75.42951442099927,51.0524756235315,,0
8,285,No,3.0,3,2,27,4,BrownChromis,34.54506688286365,No,,,,NRNL_nr,460.46784058530335,1664.115638730087,107.2768656964634,99.81163253011538,,99.04115530530125,62.738181961541144,,0
8,285,No,3.0,3,2,27,5,BrownChromis,40.869830071166646,No,,,,NRNL_nr,558.2067167729689,2017.8017502978903,85.86744457066595,86.06653288003886,,168.0213113397818,70.66641564488289,,0
8,285,No,3.0,3,2,27,6,BrownChromis,30.00939816540726,No,,,,NRL_nr,86.46339655723166,1761.4592459144724,260.1059419338235,87.91738868018552,37.10859151514503,86.69373363097354,52.85036326136297,,0
8,285,No,3.0,3,2,27,7,BrownChromis,25.196880150140903,No,,,,NRL_nr,58.408455206961825,1707.9983400999076,260.5137625911593,96.4478273219377,43.6325940374961,101.22180988532968,51.478913858238265,,0
8,285,No,3.0,3,2,27,8,BrownChromis,41.62243562054333,No,,,,NRL_nr,416.27969486961695,1764.9803368911726,86.3044847361788,90.99371067695895,69.53745122492508,59.64485124133568,52.94953190428416,,0
8,285,No,3.0,3,2,27,9,BrownChromis,33.18519049889495,No,,,,NRNL_nr,532.0740439816852,1505.2816074931447,89.0650924219298,97.22831110676508,,141.95773948803756,83.97418452275399,,0
8,285,No,3.0,3,2,27,10,BrownChromis,37.118374219613806,No,,,,NRNL_nr,559.0251254229688,1825.2602146346776,102.65066622878756,99.13855082354156,,83.63610610830915,70.65172500551341,,0
8,285,No,3.0,3,2,27,11,BrownChromis,28.65533369511507,No,,,,NRNL_nr,383.4350646418546,1815.310788948441,110.18869783635552,106.87784960406792,,134.92742882232145,66.5090524597327,,0
8,285,No,3.0,3,2,27,12,BrownChromis,30.22704326077475,No,,,,NRNL_nr,485.2550053246261,1493.6419639344683,93.49701478386211,93.64235579541904,,104.42047318059768,66.53839917567237,,0
8,285,No,3.0,3,2,27,13,BicolorDamselfish,28.32264467237612,No,,,,NRNL_nr,483.24125041164615,1360.049815458873,105.67609833856012,93.1275001673094,,149.3799730381346,86.13038416326307,,0
8,285,No,3.0,3,2,27,14,BicolorDamselfish,28.2469982198835,No,,,,NRNL_nr,117.17195724291048,1590.6138890295908,87.02731655572308,98.4572968726552,,141.00471717836214,68.48330893055676,,0
8,285,No,3.0,3,2,27,15,BicolorDamselfish,39.05703120979404,No,,,,NRNL_nr,385.0685666442082,1396.0210062470317,148.49246812943463,97.30541563637033,,113.62929749345624,80.89086110860418,,0
8,285,No,3.0,3,2,27,16,BrownChromis,69.84800931724827,No,,,,NRNL_nr,788.2345350418246,1813.6642273482291,51.20363777570783,72.83231239426809,,126.29894215323392,86.55921670725505,,0
8,285,No,3.0,3,2,27,17,BrownChromis,38.229792815210686,No,,,,NRNL_nr,603.2195149395989,1906.9508528439255,81.11744020266494,79.05486332728131,,169.0570870722345,78.92355424357739,,0
8,285,No,3.0,3,2,27,18,BrownChromis,43.01874072947248,No,,,,NRNL_nr,345.5473867833355,2161.0072883876005,36.8047157075376,65.72702699291088,,120.78957125874275,86.55466194301552,,0
8,285,No,3.0,3,2,27,19,BrownChromis,46.41924277130338,No,,,,NRNL_nr,513.2636374924132,822.4616227196916,39.47944602645597,54.04957674280229,,59.42510750486081,94.8672509463206,,0
8,285,No,3.0,3,2,27,20,BrownChromis,,No,,,,NRUD,,,0.0,0.0,0.0,,,,0
8,285,No,3.0,3,2,27,21,BrownChromis,,No,,,,NRUD,,,0.0,0.0,0.0,,,,0
8,285,No,3.0,3,2,27,22,BrownChromis,45.447801861787084,No,,,,NRNL_nr,808.9572137730524,1453.1136733951648,34.108098144994294,57.05750412622388,,116.71199861279486,99.02950397146073,,0
8,285,No,3.0,3,2,27,23,BrownChromis,,No,,,,NRUD,,,0.0,0.0,0.0,,,,0
8,285,No,3.0,3,2,27,24,BrownChromis,,No,,,,NRUD,,,0.0,0.0,0.0,,,,0
8,285,No,3.0,3,2,27,25,BrownChromis,61.13937131707037,No,,,,NRNL_nr,190.00773867589652,1332.858931428152,63.4679276499386,74.83645030914765,,59.89114859664625,69.26257136721247,,0
8,285,No,3.0,3,2,27,26,BrownChromis,27.294818648286487,No,,,,NRNL_nr,329.13898237153484,1556.584671987477,91.8702601458511,89.9158004939857,,129.56078059202505,75.87862137051245,,0
8,285,No,3.0,3,2,27,27,BrownChromis,41.268458987031174,No,,,,NRL_nr,70.231120097504,1226.1123928448003,132.4226434481683,53.4496956769997,21.70359576655853,100.05204136418196,28.635900372744317,,0
8,285,No,3.0,3,2,27,28,BrownChromis,31.285017747750977,No,,,,NRL_nr,69.63537516318101,1327.8785966726116,88.09962449678875,68.07553988160717,22.88279421293733,31.273672063707476,27.55281899846034,,0
8,285,No,3.0,3,2,27,29,Snapper,182.8077344231817,No,,,,NRL_nr,1173.4029722660148,2941.811447646585,286.6596157927321,222.78855359292737,203.64736009830713,119.4183264062163,52.520602214639254,,0
8,285,No,3.0,3,2,27,30,Snapper,115.4004982398299,No,,,,NRNL_nr,1182.5002126593872,3137.7754384021446,304.3395064534232,258.74853028133543,,156.98654152591052,59.74954561900116,,0
8,285,No,3.0,3,2,27,31,Snapper,114.91937843106082,No,,,,NRNL_nr,1139.2480649922309,3172.6861257217174,238.72994491356445,173.23390606008684,,141.58217259621625,60.981751305173766,,0
8,285,No,3.0,3,2,27,32,Snapper,132.49777643646422,No,,,,NRNL_nr,1058.2616854532632,2845.5603902973444,255.74550190888996,134.84478667607613,,96.35078176270092,55.7568837957585,,0
8,285,No,3.0,3,2,27,33,Snapper,130.81972903818294,No,,,,NRNL_nr,1199.455271161803,3044.883273647226,208.2062800502516,192.8670018381625,,140.2882588011082,58.74083222741299,,0
8,285,No,3.0,3,2,27,34,Snapper,95.62890089840396,No,,,,NRL_nr,1142.8764414744871,2925.543289389854,565.9137512270531,264.9713891059886,79.15460237414972,138.2365175000469,54.60995329832072,,0
8,285,No,3.0,3,2,27,35,Snapper,103.0081161226281,No,,,,NRNL_nr,1150.8419481645524,2938.041340855431,596.8876587620074,312.00347227698626,,141.48985244960866,55.28276619065653,,0
8,285,No,3.0,3,2,27,36,Snapper,110.42909612575647,No,,,,NRL_nr,1300.5254755904327,3067.9974144315597,362.016144882486,284.2134349257999,21.086091118110556,167.6640185526289,52.18924814187324,,0
8,286,No,8.0,3,2,28,1,BrownChromis,56.48581835539719,No,,,,NRNL_nr,570.4213650998988,1418.311514315382,112.61034781361587,52.25918026309537,,84.55155046405329,83.67613612877915,,0
8,286,No,8.0,3,2,28,2,BrownChromis,56.10129433525415,No,,,,NRNL_nr,540.3430171167913,348.6500044300017,22.029381028643012,29.734991936994454,,22.84637833106543,104.28104694023163,,0
8,286,No,8.0,3,2,28,3,BrownChromis,37.407862815497424,No,,,,NRNL_nr,353.9648058744213,865.293959402217,34.237659344928424,44.64107797637207,,98.0088742360405,74.84369683678781,,0
8,286,No,8.0,3,2,28,4,BrownChromis,37.02598349932648,No,,,,NRNL_nr,465.7858478680072,1414.8764391833313,137.71950771967013,62.807134736745944,,159.81035819877434,83.56337860285915,,0
8,286,No,8.0,3,2,28,5,BrownChromis,36.54767787064407,No,,,,NRNL_nr,405.4949491185748,1416.5539900491535,129.60019571933097,72.7116259684072,,17.749644576942444,77.63303497887372,,0
8,286,No,8.0,3,2,28,6,BrownChromis,37.43940019764182,No,,,,NRNL_nr,230.929427186779,1488.9763629569663,100.90860807514096,63.595883292794525,,158.90106135090602,72.61187707654629,,0
8,286,No,8.0,3,2,28,7,BicolorDamselfish,39.924725154734766,No,,,,NRNL_nr,249.68012787696415,1815.1638188674528,286.4744993467422,82.45563417445695,,107.69651669813854,61.087941487927615,,0
8,286,No,8.0,3,2,28,8,BrownChromis,,No,,,,NRUD,,,0.0,0.0,0.0,,,,0
8,286,No,8.0,3,2,28,9,BrownChromis,,No,,,,NRUD,,,0.0,0.0,0.0,,,,0
8,286,No,8.0,3,2,28,10,BrownChromis,40.6845863503694,No,,,,NRNL_nr,448.38836399580987,384.335253114653,19.253763462218565,28.040591302423408,,122.28751203877422,85.2016543828576,,0
8,286,No,8.0,3,2,28,11,BrownChromis,41.3183146857704,No,,,,NRNL_nr,586.0704703285803,1489.4330101653982,120.96866788523909,53.84569813915368,,116.2981181822765,87.17573418507699,,0
8,286,No,8.0,3,2,28,12,BicolorDamselfish,33.877954417099744,No,,,,NRNL_nr,123.29576082770048,1738.3873213089164,845.1612929329729,107.47395992076244,,163.90573358005503,60.251889225700566,,0
8,286,No,8.0,3,2,28,13,BicolorDamselfish,22.95020007585059,No,,,,NRNL_nr,212.46258550732344,1286.8096561969578,100.40045964333945,67.93346230158423,,108.1836666887966,58.879366975614325,,0
8,286,No,8.0,3,2,28,14,BrownChromis,,No,,,,NRUD,,,0.0,0.0,0.0,,,,0
8,286,No,8.0,3,2,28,15,BrownChromis,48.49644864133291,No,,,,NRNL_nr,136.97296307652422,1719.2822258508952,388.43092510553726,91.18512161881534,,139.21103556878725,55.83924212301649,,0
8,286,No,8.0,3,2,28,16,BrownChromis,28.420797502118997,No,,,,NRNL_nr,95.74251891493569,1761.3285220826654,436.4109635921059,97.78487831974913,,140.1465279398083,55.94136734465014,,0
8,286,No,8.0,3,2,28,17,BrownChromis,25.930201064221425,No,,,,NRL_nr,210.8496121821465,1827.146433843209,136.13800702737453,63.665073885023894,58.884822271439454,148.65488047829646,49.96596105287883,,0
8,286,No,8.0,3,2,28,18,BrownChromis,34.82077761614359,No,,,,NRL_nr,250.5143115878416,1415.614255544396,340.07484424240823,70.83825955745462,12.313948273038733,164.38134449275475,53.6386723343834,,0
8,286,No,8.0,3,2,28,19,BrownChromis,59.518101888448584,No,,,,NRL_nr,128.58569460861412,1591.7106829087254,187.2690882420125,72.1994868894593,22.51927953373632,130.13704901641256,51.14746648250361,,0
8,286,No,8.0,3,2,28,20,BrownChromis,37.89155156401821,No,,,,NRL_nr,238.3005231871977,1467.3202974570893,742.9907685280305,85.60971750381253,41.04292940284405,133.39807362698497,52.30966189943028,,0
8,286,No,8.0,3,2,28,21,BicolorDamselfish,,No,,,,NRUD,,,0.0,0.0,0.0,,,,0
8,286,No,8.0,3,2,28,22,BrownChromis,24.815130921204872,No,,,,NRNL_nr,124.04609000882644,1694.850655875977,583.2339706733817,93.62781781441451,,141.03993442830603,61.86971366942392,,0
8,286,No,8.0,3,2,28,23,BrownChromis,23.852299834430703,No,,,,NRNL_nr,180.28770607344757,1713.5177786197971,607.0380725990534,103.90447004583427,,137.4160271710358,61.22981913080722,,0
8,287,No,6.0,3,2,29,1,BicolorDamselfish,29.100464356474298,No,,,,NRNL_nr,243.64639016681676,1469.7878600425556,255.3107081567199,90.96809581167388,,128.16889134981193,73.09412878616088,,0
8,287,No,6.0,3,2,29,2,BrownChromis,35.329194014868236,No,,,,NRNL_nr,492.0443971167696,1581.3098040780894,162.62788340270805,91.12436249592696,,158.81984930662892,76.16754325001234,,0
8,287,No,6.0,3,2,29,3,BrownChromis,44.13848718818043,No,,,,NRNL_nr,556.9218697410454,1456.547910863839,122.3683871480454,86.27768623864247,,21.620762843864735,86.95470214405024,,0
8,287,No,6.0,3,2,29,4,BrownChromis,48.13881894334685,No,,,,NRNL_nr,645.1508108219232,1381.3279140139314,107.25225100068062,80.31042720335549,,64.03137547635643,87.81404359141469,,0
8,287,No,6.0,3,2,29,5,BrownChromis,50.459105245376314,No,,,,NRNL_nr,638.386494668446,1928.976470736077,104.95663496905976,72.06739251662019,,161.05807687607572,84.90670447106199,,0
8,287,No,6.0,3,2,29,6,BrownChromis,35.70368391495489,No,,,,NRNL_nr,531.2308737425282,1940.3277151555935,65.78264504923372,62.24508034725946,,153.75267415185832,67.9448218603982,,0
8,287,No,6.0,3,2,29,7,BrownChromis,24.305966697175226,No,,,,NRNL_nr,586.8506541419401,1613.6444189230142,169.2225597615692,86.47516633574556,,129.36365047445418,81.1891798630107,,0
8,287,No,6.0,3,2,29,8,BrownChromis,41.237326775047784,No,,,,NRNL_nr,410.2800097244761,388.93998247805354,21.380762313543567,35.75119068844242,,136.71695523381854,73.62650152308761,,0
8,287,No,6.0,3,2,29,9,BrownChromis,40.90412193119368,No,,,,NRL_nr,520.4886504350104,522.9893657415829,18.07565261810557,31.25063918752306,5.899268598253659,66.95703205241459,38.13026764094395,,0
8,287,No,6.0,3,2,29,10,BrownChromis,43.69909392360233,No,,,,NRNL_nr,125.32522634590424,1095.4256608904998,256.46221567929234,128.9011451273849,,124.65112877910856,71.33743127098533,,0
8,287,No,6.0,3,2,29,11,BrownChromis,89.22961329580608,No,,,,NRNL_nr,593.5714492009229,1912.1870406942164,105.49934776535436,72.25709377374166,,92.17847910404278,83.7148308122691,,0
8,287,No,6.0,3,2,29,12,BrownChromis,40.20965355402032,No,,,,NRNL_nr,706.6371518212599,1790.7659900201993,126.52549833159996,84.74987036834413,,84.45741872585617,87.14270807984389,,0
8,287,No,6.0,3,2,29,13,BrownChromis,,No,,,,NRUD,,,0.0,0.0,0.0,,,,0
8,287,No,6.0,3,2,29,14,BrownChromis,38.448345465627256,No,,,,NRL_nr,282.8063970540353,1921.1603648432167,350.6467411866242,64.44463819748053,27.751403608026894,45.99069509173266,49.925568012848146,,0
8,287,No,6.0,3,2,29,15,BrownChromis,23.620807597205953,No,,,,NRL_nr,338.79013230525595,1985.586686654272,229.1405856121105,53.72159295464606,10.48117393019938,56.42024439258709,48.80828421221785,,0
8,287,No,6.0,3,2,29,16,BrownChromis,37.932415717200115,No,,,,NRNL_nr,366.6199515516325,1279.6278724074432,129.5340043442623,97.85003861043008,,158.74784833290454,81.2765704076998,,0
8,287,No,6.0,3,2,29,17,BrownChromis,35.56433958767822,No,,,,NRNL_nr,483.2180100896192,1184.6756027522656,102.95940606353088,86.83376831727841,,33.9878523803957,81.25939911078626,,0
8,287,No,6.0,3,2,29,18,BrownChromis,42.06417469328604,No,,,,NRNL_nr,180.14408481085928,1050.048652396744,78.72932451561198,74.00560552310418,,36.93096496903282,56.77060864271036,,0
8,287,No,6.0,3,2,29,19,BrownChromis,19.20137361218861,No,,,,NRNL_nr,170.79682283527933,1750.282267816383,131.94076172033445,67.29887814586625,,173.39732591868304,59.50884929246013,,0
8,287,No,6.0,3,2,29,20,BrownChromis,49.64911365909068,No,,,,NRL_nr,239.2309390368556,1437.5589400343904,17.41965625474095,36.81713372418709,36.81713372418709,134.67438455700542,17.639015846897443,,0
8,287,No,6.0,3,2,29,21,Parrotfish,80.83744480991297,No,,,,NRNL_nr,67.84290690968827,1059.4206988018182,244.6531484046169,123.5338860651396,,85.69464431858475,66.66661174153923,,0
8,287,No,6.0,3,2,29,22,Parrotfish,90.73023824361702,No,,,,NRNL_nr,50.13626654272757,1130.4295513846942,206.3532203108572,118.63630010830364,,101.77482294300916,63.56255431616832,,0
8,287,No,6.0,3,2,29,23,Basslet,62.56629639197738,No,,,,NRNL_nr,509.2379919807327,1542.09918271245,74.79819437178286,72.10441003092483,,36.01604963788987,82.6733221153624,,0
8,287,No,6.0,3,2,29,24,BrownChromis,25.38759597656746,No,,,,NRNL_nr,595.8589723300158,1804.5296773495888,164.1852124145036,88.69525150274475,,122.01985948969364,80.69021884373176,,0
8,287,No,6.0,3,2,29,25,BrownChromis,23.993012838703724,No,,,,NRNL_nr,363.24807304819046,2156.64829347576,47.61986909820046,54.971397031149166,,61.68314662214931,91.21133815200056,,0
8,287,No,6.0,3,2,29,26,BicolorDamselfish,24.909331292576336,No,,,,NRNL_nr,253.93392144077816,1531.5063366316213,201.88961583799096,88.5167649772802,,103.42379896299244,74.090740271674,,0
8,287,No,6.0,3,2,29,27,BicolorDamselfish,17.31961034892521,No,,,,NRNL_nr,67.53665329263117,1711.619472085553,131.27246987038316,72.36735395393318,,89.77827858417989,61.02492410831712,,0
8,287,No,6.0,3,2,29,28,BrownChromis,16.275559428442524,No,,,,NRNL_nr,252.9467459008843,1562.634685214556,133.34938202346575,82.95897399653435,,23.541790904130306,67.13564963367827,,0
8,287,No,6.0,3,2,29,29,BrownChromis,24.869309098086102,No,,,,NRL_nr,131.52692058486548,1781.74216278895,94.67673979827948,57.23869613600701,19.256129897861346,11.129731093489845,46.3099157922408,,0
8,287,No,6.0,3,2,29,30,BrownChromis,32.84590420565885,No,,,,NRL_nr,33.004943518422174,1048.0271696149168,62.23192795899054,66.66710733188877,46.31029359063737,63.454328675005655,45.02208426534313,,0
8,288,No,2.0,3,2,30,1,Soapfish,120.33982594097914,No,,,,NRNL_nr,114.88971033019676,1577.469614150714,89.1092076151472,86.91207055341081,,89.61791105951684,68.03725956908414,,0
8,288,No,2.0,3,2,30,2,BrownChromis,55.23532674117655,No,,,,NRNL_nr,592.2323646830013,1800.3684677278904,124.19401197068578,88.73876271849868,,42.21642906857781,74.5294554152515,,0
8,288,No,2.0,3,2,30,3,BrownChromis,33.31368922122779,No,,,,NRNL_nr,451.8645362810255,1890.7146659861392,141.57519678526052,99.14717060721529,,20.283374890300284,71.84642531153654,,0
8,288,No,2.0,3,2,30,4,BrownChromis,43.4225732808482,No,,,,NRNL_nr,489.2180906596681,1944.8673254675564,220.77538886900248,77.77940387872147,,77.49836189807615,61.615754164686045,,0
8,288,No,2.0,3,2,30,5,BrownChromis,39.329196095267875,No,,,,NRNL_nr,559.9375368092286,1931.8008783557748,144.91400340459316,91.46692878711876,,160.28384607161027,68.2552183284012,,0
8,288,No,2.0,3,2,30,6,BrownChromis,43.30068758683973,No,,,,NRNL_nr,487.9523976084911,1535.0584363749872,82.73875452989267,82.14863199285084,,52.02161619922512,60.58443286011669,,0
8,288,No,2.0,3,2,30,7,BrownChromis,45.40770024721069,No,,,,NRL_nr,433.0356191255282,1605.090238072887,60.425178065584774,69.88321627438222,16.756177163918952,46.48546267529274,50.117720934552224,,0
8,288,No,2.0,3,2,30,8,BrownChromis,39.492519865422615,No,,,,NRNL_nr,482.5261727682715,1995.4266025709007,118.42415272746078,76.62376196564145,,15.796245516062797,58.20294696228482,,0
8,288,No,2.0,3,2,30,9,BrownChromis,43.268475475076016,No,,,,NRNL_nr,266.6644482768692,1342.1388460320873,98.04767787763195,97.10026809032864,,41.77484258102357,73.36740760558943,,0
8,288,No,2.0,3,2,30,10,BrownChromis,34.18583381139841,No,,,,NRNL_nr,473.0883620303169,1333.290839176804,113.93945334178883,98.28320665300517,,63.90503233994373,77.46789865141153,,0
8,288,No,2.0,3,2,30,11,BrownChromis,35.57263439302377,No,,,,NRNL_nr,522.7138007476573,1509.4508777135336,135.1398154002275,101.86897042651968,,69.59567399950046,77.26694947185476,,0
8,288,No,2.0,3,2,30,12,BrownChromis,34.403434014653136,No,,,,NRNL_nr,707.5733493099553,1843.3187234198065,70.32085878762483,63.426101186904134,,15.36790463821828,83.289706159044,,0
8,288,No,2.0,3,2,30,13,BrownChromis,26.397037711165343,No,,,,NRNL_nr,619.9930031868627,2096.768466134795,85.54601992840072,78.52262612823245,,16.447833069184234,72.56123863232783,,0
8,288,No,2.0,3,2,30,14,BrownChromis,24.99140775076117,No,,,,NRNL_nr,364.9209425510452,1635.473261881726,152.8737505769541,124.34555168667882,,154.98904317573923,69.40106666273279,,0
8,288,No,2.0,3,2,30,15,BrownChromis,21.98960911327753,No,,,,NRNL_nr,357.9076464085187,1765.7068634068785,157.63580075000613,114.64927930435304,,62.2013827899439,64.8696876484441,,0
8,288,No,2.0,3,2,30,16,BrownChromis,41.58628879079776,No,,,,NRL_nr,81.78589387839043,1587.4452370110982,31.252758657887743,61.02656974072113,61.02656974072113,67.95568614403894,38.640242894741775,,0
8,288,No,2.0,3,2,30,17,BrownChromis,44.294100930914496,No,,,,NRNL_nr,660.4668993240649,1070.8401235860108,28.006845911538537,58.72789315635207,,134.06141116739587,98.66539883554373,,0
8,288,No,2.0,3,2,30,18,BrownChromis,,No,,,,NRUD,,,0.0,0.0,0.0,,,,0
8,288,No,2.0,3,2,30,19,BrownChromis,31.27000954944764,No,,,,NRL_nr,263.83162496016195,761.4200539977011,25.40891851090136,43.14948420453318,2.004930971644258,131.15479913936213,24.04501896108117,,0
8,288,No,2.0,3,2,30,20,BrownChromis,52.755893297073854,No,,,,NRNL_nr,454.3192141547768,1193.4376047592018,112.56483933326254,92.32511001724691,,69.7646272189761,58.99498107324301,,0
8,288,No,2.0,3,2,30,21,BrownChromis,49.6009912279465,No,,,,NRL_nr,458.9114695872522,1236.3981525236966,102.46592841896496,87.27077076368364,78.96154340026125,60.2659094463858,52.79933000307424,,0
8,288,No,2.0,3,2,30,22,Parrotfish,126.66676491540704,No,,,,NRL_nr,27.204192221791786,981.5421463604172,47.34640502773511,58.57203356289243,5.399541675738465,77.79701501596332,46.847096791761345,,0
8,288,No,2.0,3,2,30,23,Basslet,58.03272319569117,No,,,,NRNL_nr,468.4218580667019,1662.160321769764,39.55261134734871,66.6452087045763,,168.57798186976282,79.12332597535926,,0
8,288,No,2.0,3,2,30,24,BrownChromis,97.77160636731084,No,,,,NRNL_nr,371.54934730214774,906.5102009496012,60.94269885163096,60.11226554631445,,111.7403246668665,62.4039357334677,,0
8,289,Yes,7.0,3,2,31,1,BrownChromis,43.41565643979299,No,,1.0,2.0,NRNL_r,377.1474997529671,596.3016783217272,72.71250770114813,82.18948424414093,,37.210602028388195,68.6686205931896,,0
8,289,Yes,7.0,3,2,31,2,BicolorDamselfish,41.89847622458129,No,,1.0,2.0,NRNL_r,159.28867015922398,736.212611831108,89.76468011236418,86.95319043275842,,98.22522980089734,59.39490963791369,,0
8,289,Yes,7.0,3,2,31,3,Doctorfish,112.5031364044043,No,,1.0,2.0,NRL_r,676.1132926294966,2379.5743772911264,10.329104011586884,29.943068333795495,29.943068333795495,19.969093309743652,43.33600381636952,,0
8,289,Yes,7.0,3,2,31,4,BrownChromis,21.81631050463321,No,,1.0,2.0,NRNL_r,102.55303723189294,1316.0654786923308,64.30188652404361,78.11371007193051,,75.47394600566979,61.90569200477006,,0
8,289,Yes,7.0,3,2,31,5,BrownChromis,66.07188390678832,No,,1.0,2.0,NRNL_r,781.891758324753,1430.6102461391015,104.12545059067948,64.75698262200824,,61.4095241264277,90.2590419754726,,0
8,289,Yes,7.0,3,2,31,6,BrownChromis,42.96866730784688,No,,1.0,2.0,NRNL_r,392.5948839732922,445.9453249819496,56.101911577260175,69.91953190870979,,36.01059154776328,85.466673427815,,0
8,289,Yes,7.0,3,2,31,7,BrownChromis,56.95985103773734,No,,1.0,2.0,NRNL_r,532.0941757605902,1308.0240000859685,71.63969409929256,76.58547533884881,,26.034738232215062,75.3037422877829,,0
8,289,Yes,7.0,3,2,31,8,BrownChromis,48.54088800204972,No,,1.0,2.0,NRNL_r,808.4735981560082,1460.7963758853552,54.30539721601853,66.38575062748404,,162.99680629058463,95.87066987205505,,0
8,289,Yes,7.0,3,2,31,9,BrownChromis,37.88674140241631,No,,1.0,2.0,NRNL_r,682.9031200085094,1791.087909200684,88.9675418119636,66.57385640499322,,30.97252979652657,85.03973891989062,,0
8,289,Yes,7.0,3,2,31,10,BrownChromis,42.13971899574023,No,,1.0,2.0,NRNL_r,541.5795806312185,518.8364199969426,60.53202203424943,73.41846370757844,,79.01068787196932,97.98614408277189,,0
8,289,Yes,7.0,3,2,31,11,BrownChromis,38.78412746236717,No,,1.0,2.0,NRNL_r,654.563890326682,1691.0606206653233,110.81642293064272,74.4200400242008,,114.95765458062488,83.09655855173173,,0
8,289,Yes,7.0,3,2,31,12,BrownChromis,33.484397045776966,No,,1.0,2.0,NRNL_r,506.1690232595762,1656.13841120517,81.56811952582694,69.43345257781492,,13.048059586657644,75.03075895891106,,0
8,289,Yes,7.0,3,2,31,13,BrownChromis,46.867590207440195,No,,1.0,2.0,NRNL_r,625.2547148165977,1460.7400363000306,112.94227125795835,80.3370384351079,,25.79161303125419,82.83306534534249,,0
8,289,Yes,7.0,3,2,31,14,BrownChromis,30.5787308165372,No,,1.0,2.0,NRNL_r,240.17410232009144,1792.6010964899783,59.610164825322414,57.90562803242706,,110.70802552957096,65.6196370660927,,0
8,289,Yes,7.0,3,2,31,15,BrownChromis,39.98120979478815,No,,1.0,2.0,NRNL_r,520.551721325858,228.88224450281865,337.2174585911878,80.52324034013989,,59.27571242790299,66.77257253681286,,0
8,289,Yes,7.0,3,2,31,16,BrownChromis,67.28036642488391,No,,1.0,2.0,NRL_r,140.97187764575622,1194.0761153841606,46.42454542304112,67.77124248492584,47.432739460814126,96.10098041088123,48.09757668058287,,0
8,289,Yes,7.0,3,2,31,17,Basslet,83.8113858043706,No,,1.0,2.0,NRL_r,8.574346172618714,915.3487888297204,40.65408516324544,61.35418026304875,13.83306344922414,33.097459041821345,32.034857817111764,,0
8,289,Yes,7.0,3,2,31,18,Basslet,83.45668717089673,No,,1.0,2.0,NRNL_r,148.93776963556653,956.9053330021968,69.5651910628054,74.49163477703932,,94.91002921209652,65.76362625138476,,0
8,289,Yes,7.0,3,2,31,19,BrownChromis,40.6377965255129,No,,1.0,2.0,NRL_r,242.87781559594023,765.3238574118047,35.95628885100356,62.256032560193425,7.771578469164084,158.31760860338002,22.29413432066701,,0
8,289,Yes,7.0,3,2,31,20,BicolorDamselfish,51.3507238288451,No,,1.0,2.0,NRNL_r,3.804765365936607,1705.2451827680577,46.97983616009668,56.39558375334755,,97.2300431685152,58.83436793757179,,0
8,289,Yes,7.0,3,2,31,21,Grunt,107.56571838729934,No,,1.0,2.0,NRNL_r,771.932557507756,670.9532999350473,15.05437302751063,37.90305759049633,,153.91476688362388,58.401854398327245,,0
8,289,Yes,7.0,3,2,31,22,BrownChromis,32.343197477375845,Yes,2388.0,0.0,1.0,FR,544.682871111068,171.22341135392125,636.328951779122,97.29272869519453,,6.487710405090376,65.79506235795255,815.7416933035471,1
8,289,Yes,7.0,3,2,31,23,BrownChromis,41.412433312016304,No,,1.0,2.0,NRNL_r,206.96268026848696,1607.9309145110797,73.04098762240045,70.93660711635839,,85.9898074777841,70.79251720280661,,0
8,289,Yes,7.0,3,2,31,24,BrownChromis,,No,,1.0,2.0,NRUD,,,0.0,0.0,0.0,,,,0
8,289,Yes,7.0,3,2,31,25,BrownChromis,46.3280290194739,No,,1.0,2.0,NRL_r,14.640337936228455,1738.9945042154898,11.892337889860364,36.92667823653235,3.995446670368795,29.73662156191292,19.433265623668436,,0
8,290,No,5.0,3,2,32,1,BrownChromis,43.40641656498598,No,,,,NRL_nr,283.3375452929909,1531.3150693612215,66.56962610067484,54.813346815954766,45.244381230188615,93.37767385851532,26.232185322120724,,0
8,290,No,5.0,3,2,32,2,BrownChromis,73.97213923161426,No,,,,NRNL_nr,369.6942809148052,1949.715038232004,150.09802733867775,89.3688480935177,,78.79975248385445,65.61860949165393,,0
8,290,No,5.0,3,2,32,3,BrownChromis,35.3504403051689,No,,,,NRNL_nr,283.899800281726,1673.5065612781618,258.19744410120575,100.98250170376753,,12.164904094218285,65.83098402523808,,0
8,290,No,5.0,3,2,32,4,BrownChromis,37.94915991524647,No,,,,NRNL_nr,264.4498895830796,1760.4978723354434,442.9215562855291,133.4945467035173,,54.63036056282712,66.09563469351941,,0
8,290,No,5.0,3,2,32,5,BrownChromis,47.16751985235019,No,,,,NRNL_nr,193.72616001880675,1734.6490956347964,352.57615273218266,101.75624221298692,,34.266647630448105,64.21572036492023,,0
8,290,No,5.0,3,2,32,6,BrownChromis,37.22837232513731,No,,,,NRNL_nr,587.470499937351,2140.3896320407343,90.34972534224032,81.06132422662202,,47.11941579456765,72.2809671318018,,0
8,290,No,5.0,3,2,32,7,BrownChromis,40.83810363128513,No,,,,NRNL_nr,504.57231748874295,2182.001975065054,106.12062992848684,69.68741686525875,,81.85022467405105,66.83949902846196,,0
8,290,No,5.0,3,2,32,8,BrownChromis,35.64027091876868,No,,,,NRNL_nr,502.8620183728263,2159.9620161038906,86.3392986022088,77.18033535625233,,96.4948420684496,62.89054834459576,,0
8,290,No,5.0,3,2,32,9,BrownChromis,32.246606141997226,No,,,,NRL_nr,374.25953692976947,1632.5286402100585,84.13190371177224,48.389616438754,18.40847574963861,18.025990342994596,30.8832907476439,,0
8,290,No,5.0,3,2,32,10,BrownChromis,42.27898972107933,No,,,,NRL_nr,302.93600452816906,1670.874611460882,82.07442762667112,57.987805011601026,52.35928050514861,93.70302846826398,46.430676735320816,,0
8,290,No,5.0,3,2,32,11,BrownChromis,19.465313245076853,No,,,,NRL_nr,87.05594877156418,1768.9655743354897,173.10970318417796,71.01788855226042,39.21729079629449,150.00501555382655,54.2224644958027,,0
8,290,No,5.0,3,2,32,12,BrownChromis,21.458407152083332,No,,,,NRL_nr,86.6202985325609,1746.351378784326,149.48736688817075,64.91604999063684,26.250551831657432,120.95845194501504,49.92947416602388,,0
8,290,No,5.0,3,2,32,13,BrownChromis,61.80053263298667,No,,,,NRL_nr,246.2469534261704,1114.2257056513884,158.8030061923054,77.01638863165614,11.11118188372874,84.51537149778258,46.60145965783746,,0
8,290,No,5.0,3,2,32,14,BrownChromis,39.157111369105166,No,,,,NRL_nr,43.74505805617966,1270.1236271021496,114.74591705301098,93.11939921357316,32.90744610762676,128.47148833629626,52.14178940327453,,0
8,290,No,5.0,3,2,32,15,BrownChromis,87.12900692273726,No,,,,NRL_nr,174.74675196435464,1152.5071313915075,234.60607223143583,90.788787685901,46.933700175882905,140.90278121879652,48.869805908528555,,0
8,290,No,5.0,3,2,32,16,BicolorDamselfish,31.199868854763935,No,,,,NRL_nr,0.4154921464046684,1388.666881420746,75.90864496637222,62.3858754061162,51.66807051240176,68.97383967224876,35.28469419027584,,0
8,290,No,5.0,3,2,32,17,BrownChromis,28.066589220478,No,,,,NRL_nr,198.00466430594955,1416.234091811595,104.05102567394437,75.5878088726019,64.63515744540119,49.586963135054006,41.52688830147478,,0
8,290,No,5.0,3,2,32,18,BrownChromis,16.240218339481864,No,,,,NRNL_nr,72.98616549266838,1657.4056990529978,164.81931756890586,108.943910310452,,39.22746142547498,65.30486433354245,,0
8,290,No,5.0,3,2,32,19,Parrotfish,146.88160223150223,No,,,,NRNL_nr,379.7548307358346,1921.9750718953328,85.9228345874939,68.92640913829553,,15.744830374267856,72.36480969160024,,0
8,290,No,5.0,3,2,32,20,Basslet,41.36122646607188,No,,,,NRNL_nr,404.4406212103954,1579.5508592459962,34.55556947081251,60.268662859955256,,60.6661890933906,76.92757776252897,,0
8,290,No,5.0,3,2,32,21,BrownChromis,15.38615607392394,No,,,,NRNL_nr,127.03022292967576,1675.2538297298925,164.599942758253,81.25985103967699,,93.96485093883,57.03800310278771,,0
8,291,No,6.0,3,2,33,1,BrownChromis,31.850432768552967,No,,,,NRNL_nr,373.4725639814699,826.5553547481317,40.77228788660159,55.19088931122125,,81.77203547250492,83.62975816453849,,0
8,291,No,6.0,3,2,33,2,BrownChromis,66.40749615513094,No,,,,NRNL_nr,477.8643498254229,1465.8599605153463,227.20626189872792,94.26871057562435,,163.49001513277727,79.44280214902832,,0
8,291,No,6.0,3,2,33,3,BrownChromis,40.93550090069916,No,,,,NRNL_nr,398.6492862031606,1653.9461132069673,129.98951899535203,85.9078253317777,,71.97083626048574,75.66765132187194,,0
8,291,No,6.0,3,2,33,4,BrownChromis,51.825780150616275,No,,,,NRNL_nr,329.00131451288274,1427.043736897737,84.7267410944277,80.14787412563376,,149.79806290454013,78.16321824001686,,0
8,291,No,6.0,3,2,33,5,BrownChromis,36.183200117735325,No,,,,NRNL_nr,424.97931757268987,1486.1289846587424,245.90670780792632,124.74905330905172,,84.26607310880803,78.57870537253882,,0
8,291,No,6.0,3,2,33,6,BrownChromis,36.173270676276566,No,,,,NRL_nr,444.73189244802705,2156.583355348706,68.00821363406114,72.90136184444741,51.3480924348878,138.3000047556857,54.04866098263146,,0
8,291,No,6.0,3,2,33,7,BrownChromis,37.1163808908768,No,,,,NRNL_nr,454.2674867435872,2066.541645734006,78.35127705057084,77.17648043462407,,122.1302234875194,58.51213184494035,,0
8,291,No,6.0,3,2,33,8,BrownChromis,39.80696870682257,No,,,,NRL_nr,401.8030173713498,1825.4273902591456,100.46145663025813,91.5059416148402,68.25563584104722,129.14160033833824,52.08883927253372,,0
8,291,No,6.0,3,2,33,9,BrownChromis,41.35282680646576,No,,,,NRL_nr,201.01078917924585,1706.0599931254928,162.33223269505146,100.33961445397368,67.16839069603876,136.86750046818096,54.70370563859089,,0
8,291,No,6.0,3,2,33,10,BrownChromis,35.05004285376757,No,,,,NRNL_nr,179.04892445805675,1869.761223588516,97.25872172251344,82.94160731598926,,99.32511007234451,58.53908588312613,,0
8,291,No,6.0,3,2,33,11,BrownChromis,53.44174713833995,No,,,,NRL_nr,349.6930702738066,1941.351037417339,70.1273921442832,54.49566235689101,17.522671829046455,13.795708524014136,37.007682657060904,,0
8,291,No,6.0,3,2,33,12,BrownChromis,43.93912562006056,No,,,,NRL_nr,501.2546350470455,2101.015120166344,62.02499459560643,69.4950672167874,60.399974374192986,85.32742297690056,44.91461032648187,,0
8,291,No,6.0,3,2,33,13,BrownChromis,46.25067977704183,No,,,,NRNL_nr,132.74891861264766,1657.5741595407303,94.44384039171446,78.18224670881642,,75.80546479201217,67.50994005117012,,0
8,291,No,6.0,3,2,33,14,BicolorDamselfish,38.5755667073248,No,,,,NRL_nr,164.92117300240974,1669.2259282740397,109.14253450843512,72.15792052526729,37.841200138240275,162.45055157219716,42.444103354478614,,0
8,291,No,6.0,3,2,33,15,BrownChromis,38.193635994369906,No,,,,NRNL_nr,255.28488610537636,1132.307403903656,79.44112238872104,73.89077866717852,,133.48709915218868,75.84009727418994,,0
8,291,No,6.0,3,2,33,16,BrownChromis,38.68744097041615,No,,,,NRL_nr,268.37677257923895,1488.5522117692317,119.1359636669758,87.78841525889476,46.269287798711424,144.27961207028895,48.88406303310519,,0
8,291,No,6.0,3,2,33,17,BicolorDamselfish,25.609279729293775,No,,,,NRL_nr,91.07573736151934,1581.2245614799715,164.23577547917972,103.67152236636046,47.87844324582402,27.39146009124579,53.82061620579087,,0
8,291,No,6.0,3,2,33,18,BicolorDamselfish,31.18741896885751,No,,,,NRNL_nr,221.2561246515066,1299.543544299224,136.45823586537094,105.25900183700512,,107.08255382282914,61.91223775905373,,0
8,291,No,6.0,3,2,33,19,BrownChromis,49.72164235066455,No,,,,NRNL_nr,244.8799869601847,1144.8183842841831,146.99378879824246,94.89891702162356,,166.80272751068367,58.93707701910443,,0
8,291,No,6.0,3,2,33,20,BrownChromis,30.647597297988348,No,,,,NRNL_nr,9.834414545034331,1234.1735008314076,117.89713334408302,101.73331371058174,,43.091613609231395,55.39130946701237,,0
8,291,No,6.0,3,2,33,21,BrownChromis,45.078568691043785,No,,,,NRL_nr,184.117263128491,1152.5503591376312,149.4061624535973,97.58049545837588,34.900327874747234,34.46812874949923,45.94092379778647,,0
8,291,No,6.0,3,2,33,22,BrownChromis,67.47149524713348,No,,,,NRL_nr,1.8183250219338123,1072.5468658559148,90.81625395761613,77.46621511606484,8.940323152138479,89.9488316108536,44.394866841293464,,0
8,291,No,6.0,3,2,33,23,BrownChromis,54.6634006641166,No,,,,NRL_nr,195.1916735870036,941.3787254317004,108.87675865299384,77.05050481116837,2.885888440041755,139.9382159848994,46.53122243740403,,0
8,291,No,6.0,3,2,33,24,Parrotfish,104.0986841001299,No,,,,NRNL_nr,850.2656216646592,3027.2589953632296,10.421242989267922,28.54899513114064,,128.20512395168086,65.63980064796006,,0
8,291,No,6.0,3,2,33,25,BrownChromis,,No,,,,NRUD,,,0.0,0.0,0.0,,,,0
8,291,No,6.0,3,2,33,26,BrownChromis,35.35441423273673,No,,,,NRL_nr,216.26542922998817,1715.7851204809149,71.20838500157598,62.04584824353559,62.04584824353559,38.00157044598432,33.478215939089324,,0
8,291,No,6.0,3,2,33,27,BicolorDamselfish,34.87594142505716,No,,,,NRL_nr,81.88378117950056,1244.177177834233,114.65206450344246,81.3687355859082,51.2612200196416,90.79715470713992,38.96969956242789,,0
9,293,No,2.0,4,1,1,1,BrownChromis,58.37484718641758,No,,,,NRNL_nr,314.55968308931074,1367.316333419819,75.93018113178022,45.03639262487975,,112.73883761616446,69.25270324284983,,0
9,293,No,2.0,4,1,1,2,BrownChromis,47.25476815517346,No,,,,NRNL_nr,7.244819775819146,1935.74820827342,44.89193844045971,30.02100607867981,,92.65626336720672,59.77079470368257,,0
9,293,No,2.0,4,1,1,3,Basslet,122.78603784998924,No,,,,NRL_nr,85.03881566867497,1011.648102991781,18.51954196905125,17.455816041814614,15.093312484058483,118.9030139855917,31.48346914428675,,0
9,293,No,2.0,4,1,1,4,BrownChromis,36.778023300098255,No,,,,NRL_nr,24.649164490019157,1303.127697124293,34.20331935807752,25.756608807808696,12.03699601938579,150.7658479247668,35.435559809950625,,0
9,293,No,2.0,4,1,1,5,Wrasse,54.32225613070679,No,,,,NRL_nr,206.8457921198425,1118.6072819837532,57.19993574071006,42.926606601348375,12.440678576258,163.70197778097003,52.58004682279448,,0
9,293,No,2.0,4,1,1,6,BrownChromis,48.995478021474426,No,,,,NRNL_nr,47.75722158297392,1424.3781886134072,51.313781380870225,39.4741206874734,,80.937715028089,55.31246447940863,,0
9,293,No,2.0,4,1,1,7,BrownChromis,44.6050146621349,No,,,,NRNL_nr,294.72501882900224,1303.6752359877466,66.6031200047845,49.69690514657489,,67.93944619919947,73.74582235936796,,0
9,293,No,2.0,4,1,1,8,BrownChromis,44.72213092590273,No,,,,NRNL_nr,260.4335259697278,1239.1351251266503,73.36164018067277,51.49994360238989,,148.81285752134136,60.69483323375804,,0
9,293,No,2.0,4,1,1,9,BrownChromis,21.871940194024916,No,,,,NRNL_nr,84.08255918800336,2028.9916554521467,44.703380293163754,37.01381644070456,,146.82814818538077,59.8405842824195,,0
9,296,Yes,4.0,4,1,4,1,BrownChromis,47.53716798536577,Yes,2389.0,6.0,3.0,SRTC,277.49097021720644,1411.713590676591,237.7701187321224,122.18359661905646,53.26849972383522,17.65391050407666,33.4606590307936,,1
9,296,Yes,4.0,4,1,4,2,Parrotfish,175.14795937223917,No,,13.0,8.0,NRL_r,0.7528181218374181,1470.051097352363,47.12667611780434,59.14898023285571,59.14898023285571,129.88828134096295,51.220007955538755,,0
9,296,Yes,4.0,4,1,4,3,BrownChromis,43.40606005128086,Yes,2390.0,7.0,4.0,SRL,42.81774772396499,1067.3996448705802,88.0387371567397,57.56203636587866,43.27085178593303,33.10051629564612,46.79845639867211,502.0366635679913,1
9,296,Yes,4.0,4,1,4,4,Grunt,147.27983649890544,No,,13.0,8.0,NRNL_r,438.6758465782044,827.5390852582558,8.78800627534583,27.81181233141255,,118.121164721782,70.60222713627951,,0
9,296,Yes,4.0,4,1,4,5,BrownChromis,42.71051431170772,Yes,2384.0,1.0,1.0,FR,254.5321117771061,1011.3980907480404,126.36104567190576,70.00862591866098,21.783325861319593,67.76509366947053,37.22143598301847,1692.3823562974403,1
9,296,Yes,4.0,4,1,4,6,BrownChromis,32.37886938699777,Yes,2390.0,7.0,4.0,SRL,463.4139363015818,1399.9054795527074,71.70523848491467,83.26869579142914,83.26869579142914,53.488441513836435,19.24354690752911,1892.4327283269856,1
9,296,Yes,4.0,4,1,4,7,BrownChromis,27.140755046441328,Yes,2383.0,0.0,1.0,FR,241.57224208319616,1128.990374600773,194.18782522096765,105.99164657821196,34.8954097156259,28.958166425923565,28.945362889411964,601.7458348073234,1
9,296,Yes,4.0,4,1,4,8,BrownChromis,27.10862562946697,Yes,2391.0,8.0,5.0,SRL,242.2007330283053,1225.9955252631596,180.6449149481253,92.54534036340064,58.78909266253113,52.80067549957442,39.42720921425091,2913.993084505502,1
9,296,Yes,4.0,4,1,4,9,BrownChromis,42.41924764341971,Yes,2392.0,9.0,6.0,SRL,449.7552937854736,1526.8432062760542,224.94148974472975,120.25976823920398,74.70028151029348,25.87050228427881,36.96849926300583,2077.239701608504,1
9,296,Yes,4.0,4,1,4,10,BrownChromis,74.25972986351948,Yes,2390.0,7.0,4.0,SRL,379.8183488344808,1619.7883763136456,151.0234975637241,84.34971142934158,67.67922794131188,40.3803692028699,44.68327300924666,2656.4754966123755,1
9,296,Yes,4.0,4,1,4,11,BrownChromis,36.32076859862164,Yes,2392.0,9.0,6.0,SRL,241.61310457402644,1267.9702531876865,206.90450245993716,123.1737761297029,37.12746670840525,19.94952178441344,29.8276962016519,2374.866985153874,1
9,296,Yes,4.0,4,1,4,12,BrownChromis,54.89549260798157,Yes,2388.0,5.0,2.0,SRL,413.34888919182265,1367.905633658881,220.96818849405145,113.04477740029074,52.75535419854885,46.936483605467345,32.16018033102804,1880.6539877203977,1
9,296,Yes,4.0,4,1,4,13,BrownChromis,44.563768575828625,Yes,2395.0,12.0,7.0,SRTC,283.07822100177214,1579.058118908902,140.7016572587443,109.81649715632054,45.67863613570572,30.849535539999213,35.216282019305744,,1
9,296,Yes,4.0,4,1,4,14,BrownChromis,53.66907509046224,Yes,2391.0,8.0,5.0,SRL,416.9756483841924,1732.3861120652969,107.13895526198604,81.58780912789122,81.58780912789122,22.51420121192652,40.54313602205505,1158.084286309762,1
9,296,Yes,4.0,4,1,4,15,Grunt,127.506689039495,No,,13.0,8.0,NRL_r,96.8377919076149,1311.1400047437185,79.64419907535748,83.61877063362823,37.53642044262947,99.58568745547208,32.64039401425134,,0
9,296,Yes,4.0,4,1,4,16,BrownChromis,41.96169100935565,Yes,2386.0,3.0,1.0,FR,455.8406163566604,1419.5156475327765,383.5464080500397,105.02335553814454,56.761122516785946,26.09084276177146,37.29258365712276,2295.18039826607,1
9,298,No,2.0,4,1,6,1,BrownChromis,188.9209497321561,No,,,,NRL_nr,122.707476104355,1276.6283490422422,92.3509515398488,41.94242845284579,0.0,65.23776911771381,44.83180983436207,,0
9,298,No,2.0,4,1,6,2,Basslet,,No,,,,NRTC,700.8672330419233,452.55047112465473,2.8362318241526103,16.565192060737665,,,88.99044195952362,,0
9,298,No,2.0,4,1,6,3,BrownChromis,78.22650235416106,No,,,,NRL_nr,49.21119792795609,1468.2694640871955,111.05069470377978,46.86718623251483,46.86718623251483,49.70026383185491,48.723952847209226,,0
9,298,No,2.0,4,1,6,4,BrownChromis,49.33954414617459,No,,,,NRL_nr,17.463931702018417,1239.4943611767792,76.61074071396581,73.5780032481748,56.68009698576225,155.2942827199375,51.96551522985481,,0
9,298,No,2.0,4,1,6,5,BrownChromis,72.2567814128143,No,,,,NRL_nr,2.8680722795673854,1443.0572604420668,107.29896294807584,31.768262198328852,9.888155089281913,76.96978189224556,47.8717043968101,,0
9,298,No,2.0,4,1,6,6,BrownChromis,,No,,,,NRUD,,,0.0,0.0,0.0,,,,0
9,301,Yes,5.0,4,1,9,1,BrownChromis,40.74123730605279,Yes,2400.0,9.0,3.0,SRL,246.40543504158012,1355.9539894802645,179.36880640940208,104.50460653051792,53.74860721641787,72.93198516340037,41.88414610075398,1613.955220994412,1
9,301,Yes,5.0,4,1,9,2,BrownChromis,50.00547887013502,Yes,2394.0,3.0,1.0,FR,85.3346698697557,1343.2210653847617,146.39134500309217,79.28667361203388,45.13979837217905,84.97880402309609,42.88969691517149,1401.4432050939097,1
9,301,Yes,5.0,4,1,9,3,BrownChromis,87.53874895149221,Yes,2391.0,0.0,1.0,FR,177.2567299796007,1199.0010190817884,230.44788384488257,79.34281625819753,33.51122862402784,58.51455718274593,36.09972292168171,897.2301514517465,1
9,301,Yes,5.0,4,1,9,4,BrownChromis,38.39701697419353,Yes,2394.0,3.0,1.0,FR,308.64643345238477,1461.1206422554517,125.80130567582788,83.71071815301475,72.8103618939866,66.16891490694111,38.57791990013014,1500.0458259327677,1
9,301,Yes,5.0,4,1,9,5,Basslet,143.28375405692202,No,,16.0,6.0,NRL_r,172.11174549172495,926.1244982446776,46.04788834843923,44.57333820946823,0.0,79.84529744664911,49.75992214122458,,0
9,301,Yes,5.0,4,1,9,6,BrownChromis,33.63146032650256,Yes,2393.0,2.0,1.0,FR,174.00064015156437,1116.3226208798176,217.89260435750091,118.6558466895724,26.78978539077035,55.770393331634565,39.06422631969435,1232.07365556407,1
9,301,Yes,5.0,4,1,9,7,BrownChromis,55.20170823768905,Yes,2392.0,1.0,1.0,FR,285.0750166715163,1276.3355501376,122.27377616542071,78.3795952262795,0.0,40.35650382279919,31.483736964757114,1966.1558825682512,1
9,301,Yes,5.0,4,1,9,8,BrownChromis,28.673746956010824,Yes,2402.0,11.0,4.0,SRNL,405.9246686778984,1559.7522153301295,34.485331151581036,39.17723325808562,,96.79334715005152,58.56111282846806,3210.5744331395385,1
9,301,Yes,5.0,4,1,9,9,BrownChromis,33.88688794735643,Yes,2406.0,15.0,5.0,SRTC,97.3898010597543,2094.8331574103313,10.386784041649625,21.674166628568685,,115.79640202218305,60.930743224608534,,1
9,301,Yes,5.0,4,1,9,10,BrownChromis,53.01384079204803,Yes,2396.0,5.0,2.0,SRL,459.8849294392858,1534.5685265089062,55.57772299974717,49.00845787582912,47.990567694001335,70.08441054000478,47.050554717038075,2062.018301089541,1
9,302,Yes,8.0,4,1,10,1,BrownChromis,85.34371278032906,No,,1.0,2.0,NRNL_r,2.762347565866909,1583.5692686417754,43.56413111986677,47.3524693194164,,56.87110858134097,58.062200785337474,,0
9,302,Yes,8.0,4,1,10,2,BrownChromis,67.12718610779312,No,,1.0,2.0,NRNL_r,106.52417997444896,1150.4049920128489,97.34079911078734,75.96933011673973,,56.189666440981874,57.06419252603431,,0
9,302,Yes,8.0,4,1,10,3,BrownChromis,39.47014209511953,No,,1.0,2.0,NRL_r,285.82744606442526,1818.535665880959,20.54121790021232,37.9162324279921,37.9162324279921,32.231609210699446,52.929209764917175,,0
9,302,Yes,8.0,4,1,10,4,BrownChromis,60.93215473893043,No,,1.0,2.0,NRNL_r,104.38166297627212,1443.988518948765,107.82009234481109,65.66140986049253,,16.015873631718367,55.277483669489385,,0
9,302,Yes,8.0,4,1,10,5,Basslet,122.89284426441276,No,,1.0,2.0,NRNL_r,250.14107698347095,957.6929377811726,38.430202374506166,38.523491130797794,,118.11735113599356,63.80473875226376,,0
9,302,Yes,8.0,4,1,10,6,BrownChromis,28.632270760153222,Yes,2399.0,0.0,1.0,FR,134.33287390065598,1361.2005650748424,59.579239624477125,56.23958698239158,30.291844177477913,23.01198986415432,46.177574239367694,1214.2744908578854,1
9,302,Yes,8.0,4,1,10,7,BrownChromis,56.08139614597544,No,,1.0,2.0,NRNL_r,46.97973002327162,1300.8538998350998,132.99879849248123,81.24899174365083,,117.88308463850392,57.541659408632505,,0
9,303,Yes,3.0,4,1,11,1,BrownChromis,42.92198502428826,Yes,2390.0,0.0,1.0,FR,279.45725910270994,874.442816618241,53.67283638583386,41.331831097406,0.0,73.23884747590861,45.82818511155532,1703.4589662323513,1
9,303,Yes,3.0,4,1,11,2,BrownChromis,21.99530438876104,Yes,2404.0,14.0,6.0,SRTC,21.982009523220743,1062.8282533725858,58.95878672509169,46.43808378091955,4.007290310348769,94.18500185457148,53.53223685183644,,1
9,303,Yes,3.0,4,1,11,3,BrownChromis,41.93111077139118,Yes,2391.0,1.0,1.0,FR,407.9072026216131,1156.8803333731191,97.68782710215476,60.48120672300038,22.46010132481177,75.87302936095169,37.502021175601975,2702.481699927591,1
9,303,Yes,3.0,4,1,11,4,Parrotfish,149.0420946950193,Yes,2427.0,37.0,7.0,SRL,0.4304627691885189,1627.7802387248323,14.16625564139638,20.738036875214636,17.169173494081477,80.87098812914125,41.3100938685462,479.1332032311278,1
9,303,Yes,3.0,4,1,11,5,BrownChromis,42.6365381663708,Yes,2398.0,8.0,4.0,SRL,283.7055740852376,1614.876503200342,41.89318332660636,44.75784915355714,44.75784915355714,87.25533859234119,34.78542324914994,1687.8498377894095,1
9,303,Yes,3.0,4,1,11,6,BrownChromis,42.95414116621027,Yes,2397.0,7.0,3.0,SRL,411.6298391669061,1319.271706397068,128.81912986193385,73.53114204304667,47.5681499152533,102.51402208303364,37.44940107505331,2622.162936436357,1
9,303,Yes,3.0,4,1,11,7,BrownChromis,54.48450581150486,Yes,2397.0,7.0,3.0,SRTC,66.37966543228981,1108.7341493297458,68.24184393232898,47.10067712594259,12.89120625281162,42.81816481359648,41.02861931828421,,1
9,303,Yes,3.0,4,1,11,8,BrownChromis,45.013962585603814,Yes,2395.0,5.0,2.0,SRL,335.412416874164,1267.0655565306956,79.92448668157546,47.12599875852172,40.199062747307586,125.09340473791652,29.80217135111924,1896.0553632764857,1
9,303,Yes,3.0,4,1,11,9,BrownChromis,58.161222906487914,Yes,2400.0,10.0,5.0,SRNL,313.08202973026266,1491.9677018210955,28.090918189779508,37.33162419812261,,98.20409260446353,56.829198349273874,2260.604678097372,1
9,303,Yes,3.0,4,1,11,10,BrownChromis,36.43671693690683,Yes,2393.0,3.0,1.0,FR,331.21490758914075,1410.5331610963208,95.43781483730749,70.27107391915703,30.82090490159286,106.95249527068472,41.46441197636701,1698.4247814369462,1
9,308,Yes,4.0,4,1,16,1,BrownChromis,34.789944255166034,No,,1.0,2.0,NRL_r,201.44332275272103,1966.8182749574169,119.01740815346382,40.656892399139814,8.635741520596115,80.83302825206489,45.50562154924902,,0
9,308,Yes,4.0,4,1,16,2,BrownChromis,31.558882484054955,Yes,2385.0,0.0,1.0,FR,88.43740405294214,1197.7423808297883,8.987430211167474,15.799390194920983,0.0,115.69639798095092,33.17846273216646,794.2678883127592,1
9,308,Yes,4.0,4,1,16,3,Parrotfish,218.96497745299405,No,,1.0,2.0,NRL_r,119.4534138643022,2097.6949270332393,19.358448437886363,11.51583221253237,11.51583221253237,72.86518205319679,40.50308916171157,,0
9,308,Yes,4.0,4,1,16,4,BicolorDamselfish,17.74764629911026,No,,1.0,2.0,NRNL_r,3.3877341241621375,1714.4691947993158,11.70278147114865,26.751643632543335,,15.893552346077636,60.05215927686916,,0
9,308,Yes,4.0,4,1,16,5,BrownChromis,30.3961315836016,No,,1.0,2.0,NRL_r,188.7017643898104,1998.152356891834,120.36952505348452,51.43116624884702,51.43116624884702,99.99357959700052,43.26103424250398,,0
9,308,Yes,4.0,4,1,16,6,BrownChromis,55.57308073459518,No,,1.0,2.0,NRL_r,9.427397071834813,1751.2121040168518,27.615007601235156,48.2336827258969,40.21864304565025,42.60638324448477,43.17105237367618,,0
9,312,Yes,6.0,4,1,20,1,BrownChromis,449.62055090399696,Yes,2398.0,8.0,2.0,SRL,203.66818416811927,1138.462600999282,34.21600700481516,16.515583276023996,11.309375152380682,106.985010469148,32.85624319442565,581.7798198665579,1
9,312,Yes,6.0,4,1,20,2,BrownChromis,29.328658525094617,Yes,2399.0,9.0,3.0,SRL,49.31637566799688,914.8144549343058,15.604164891359469,65.6925524506481,2.429944389721194,94.71657930692896,45.296966429833574,821.136512497481,1
9,312,Yes,6.0,4,1,20,3,Coney,230.58250844245364,No,,10.0,4.0,NRNL_r,75.9411361990007,1692.559389679605,4.118252459842791,25.552610885038803,,65.71409602763666,78.56417699132925,,0
9,312,Yes,6.0,4,1,20,4,BrownChromis,36.56120873438508,No,,10.0,4.0,NRL_r,12.41766422197666,1527.4322018345486,12.970477848990132,63.4611751643265,55.41267862702644,13.299253336962536,51.368562132711986,,0
9,312,Yes,6.0,4,1,20,5,BrownChromis,43.05699444434467,Yes,2390.0,0.0,1.0,FR,128.05539128514482,1263.3704924275062,25.864063037082637,127.2617118256205,3.800035913018921,40.89822633609938,30.893887851572245,868.2045280273146,1
9,437,Yes,4.0,4,1,34,1,Basslet,143.8527364480609,No,,1.0,2.0,NRNL_r,3.925421372032423,1476.5880961668925,49.620877416670815,36.82915488616949,,136.42798555292157,57.85322252134413,,0
9,437,Yes,4.0,4,1,34,2,BrownChromis,32.121212648863505,Yes,2391.0,0.0,1.0,FR,217.52047565860232,1263.280401348429,53.31173644024739,48.07645540531839,42.94725257086987,79.16719864235552,26.435824336661277,1171.074712950942,1
9,437,Yes,4.0,4,1,34,3,Parrotfish,226.51064030454117,No,,1.0,2.0,NRNL_r,17.050559403087707,1727.5393256611735,68.75556285340109,46.693989053527304,,118.74189517852248,58.85003279599601,,0
9,437,Yes,4.0,4,1,34,4,BrownChromis,39.38242385791063,No,,1.0,2.0,NRL_r,197.29047787995933,1417.4279911168512,57.44212382292771,58.35007644421967,58.35007644421967,81.02681037127724,32.19869600817288,,0
9,437,Yes,4.0,4,1,34,5,BrownChromis,41.531691274358714,No,,1.0,2.0,NRL_r,11.764012701848891,1615.747411114104,900.798512092926,110.29051824779516,52.64210243017839,159.28774791002522,45.67113929949388,,0
9,437,Yes,4.0,4,1,34,6,BrownChromis,34.97624745793489,No,,1.0,2.0,NRL_r,5.231659890451562,1566.78723487918,416.43499570253,97.45326222546348,14.557057290782916,141.27297663204158,44.9450765575797,,0
9,437,Yes,4.0,4,1,34,7,BrownChromis,31.363319942502773,No,,1.0,2.0,NRL_r,0.0361260535291712,1659.2695765910053,98.01502757007296,95.7143187475338,63.02316889134718,101.7598260074768,51.09807527400007,,0
9,437,Yes,4.0,4,1,34,8,BrownChromis,37.18316966357997,No,,1.0,2.0,NRL_r,89.43222901036536,1007.4069013608314,33.99080350846983,40.8552743527871,0.0,130.27668028043053,36.31594661861243,,0
9,437,Yes,4.0,4,1,34,9,BrownChromis,42.911739816749254,No,,1.0,2.0,NRL_r,13.399778294125912,1369.063517787503,69.41108394170129,61.75120646570358,19.424290899278017,106.6044879543986,39.21099859207048,,0
9,437,Yes,4.0,4,1,34,10,BicolorDamselfish,83.79620961871852,No,,1.0,2.0,NRL_r,68.60062897631076,2055.8542163605184,32.6876149982221,50.6735120666549,17.44055823401883,120.90957613671704,52.18831647199521,,0
10,328,Yes,3.0,5,1,2,1,Basslet,137.0595309150493,Yes,2408.0,25.0,7.0,SRL,218.73008791317773,1096.722381579335,55.84674321999732,68.06486462918605,40.49236459547272,171.348889311939,45.78100208202338,955.5820941072373,1
10,328,Yes,3.0,5,1,2,2,BrownChromis,70.18966711998492,Yes,2395.0,12.0,2.0,SRL,1101.4217662117446,2309.8697259179244,10.282922728120935,31.300750708733084,31.300750708733084,140.11585382380778,46.90919357619367,2356.822687471976,1
10,328,Yes,3.0,5,1,2,3,Basslet,157.0820716839061,Yes,2385.0,2.0,1.0,FR,139.29921485126428,1536.886925407866,9.657957448598534,25.333038054088902,13.51741088567193,51.34597647875934,20.09306062216439,2131.9326258774045,1
10,328,Yes,3.0,5,1,2,4,BrownChromis,76.00685238703531,Yes,2396.0,13.0,3.0,SRL,815.8877485261412,1331.1135008664205,21.120713683858604,45.11175849750246,28.31798770218082,27.165974133616647,50.91448470711499,2907.4445359721635,1
10,328,Yes,3.0,5,1,2,5,BrownChromis,55.27433155756632,Yes,2383.0,0.0,1.0,FR,753.1371513616289,1610.9363127424351,16.34942714128459,37.74116933506264,33.05799310282403,105.18655477101086,23.14554409397925,3440.3516088268984,1
10,328,Yes,3.0,5,1,2,6,BrownChromis,51.1293255398721,Yes,2402.0,19.0,5.0,SRNL,1025.5911949430142,2013.7340812342704,16.388389092339565,37.11859694029988,,96.23275103267328,58.60765417154571,1979.625795559225,1
10,328,Yes,3.0,5,1,2,7,BrownChromis,52.16637410204242,Yes,2401.0,18.0,4.0,SRNL,702.4220079002065,1613.40982321757,24.986546591614395,46.5634813380446,,142.20877372095492,59.95092815032847,953.0795914836986,1
10,328,Yes,3.0,5,1,2,8,BrownChromis,65.9468200326404,Yes,2405.0,22.0,6.0,SRNL,652.8924798305848,1218.6183565199017,25.861732105856746,39.459022269929896,,88.58848495930675,65.9106080281664,1468.7681621656952,1
10,328,Yes,3.0,5,1,2,9,BrownChromis,59.71091635477972,Yes,2385.0,2.0,1.0,FR,689.3835522165808,1704.9009349536536,12.801822840186892,37.05654069996325,37.05654069996325,96.22186344142229,7.996772058415968,3225.4136603371803,1
10,328,Yes,3.0,5,1,2,10,BicolorDamselfish,43.45525831738608,Yes,2395.0,12.0,2.0,SRL,8.078507847983223,1321.2786472781197,29.588558236809376,65.33286532653408,16.18417405726839,93.17835120864476,44.84984680298511,659.4970978704386,1
10,328,Yes,3.0,5,1,2,11,Basslet,99.42264687817526,Yes,2408.0,25.0,7.0,SRL,187.24940594107665,971.37931117056,49.86981049616061,44.64545071070133,6.159148160224746,83.4510592730192,52.17948493262753,658.7988782489861,1
10,329,Yes,7.0,5,1,3,1,BrownChromis,43.91560663166935,Yes,2389.0,7.0,4.0,SRNL,773.2013645011378,975.712139858628,10.379779519162891,21.354749535698872,,61.97633516052247,66.05009120467341,3265.457391228122,1
10,329,Yes,7.0,5,1,3,2,BicolorDamselfish,22.34821907664158,Yes,2387.0,5.0,2.0,SRL,22.986312525627618,923.2799377312108,32.691918905806226,46.73615753458157,43.534034874871814,132.61774901686888,51.78697443502299,2454.799258690452,1
10,329,Yes,7.0,5,1,3,3,Basslet,76.14939328580544,Yes,2382.0,0.0,1.0,FR,196.9748165429254,813.605459223611,35.96675519254595,35.68357970771906,6.233787924372313,110.42717423470842,45.05384216097762,948.292877169439,1
10,329,Yes,7.0,5,1,3,4,BrownChromis,64.31850180733427,Yes,2386.0,4.0,1.0,FR,743.0947476690898,902.7112710273776,27.22265573263236,36.7089597413566,26.326628207049012,172.87919643252232,30.186097581177016,3656.240463476704,1
10,329,Yes,7.0,5,1,3,5,BrownChromis,65.01899196478513,Yes,2391.0,9.0,5.0,SRL,569.6990212227199,1418.1355921329855,15.906709117401247,27.415748650116136,19.804851876419303,111.230035848878,7.626976649448022,2526.585342121538,1
10,329,Yes,7.0,5,1,3,6,BrownChromis,73.55676392413639,Yes,2384.0,2.0,1.0,FR,771.3681790405537,858.0419172228396,100.86754869691823,62.016049969272714,42.79624379453623,54.413503533585086,14.283091265192065,3983.545641262031,1
10,329,Yes,7.0,5,1,3,7,BrownChromis,61.83655497941113,Yes,2385.0,3.0,1.0,FR,871.3768536484378,882.2076488451635,78.78328119121376,56.10544222927629,41.65775123295145,108.60659257828604,19.607669308027376,3409.4136246017656,1
10,329,Yes,7.0,5,1,3,8,BrownChromis,55.32669054762693,Yes,2388.0,6.0,3.0,SRL,719.4227573066702,958.3813700878648,18.59515329528964,23.676602695904847,20.70412703455314,144.12224173138165,22.88996247380834,3160.114226564023,1
10,329,Yes,7.0,5,1,3,9,BrownChromis,68.86086835121462,Yes,2388.0,6.0,3.0,SRL,521.4620498523379,1719.1967558742567,9.479815523357786,20.284247793058924,20.284247793058924,118.2904667128574,10.202152903380128,802.7613389346433,1
10,330,Yes,4.0,5,1,4,1,BrownChromis,71.5226666042331,Yes,2402.0,15.0,5.0,SRNL,669.4742950567362,1640.3335649520343,43.80716286950561,46.3391735359246,,84.58870318927514,58.63687164372331,2401.730332509122,1
10,330,Yes,4.0,5,1,4,2,BrownChromis,71.4665540874466,Yes,2404.0,17.0,7.0,SRL,691.6091814111883,1825.23569547405,54.81386865848222,54.39155967315968,23.277068404653964,106.99231505610284,53.28983311946713,2168.247675576633,1
10,330,Yes,4.0,5,1,4,3,BrownChromis,65.39619227600294,Yes,2403.0,16.0,6.0,SRNL,933.7792329428668,2047.802417083004,40.285263507555904,35.56183725568333,,72.0693514925775,56.6602934695232,2044.2956951097672,1
10,330,Yes,4.0,5,1,4,4,BrownChromis,59.63600709965681,Yes,2387.0,0.0,1.0,FR,414.0111597131409,923.3521971293392,8.49397995095078,19.671554728406583,0.0,74.60731665056463,41.301145520602,3061.784265454026,1
10,330,Yes,4.0,5,1,4,5,BrownChromis,56.73166997794766,Yes,2396.0,9.0,2.0,SRL,240.2072346132156,1789.858417660985,5.11955405321342,19.521423515883168,19.521423515883168,51.40563300653167,21.98829042503645,1356.5502158768752,1
10,330,Yes,4.0,5,1,4,6,Basslet,130.77589755242036,No,,18.0,8.0,NRL_r,898.7190588742478,2912.8768939321053,2.1987401733572467,11.240614641622194,11.240614641622194,90.51670211836148,32.63093191834943,,0
10,330,Yes,4.0,5,1,4,7,BrownChromis,75.0554382311622,Yes,2399.0,12.0,4.0,SRL,844.5473550225659,1549.783547088237,25.128422148459656,42.804992430089726,36.48660849593307,103.84546919834894,48.72183115362281,3835.0166089715062,1
10,330,Yes,4.0,5,1,4,8,BrownChromis,67.25331408368565,Yes,2397.0,10.0,3.0,SRL,659.2908527141476,1635.4745040386117,50.83338964870111,51.83842895479262,24.211606458041004,175.3135689597377,49.83603632889864,2248.906772479119,1
10,333,No,2.0,5,1,7,1,BrownChromis,71.13017349870213,No,,,,NRL_nr,842.639915730617,2153.34338748511,12.628598633856637,20.666380796865287,11.666176136070806,70.21083617929496,53.70112411375987,,0
10,333,No,2.0,5,1,7,2,BrownChromis,63.7034212487814,No,,,,NRNL_nr,854.6577349661544,1965.1871917818423,5.933176387349675,21.46911306027822,,157.09464121390425,80.18550722552342,,0
10,333,No,2.0,5,1,7,3,BrownChromis,71.72342422513165,No,,,,NRL_nr,533.3595057471621,2181.8563333682205,15.033626540043423,25.544916049802705,5.4539283626479245,87.6366898221483,53.99509456302379,,0
10,333,No,2.0,5,1,7,4,BrownChromis,90.30942718264924,No,,,,NRL_nr,1217.9691867663153,3413.510849359136,5.690276051635938,16.322659527352677,7.370010869009528,56.33502519472722,50.70089004539488,,0
10,333,No,2.0,5,1,7,5,BrownChromis,73.37001635984022,No,,,,NRL_nr,927.7315608973184,2650.6353726395373,6.817919949561356,21.295914685353345,21.295914685353345,83.61270887683617,39.734728171928865,,0
10,333,No,2.0,5,1,7,6,BrownChromis,47.38244398316803,No,,,,NRNL_nr,407.5977275329657,2644.664427899508,6.998407407188245,21.426994557068472,,74.25076222235323,59.12618484119454,,0
10,333,No,2.0,5,1,7,7,BrownChromis,70.3372246421395,No,,,,NRNL_nr,857.5670319007114,1385.5298145152492,6.425274876226112,19.637252593820367,,133.8608491432529,65.8199597069702,,0
10,333,No,2.0,5,1,7,8,Wrasse,99.07849611500924,No,,,,NRL_nr,1050.0106375097882,3196.4790724132326,4.761534063761003,19.541548940581976,15.621166255917052,82.313372762871,41.489454649085665,,0
10,333,No,2.0,5,1,7,9,BrownChromis,45.229210620146894,No,,,,NRNL_nr,354.8103881910088,1085.7965157113856,4.638068207812283,20.28238171674706,,41.96327746642327,85.88478585537685,,0
10,334,No,8.0,5,1,8,1,BrownChromis,76.94878332277611,No,,,,NRL_nr,637.8090083056907,1497.4510061836124,9.925074979111022,15.394370260085193,9.185284342760015,147.3670331051612,34.4107595102627,,0
10,334,No,8.0,5,1,8,2,BrownChromis,62.6059529762172,No,,,,NRL_nr,122.07840617790812,2307.5631782143005,3.755097484432451,18.3892680951975,10.58425338451713,113.46311010098086,50.348805887213494,,0
10,334,No,8.0,5,1,8,3,BrownChromis,110.88156912785416,No,,,,NRL_nr,668.5205054380467,1309.3970305424757,19.16575690086363,18.83582854530834,8.096426378324832,42.53149055463077,54.69354133673742,,0
10,334,No,8.0,5,1,8,4,BrownChromis,36.50499297623168,No,,,,NRL_nr,693.603337127343,1070.611834954551,18.413030993960447,31.67188188112541,26.079145673923023,94.44282893288609,46.10832274660013,,0
10,334,No,8.0,5,1,8,5,BrownChromis,77.52599463788525,No,,,,NRL_nr,1298.6392821916531,3490.166725196886,1.9610870544704344,11.843356087589882,11.843356087589882,77.3398435527182,51.0652501145327,,0
10,334,No,8.0,5,1,8,6,BrownChromis,64.47114028180661,No,,,,NRNL_nr,860.3165408455202,2027.133126072397,21.7367316604999,28.682160878234928,,115.65401116154102,79.50483616759549,,0
10,334,No,8.0,5,1,8,7,BrownChromis,62.45232792162356,No,,,,NRNL_nr,657.5990029604817,2148.4660513721133,13.405039786066444,26.966712251889295,,112.26938006433996,79.08644352529045,,0
10,334,No,8.0,5,1,8,8,BrownChromis,62.59451970123074,No,,,,NRNL_nr,922.5244869526466,1915.1591064602624,17.157266232178607,29.03992601610569,,35.356715506752955,87.39038822377785,,0
10,334,No,8.0,5,1,8,9,BrownChromis,63.06551358863532,No,,,,NRNL_nr,547.437398017131,1148.7964382909213,6.64571443944849,20.389062857661852,,104.5963452495593,96.70125323529382,,0
10,335,Yes,4.0,5,1,9,1,BrownChromis,62.42612603515313,No,,1.0,2.0,NRNL_r,340.8634904521152,1810.4822559898785,9.4589873157984,27.42778712161882,,132.76139925595655,75.43280650126813,,0
10,335,Yes,4.0,5,1,9,2,BrownChromis,77.6578832528017,No,,1.0,2.0,NRNL_r,704.414642733812,905.609745628426,12.905142493847077,27.057886640661593,,54.35273281103691,58.81393519412504,,0
10,335,Yes,4.0,5,1,9,3,BrownChromis,64.21202804248304,No,,1.0,2.0,NRNL_r,537.316995312437,1391.6508430856177,14.820026457554878,34.140691049178905,,150.6325077774316,63.21571954649443,,0
10,335,Yes,4.0,5,1,9,4,BrownChromis,48.49810833605916,No,,1.0,2.0,NRNL_r,530.7839013513134,1116.0933105869808,13.632506799910225,24.668477798648052,,109.96707998926496,88.96592238947902,,0
10,335,Yes,4.0,5,1,9,5,Doctorfish,160.79455018387026,No,,1.0,2.0,NRL_r,1173.646723090421,2225.4832057759736,2.0708151295030923,9.12570278687394,2.9988047322894325,86.76582975385045,33.19397029717563,,0
10,335,Yes,4.0,5,1,9,6,BrownChromis,117.47124647541924,Yes,2382.0,0.0,1.0,FR,509.50989258281857,1186.1248775713484,7.824632497096443,26.72230587900799,18.33567250118449,55.63959913594542,27.918089337049828,2904.6344196660148,1
10,335,Yes,4.0,5,1,9,7,BrownChromis,54.05376622077988,No,,1.0,2.0,NRNL_r,742.1536823554599,1608.933128009218,11.76765769593766,23.72181638356586,,100.38737617674448,88.09788821741364,,0
10,335,Yes,4.0,5,1,9,8,BrownChromis,100.2065043992358,No,,1.0,2.0,NRL_r,512.8014099752244,2416.3552566205503,3.784409257598218,19.630545300156022,19.630545300156022,145.25076137187213,49.87178411474449,,0
10,335,Yes,4.0,5,1,9,9,BrownChromis,58.11505185942816,No,,1.0,2.0,NRL_r,52.951151994169145,1324.3796646696765,5.247415428358326,26.426663590859143,5.214671097981703,102.32720696792086,44.86475655532871,,0
10,336,Yes,6.0,5,1,10,1,BrownChromis,61.05753190867547,Yes,2402.0,23.0,7.0,SRL,783.8673281871601,928.00585851033,25.005571730710628,31.996699299459394,11.80789305651012,102.25469834587416,51.89886965471009,2512.2676654345464,1
10,336,Yes,6.0,5,1,10,2,BrownChromis,53.87859313246785,Yes,2379.0,0.0,1.0,FR,861.0895510904018,928.2027355799942,17.547848699397925,24.611181287775295,4.909839154952607,53.51344760554356,16.62553928841889,1782.9922805095823,1
10,336,Yes,6.0,5,1,10,3,BrownChromis,59.30177384942726,Yes,2398.0,19.0,5.0,SRNL,634.3443200775235,733.5125235062712,21.20264484387671,32.985600754743515,,134.93930949626454,62.213961272877675,1460.1919613415866,1
10,336,Yes,6.0,5,1,10,4,BrownChromis,114.53815055912384,Yes,2384.0,5.0,2.0,SRL,1081.960084887644,1636.205215686614,4.789000689751919,13.85998067434994,13.85998067434994,147.49151063799357,10.023777582280644,3148.382179508637,1
10,336,Yes,6.0,5,1,10,5,BrownChromis,67.80118418211572,Yes,2385.0,6.0,3.0,SRL,516.047967980964,1100.6499520260245,18.99705986083036,35.27797823626737,16.62846013981128,99.52167535188956,27.7747607874249,1939.617692536664,1
10,336,Yes,6.0,5,1,10,6,BrownChromis,89.01425533818619,Yes,2391.0,12.0,4.0,SRL,692.0645694545151,1813.852095613298,12.123345811635389,29.18209934380521,16.12162692707776,31.313535668346603,38.8718505393384,3361.099843506233,1
10,336,Yes,6.0,5,1,10,7,BrownChromis,72.09202695813184,Yes,2407.0,28.0,8.0,SRL,330.5651140041929,1910.5096268985385,33.08290390453027,35.493401737114866,35.493401737114866,161.62289653091602,52.41966135709721,668.7123741521194,1
10,336,Yes,6.0,5,1,10,8,BrownChromis,50.67541022442649,Yes,2400.0,21.0,6.0,SRL,185.2400549892715,1732.030694212072,34.26677846839637,37.61526211418629,11.256485085255832,121.52932698329911,53.89150299451869,607.6878208144439,1
10,336,Yes,6.0,5,1,10,9,BicolorDamselfish,24.04033323885331,No,,29.0,9.0,NRNL_r,91.65238367308302,1082.796954742859,11.740761808081162,30.779222419218804,,149.86891052930375,69.28097998816035,,0
10,340,Yes,5.0,5,1,14,1,BrownChromis,35.902043934572205,Yes,2386.0,16.0,3.0,SRL,157.82294663824192,1343.1657821066597,25.568525423706895,35.31947323750558,18.071693053865395,160.15243129573648,35.476178366522454,925.4226560635884,1
10,340,Yes,5.0,5,1,14,2,Wrasse,104.17192444189196,No,,26.0,6.0,NRL_r,1449.2619369643023,2724.013004484906,2.2164941684416672,13.163247291620674,13.163247291620674,134.29178747196428,26.596449052482967,,0
10,340,Yes,5.0,5,1,14,3,BrownChromis,49.270754654847465,Yes,2386.0,16.0,3.0,SRNL,539.5407110828957,1769.7159292634042,12.19012468166422,30.237349088704203,,64.77984436842782,67.25485023917915,2803.5710826350573,1
10,340,Yes,5.0,5,1,14,4,BrownChromis,50.57690698244487,Yes,2372.0,2.0,1.0,FR,587.3392085690941,840.101728318527,35.101325239454084,39.710091676974486,22.388641715200546,109.14251299862048,33.65432445662181,2420.4673326223424,1
10,340,Yes,5.0,5,1,14,5,BrownChromis,44.55225479649676,Yes,2370.0,0.0,1.0,FR,738.8039007044912,931.640184257402,33.46164358928554,34.31279361061771,28.20349379811123,73.67352710851895,19.76192501704803,2459.7437596853083,1
10,340,Yes,5.0,5,1,14,6,Doctorfish,164.02376273694267,No,,26.0,6.0,NRNL_r,1325.7355125572471,3129.820300313452,2.4519420009240176,16.656394833010168,,93.7689419254712,85.88220537001958,,0
10,340,Yes,5.0,5,1,14,7,BicolorDamselfish,30.602930511671296,No,,26.0,6.0,NRNL_r,177.37407797518023,959.7873052507932,13.08297608476848,29.09051791695851,,102.49900534821356,80.34106309156097,,0
10,340,Yes,5.0,5,1,14,8,BrownChromis,129.02819298055593,Yes,2392.0,22.0,4.0,SRNL,902.6161976214048,2661.891236959689,5.0082222487197745,20.78922424837949,,134.841879279729,66.43641433634892,3150.5009820671303,1
10,340,Yes,5.0,5,1,14,9,BrownChromis,70.69386591299107,Yes,2384.0,14.0,2.0,SRNL,650.522534502883,1843.8118953023911,11.677633360894772,28.62884378098285,,111.19657256033868,55.197711545375306,2534.881474884098,1
10,340,Yes,5.0,5,1,14,10,BrownChromis,58.534763397290114,Yes,2384.0,14.0,2.0,SRNL,705.6804040283475,736.8832555981209,10.67192202731598,21.599218390694332,,56.97286424771632,91.37598596685422,2131.670567328121,1
10,340,Yes,5.0,5,1,14,11,BrownChromis,75.50204390954109,Yes,2384.0,14.0,2.0,SRL,308.85682359507035,894.6053936002437,27.59601162715151,36.24046062122854,24.686205168837283,168.6223048384052,43.84444757666051,1222.5985632826798,1
10,340,Yes,5.0,5,1,14,12,BrownChromis,61.87992231039335,Yes,2395.0,25.0,5.0,SRL,203.13209048760368,1144.0448188505163,27.081272833737255,27.787147555844744,0.0,100.22626760568828,39.04847719169895,493.0585589844541,1
10,341,Yes,6.0,5,1,15,1,BrownChromis,25.938669782707876,No,,31.0,6.0,NRNL_r,439.6791239818206,1290.997238733582,6.855968883144273,19.441674094597985,,128.62448593352104,98.4434110782248,,0
10,341,Yes,6.0,5,1,15,2,BrownChromis,,Yes,2389.0,30.0,5.0,SRUD,,,0.0,0.0,0.0,,,,0
10,341,Yes,6.0,5,1,15,3,BrownChromis,84.77222413575707,Yes,2359.0,0.0,1.0,FR,1086.2802027431476,547.5919505329128,25.849951163790912,18.700111960037333,2.512053951560015,92.47216910093982,45.53171483771768,1584.697596154046,1
10,341,Yes,6.0,5,1,15,4,Parrotfish,152.02278485147318,No,,31.0,6.0,NRNL_r,739.6373929997111,2438.2197204491076,2.967582065861694,11.01358980733094,,91.9719419683516,83.77272567718882,,0
10,341,Yes,6.0,5,1,15,5,BrownChromis,75.2894023596295,Yes,2371.0,12.0,3.0,SRL,643.8368210629178,728.5851800215148,32.630016489246344,24.80776657166236,20.845798367376613,157.48534382253047,39.234980140343275,1665.8286126011992,1
10,341,Yes,6.0,5,1,15,6,BrownChromis,76.29676660247918,Yes,2367.0,8.0,2.0,SRL,824.5238269774533,715.7145669815568,32.4500948633627,28.15406895359044,5.549156693494766,143.59786983094384,31.614918409558346,1732.6310118162814,1
10,341,Yes,6.0,5,1,15,7,BrownChromis,68.86293481470145,Yes,2386.0,27.0,4.0,SRNL,854.6680461267139,858.782809849371,7.073893137405352,10.833948131189937,,48.034822365595666,103.36055291507924,614.4311415967045,1
10,341,Yes,6.0,5,1,15,8,BrownChromis,54.22272248094004,No,,31.0,6.0,NRNL_r,529.316827947804,1617.283847201062,6.04600815567501,15.866810123803337,,76.17780881675496,77.08350865177313,,0
10,341,Yes,6.0,5,1,15,9,BrownChromis,50.62431606151994,Yes,2386.0,27.0,4.0,SRL,1068.1898570594617,741.5944859404939,27.897320975904663,34.56260555473398,23.07478960299619,132.73504037462072,37.42236334945205,1956.623491939376,1
10,342,Yes,4.0,5,1,16,1,BrownChromis,55.133750637635536,No,,16.0,3.0,NRNL_r,605.1045581882502,1083.7053812840752,23.142764979756603,29.800979862187926,,24.920587716907136,71.37102427781524,,0
10,342,Yes,4.0,5,1,16,2,BicolorDamselfish,15.94571524092794,No,,16.0,3.0,NRNL_r,290.21335965309197,954.9621746903446,18.72620586957389,41.19316552072755,,13.080301171404482,69.02803216827505,,0
10,342,Yes,4.0,5,1,16,3,BrownChromis,50.69194419494395,Yes,2365.0,0.0,1.0,FR,500.55181519539786,1159.30586259553,29.121014441505853,44.85676339638088,35.220273647339546,36.11377614967422,20.330286429951496,1282.500614360341,1
10,342,Yes,4.0,5,1,16,4,BrownChromis,64.72645309857752,Yes,2380.0,15.0,2.0,SRL,414.5648904215413,1285.3645353548222,18.696975728352314,32.55613970376582,0.6118218949873796,119.25959739855776,27.349560042163816,1240.887927700118,1
10,342,Yes,4.0,5,1,16,5,BrownChromis,72.0788234034717,No,,16.0,3.0,NRL_r,234.26108611274293,1170.2952695793722,32.80312219940207,45.86780105432663,26.55054772109428,97.02743759303516,35.00555028274982,,0
10,342,Yes,4.0,5,1,16,6,BrownChromis,87.38421037620986,No,,16.0,3.0,NRL_r,554.9770735887793,1492.701072241865,18.636774236519596,32.97491729434204,26.433638460508007,139.2469447374322,33.18778169079431,,0
10,342,Yes,4.0,5,1,16,7,BrownChromis,57.18715396006907,No,,16.0,3.0,NRNL_r,360.62930158785554,1914.5348739938445,9.256119209658593,27.30082831173434,,145.61180445590108,73.00658965560771,,0
10,342,Yes,4.0,5,1,16,8,BrownChromis,70.34100504377537,No,,16.0,3.0,NRNL_r,457.0702456848802,1555.1967964684627,10.455653144279871,24.769945185375516,,97.346659819316,88.83764937445842,,0
10,342,Yes,4.0,5,1,16,9,BrownChromis,92.77675711988168,No,,16.0,3.0,NRNL_r,647.0201597367964,1256.9856548264631,21.88817313124716,29.233438336575556,,154.1328203758981,58.12854808209863,,0
10,342,Yes,4.0,5,1,16,10,BrownChromis,71.82921973239671,No,,16.0,3.0,NRL_r,221.25225021581508,1255.9427645510507,35.25412690786646,37.957737984360406,16.90307050722013,123.7475567138832,41.47449878786286,,0
10,342,Yes,4.0,5,1,16,11,BrownChromis,,No,,16.0,3.0,NRUD,,,0.0,0.0,0.0,,,,0
10,343,Yes,2.0,5,1,17,1,BrownChromis,54.48298721804426,No,,23.0,5.0,NRL_r,311.24846167537277,997.3847520399506,32.65988271416833,51.576101202984184,19.384161060209927,113.45152159146674,38.91186384354116,,0
10,343,Yes,2.0,5,1,17,2,Parrotfish,216.8479118838507,No,,23.0,5.0,NRNL_r,628.2045849528479,2119.4007210667955,6.425064687590723,31.74977291963675,,58.513726116787616,89.00914599212491,,0
10,343,Yes,2.0,5,1,17,3,Wrasse,115.00481475292644,Yes,2389.0,11.0,3.0,SRL,1248.9328069426654,2267.4136624577595,4.371875356264732,16.833219793184142,16.833219793184142,139.29577371944066,20.76885964132699,504.5076879669217,1
10,343,Yes,2.0,5,1,17,4,BrownChromis,40.69962003268163,Yes,2378.0,0.0,1.0,FR,573.2185490838787,1047.8782176521258,32.30294587311194,55.69783602849268,31.92734208973002,132.62252771103223,24.928732118964497,1687.538980854099,1
10,343,Yes,2.0,5,1,17,5,BrownChromis,88.17762505746029,No,,23.0,5.0,NRL_r,543.5328063935266,1009.5655201939206,24.38103640600584,36.93260771012891,8.04786623425804,150.6944407944112,25.344519355031363,,0
10,343,Yes,2.0,5,1,17,6,BrownChromis,71.67758721594616,Yes,2384.0,6.0,2.0,SRL,674.9376395648366,689.5458518396878,22.934337740555947,33.514808043365065,0.0,152.07618040710008,20.93949195791778,1444.3411504018648,1
10,343,Yes,2.0,5,1,17,7,BrownChromis,51.50697588813251,Yes,2400.0,22.0,4.0,SRL,310.7602878711114,1390.3853148805902,25.449156895070573,42.09400066036838,19.56295604939115,133.33334679312506,39.04281845075068,538.2249951836066,1
10,343,Yes,2.0,5,1,17,8,BrownChromis,58.74191989355607,No,,23.0,5.0,NRL_r,443.304197124431,1764.6632244548507,11.854754506312394,35.33484258020948,28.937653288914397,105.24972459121248,27.453803912872836,,0
10,343,Yes,2.0,5,1,17,9,BrownChromis,59.771426315948645,No,,23.0,5.0,NRNL_r,153.10042802562782,2371.2067012953153,6.404266746663935,29.692738007655997,,43.71840458994593,55.80836181001198,,0
10,343,Yes,2.0,5,1,17,10,BrownChromis,105.21409536478497,No,,23.0,5.0,NRNL_r,557.2607954071201,1439.2107002576304,19.074046285445764,51.38878486102496,,128.030926616087,65.49043384669304,,0
10,343,Yes,2.0,5,1,17,11,BrownChromis,100.66250653129904,No,,23.0,5.0,NRNL_r,456.6428892250938,1087.5313481463568,37.38283781511597,45.92048644852889,,139.28043901595365,79.05207077122992,,0
10,343,Yes,2.0,5,1,17,12,BicolorDamselfish,55.673026395202285,No,,23.0,5.0,NRNL_r,328.9316331519571,1047.3681022246546,73.05022811673594,69.42008822230586,,138.5153212454996,72.71895023060988,,0
10,343,Yes,2.0,5,1,17,13,Basslet,111.69157442510124,No,,23.0,5.0,NRNL_r,47.17054991137318,1601.8077519075666,16.286891027513946,41.30887549717932,,175.06712235173669,73.13034517689474,,0
10,344,Yes,5.0,5,1,18,1,BrownChromis,68.23601916480663,No,,27.0,4.0,NRNL_r,479.6386282292322,1412.286089127477,5.6308664372778034,17.971945071898517,,59.659511485221714,79.60146148199854,,0
10,344,Yes,5.0,5,1,18,2,BrownChromis,44.43524746968163,No,,27.0,4.0,NRNL_r,261.9871663759633,2481.9700336250685,7.254724166332038,14.247261107716096,,154.67518950942824,55.43933151225912,,0
10,344,Yes,5.0,5,1,18,3,BrownChromis,63.76222665155649,No,,27.0,4.0,NRL_r,342.4528574165036,2532.844483994826,7.037846212367525,13.182217248573618,4.723957741112295,162.49450912314612,47.35793329082743,,0
10,344,Yes,5.0,5,1,18,4,BicolorDamselfish,33.82640259694404,Yes,2395.0,13.0,2.0,SRNL,342.77097098855404,830.6794064792715,9.341954627706809,21.623710174595352,,152.55797790466548,90.4258058728096,777.5552460885318,1
10,344,Yes,5.0,5,1,18,5,BrownChromis,66.64609945242573,Yes,2408.0,26.0,3.0,SRNL,701.7679395554078,480.6882583951055,9.055780241798107,17.60944481840283,,36.89795585850552,80.88170562655212,355.1743418574366,1
10,344,Yes,5.0,5,1,18,6,Wrasse,120.94812814755076,No,,27.0,4.0,NRNL_r,569.5269593423571,2292.1995374186445,3.466895128006764,12.579576279989668,,29.960808249093507,76.8267857919752,,0
10,344,Yes,5.0,5,1,18,7,BrownChromis,50.70423114524923,Yes,2382.0,0.0,1.0,FR,974.4004257525957,918.7147553356002,3.922003103962213,11.60083348888424,11.60083348888424,124.33665349966142,42.158624872491266,1083.9153152628633,1
10,344,Yes,5.0,5,1,18,8,BrownChromis,35.25120554047121,Yes,2382.0,0.0,1.0,FR,699.7127795550559,1040.2882253466105,4.862730310779251,14.094745887325775,7.698336784406521,89.23244888260878,10.306520899221283,2532.718215611739,1
10,344,Yes,5.0,5,1,18,9,BrownChromis,,Yes,2395.0,13.0,2.0,SRUD,,,0.0,0.0,0.0,,,,0
10,345,No,4.0,5,1,19,1,BrownChromis,93.12163171818996,No,,,,NRNL_nr,198.46382864287705,1906.2206581348692,22.34035777726642,28.364862631094542,,37.668705670625165,57.62390615031846,,0
10,345,No,4.0,5,1,19,2,BrownChromis,38.46986361772094,No,,,,NRL_nr,244.32131604798576,1143.1756859109528,85.5528151807662,63.70924597051535,11.78283721540381,36.063530540990854,35.04980254658144,,0
10,345,No,4.0,5,1,19,3,BrownChromis,23.46434128303,No,,,,NRL_nr,20.88136767949909,1925.279618190156,21.07753497759053,31.844743361358336,19.57307486953685,93.97302316078732,54.48481204388335,,0
10,345,No,4.0,5,1,19,4,BrownChromis,71.94116080502386,No,,,,NRL_nr,502.2130020378776,1192.821606924066,43.27755318042071,48.77906737481161,48.77906737481161,144.23904160159543,21.327810030283803,,0
10,345,No,4.0,5,1,19,5,BrownChromis,72.66123678901307,No,,,,NRL_nr,354.2641245607251,1075.6670724122905,32.00625383705465,43.09378553505807,18.34279381429118,89.63461685773785,34.33006356800855,,0
10,345,No,4.0,5,1,19,6,BrownChromis,82.21447918827491,No,,,,NRL_nr,268.77055911997826,1444.0824650989002,42.27557057288638,42.46817598233971,32.951375917828514,73.11804521606223,31.079099225063786,,0
10,345,No,4.0,5,1,19,7,BrownChromis,59.57286326008849,No,,,,NRL_nr,498.3402684042712,1021.6487588978404,21.914453968852264,43.700356816038806,37.081194058587194,59.00452044143742,43.70443892822342,,0
10,345,No,4.0,5,1,19,8,BrownChromis,60.83087166002206,No,,,,NRNL_nr,705.9506882353903,959.0949783423056,6.562839810005821,25.63322628200845,,74.87205257477451,109.02763276013302,,0
10,345,No,4.0,5,1,19,9,BicolorDamselfish,47.77752336536816,No,,,,NRNL_nr,197.71274600778776,896.3477840190377,19.01939788787477,42.08392404918,,120.32590936251084,62.55577757184373,,0
10,345,No,4.0,5,1,19,10,Basslet,130.44251774332923,No,,,,NRNL_nr,1.847626240139698,1468.3882161537983,10.96382774895486,26.65540348333717,,71.67941436339308,79.16507931222563,,0
10,345,No,4.0,5,1,19,11,BrownChromis,41.468813153504136,No,,,,NRL_nr,294.347920894183,1260.239171246963,72.27455821860306,53.92426813817426,24.60965401749949,85.29484196392981,33.11673621664773,,0
10,346,No,8.0,5,1,20,1,Doctorfish,175.73861748072898,No,,,,NRNL_nr,2043.5963335577571,4087.535489934745,0.884415353697748,9.577846502602243,,163.39651460195927,76.48327321529806,,0
10,346,No,8.0,5,1,20,2,BrownChromis,66.34496509211505,No,,,,NRL_nr,917.3652997626878,1173.7848658622163,4.141368538594468,17.13456872211023,17.13456872211023,134.00367871582728,20.44851233210814,,0
10,346,No,8.0,5,1,20,3,BrownChromis,76.56548943413651,No,,,,NRL_nr,1083.4297609625244,578.252199757438,20.225957727572595,30.727779293463293,4.790565290078021,75.42894573499856,54.01888329804677,,0
10,346,No,8.0,5,1,20,4,BrownChromis,67.93608334892173,No,,,,NRL_nr,840.0724014273491,735.7480983057479,26.98601544298613,39.79860476559206,21.87462181970715,74.779568279705,43.78457775784268,,0
10,346,No,8.0,5,1,20,5,BrownChromis,57.6786597446213,No,,,,NRNL_nr,536.1586954318263,763.5355993182579,23.039639196686903,36.14987130633153,,109.5602984554036,71.68450400150324,,0
10,346,No,8.0,5,1,20,6,BrownChromis,62.18954871982635,No,,,,NRL_nr,560.2762460249829,1229.6627804731954,14.634452787534164,35.477322279554116,14.158279607058804,20.86783894205926,43.616648174499545,,0
10,346,No,8.0,5,1,20,7,Basslet,145.58506087710103,No,,,,NRNL_nr,201.87168878635063,1901.7716715008617,5.958192099759449,22.27024869461946,,156.8668280613704,60.799871306758135,,0
10,346,No,8.0,5,1,20,8,BrownChromis,60.579852666829446,No,,,,NRNL_nr,850.4327682115617,1159.1613119333117,43.58649240799513,40.07706233832731,,66.60158977835735,81.06062513951073,,0
10,346,No,8.0,5,1,20,9,BrownChromis,68.9910206137025,No,,,,NRNL_nr,875.726677037554,1263.8331050731736,37.13432117806102,38.73444021647345,,43.4446634735009,73.2183260201331,,0
10,346,No,8.0,5,1,20,10,BicolorDamselfish,20.284351480391237,No,,,,NRNL_nr,101.2520253163165,1066.048910432518,14.12895424007764,31.839884046137392,,139.51016417956168,78.56153079760134,,0
10,347,Yes,3.0,5,1,21,1,BrownChromis,44.54004837473439,Yes,2391.0,15.0,5.0,SRL,467.5543187897034,1193.7590195158184,20.74061345648571,35.592857751582294,28.82211382087589,108.81710198416738,32.044612692872086,2261.7663164444584,1
10,347,Yes,3.0,5,1,21,2,BrownChromis,50.68588476933106,Yes,2376.0,0.0,1.0,FR,664.7784599970672,854.0104702475204,25.9756839346357,42.150256290283735,39.58323722909653,83.62567667800823,26.797232349955777,2047.9144271100288,1
10,347,Yes,3.0,5,1,21,3,BrownChromis,52.74649555878022,Yes,2387.0,11.0,3.0,SRL,783.5138297873071,1806.5250586668776,10.900393526858558,25.25379691726123,25.25379691726123,129.6625128795533,19.408162843821355,2158.0021328456937,1
10,347,Yes,3.0,5,1,21,4,BrownChromis,72.18517684396276,Yes,2397.0,21.0,6.0,SRL,377.80514795220927,1540.30692101043,21.215596809542056,39.83529120371061,24.747342576671215,74.19602261056849,28.36968823571197,455.18290015048984,1
10,347,Yes,3.0,5,1,21,5,BrownChromis,52.024310558820346,Yes,2379.0,3.0,1.0,FR,687.6137801708013,788.1024287484927,28.21830905990706,43.34579563783487,13.17926024335612,137.19943176577036,16.409442892776337,2538.3292732921595,1
10,347,Yes,3.0,5,1,21,6,BrownChromis,42.41346974141501,No,,22.0,7.0,NRNL_r,96.48140984344708,2013.514392883476,76.26197884400345,68.6017389977125,,114.5691083173188,55.9025511092498,,0
10,347,Yes,3.0,5,1,21,7,BrownChromis,26.12751539861752,No,,22.0,7.0,NRL_r,111.59613196962547,1742.6616380263474,99.62203874281838,86.02788425972639,34.82813823362329,127.14765331145428,52.11832576014486,,0
10,347,Yes,3.0,5,1,21,8,BrownChromis,20.473752660054625,No,,22.0,7.0,NRL_r,154.5619672341457,1589.6750466775245,62.6195560508712,82.18546729195988,74.50172474235885,112.64119472189608,43.63012103392581,,0
10,347,Yes,3.0,5,1,21,9,Basslet,111.63102144490088,No,,22.0,7.0,NRNL_r,36.16871840519746,1361.3993040809362,10.32724071062161,32.1962718402942,,87.69379925052493,81.08057609077323,,0
10,347,Yes,3.0,5,1,21,10,BrownChromis,74.6203911075284,Yes,2389.0,13.0,4.0,SRL,381.0158843814652,1012.2485114571998,23.81680285504362,45.03463589912077,18.72930285491945,155.3121981381516,42.78176074906813,1137.2559603003945,1
10,347,Yes,3.0,5,1,21,11,BrownChromis,64.22620689900154,Yes,2385.0,9.0,2.0,SRL,617.3024462979192,476.55818944074696,17.65480776313033,35.07216016891103,14.294956751477743,135.45867422290286,47.35253255880326,1626.0589280404522,1
10,347,Yes,3.0,5,1,21,12,BrownChromis,73.95184889794466,No,,22.0,7.0,NRNL_r,33.89910002198666,1874.7982998232344,103.47190688020896,61.312948195005944,,54.67873335424301,55.07165887194284,,0
10,347,Yes,3.0,5,1,21,13,BrownChromis,129.32976655926294,No,,22.0,7.0,NRL_r,123.58394555408924,1760.7727416890016,83.61238085667605,42.80750191421412,22.80727268169087,51.00428310678891,45.62427122559593,,0
11,371,Yes,4.0,4,2,4,1,BicolorDamselfish,66.98910757293254,Yes,2393.0,0.0,1.0,FR,180.0073883190486,1694.7211036758863,2.5074807266235406,6.966070394404641,4.7043396711396035,133.0910876833682,8.67291427017917,753.2904825861376,1
11,371,Yes,4.0,4,2,4,2,BrownChromis,33.974576695177745,No,,1.0,2.0,NRNL_r,991.6535683658028,1470.4189759033336,70.87921248799455,33.3748971826409,,22.791889160964192,94.0511271703895,,0
11,371,Yes,4.0,4,2,4,3,BrownChromis,37.252274998147506,No,,1.0,2.0,NRNL_r,1086.9559263506071,1445.7878681872194,66.15449909461287,32.766798836974104,,85.87203889042105,93.55216631306271,,0
11,371,Yes,4.0,4,2,4,4,BrownChromis,38.655473005846865,No,,1.0,2.0,NRNL_r,955.5487784907584,1488.3379300169258,53.84727061341386,25.252759329009212,,98.05836754786137,85.74910755029869,,0
11,371,Yes,4.0,4,2,4,5,BrownChromis,,No,,1.0,2.0,NRUD,,,0.0,0.0,0.0,,,,0
11,371,Yes,4.0,4,2,4,6,BrownChromis,,No,,1.0,2.0,NRUD,,,0.0,0.0,0.0,,,,0
11,371,Yes,4.0,4,2,4,7,BrownChromis,,No,,1.0,2.0,NRUD,,,0.0,0.0,0.0,,,,0
11,371,Yes,4.0,4,2,4,8,BrownChromis,50.84350300678842,No,,1.0,2.0,NRNL_r,444.8031476079359,2316.855487958579,15.803247090670691,16.69705606891482,,102.18131477190022,73.85035753308416,,0
11,371,Yes,4.0,4,2,4,9,BrownChromis,17.91611402395073,No,,1.0,2.0,NRNL_r,551.7762804066714,1827.7608544779089,82.35529463476222,33.779590343688106,,147.31529276038296,81.71993927410713,,0
11,371,Yes,4.0,4,2,4,10,BrownChromis,25.491722462311795,No,,1.0,2.0,NRNL_r,646.6723453457582,1799.095896277145,82.62406771240256,27.093497747149147,,110.47177828655325,85.81823749350423,,0
11,371,Yes,4.0,4,2,4,11,BrownChromis,,No,,1.0,2.0,NRUD,,,0.0,0.0,0.0,,,,0
11,371,Yes,4.0,4,2,4,12,BrownChromis,23.41041910596573,No,,1.0,2.0,NRNL_r,725.262955640988,2284.059292291967,18.05312737734277,21.06677711569772,,142.29906836893716,73.53099873532916,,0
11,371,Yes,4.0,4,2,4,13,BrownChromis,36.85703055385447,No,,1.0,2.0,NRNL_r,73.63225186489579,1766.4918423566603,33.79036149708853,25.67312640560801,,92.70056047248576,71.68978343095098,,0
11,371,Yes,4.0,4,2,4,14,BrownChromis,41.29002502630609,No,,1.0,2.0,NRNL_r,549.8365528167114,1126.765552214615,24.940623864177557,19.50564918711181,,96.37689170816203,87.12185010915228,,0
11,371,Yes,4.0,4,2,4,15,BrownChromis,18.313539544202584,No,,1.0,2.0,NRNL_r,490.5086410634703,1571.6554827097032,53.997450652735246,28.313323783718005,,96.59403483418885,83.7517949311895,,0
11,371,Yes,4.0,4,2,4,16,BicolorDamselfish,44.81956383876757,No,,1.0,2.0,NRNL_r,44.14453355623023,1797.7809467594354,28.807389840994738,22.7390555382347,,142.49230406106943,63.23389764615275,,0
11,371,Yes,4.0,4,2,4,17,BicolorDamselfish,,No,,1.0,2.0,NRUD,,,0.0,0.0,0.0,,,,0
11,376,Yes,8.0,4,2,8,1,Basslet,99.9687356848976,Yes,2383.0,0.0,1.0,FR,127.02467367198196,712.6616469170623,2.4703403714774925,5.154469220096473,3.635890721566767,66.30634801989629,31.976801494280544,2458.4322704359424,1
11,376,Yes,8.0,4,2,8,2,BicolorDamselfish,20.74577300265871,Yes,2430.0,47.0,6.0,SRNL,97.48779269928444,1879.7201343787983,61.65603854134178,23.19269976870184,,37.391690451505895,67.52112184164993,588.4390377070908,1
11,376,Yes,8.0,4,2,8,3,BrownChromis,23.109246643136732,Yes,2418.0,35.0,5.0,SRNL,340.73163807789024,2181.468154207433,62.7359053838641,25.82795270027882,,87.00286938621021,73.0477862851535,692.9047038850063,1
11,376,Yes,8.0,4,2,8,4,BrownChromis,21.12092026333407,Yes,2410.0,27.0,4.0,SRNL,497.6206327343976,2183.958182285321,108.785697246795,34.619211410083274,,128.14866903342408,76.80166189630839,1273.8583849634808,1
11,376,Yes,8.0,4,2,8,5,BrownChromis,25.398853806973204,Yes,2407.0,24.0,3.0,SRNL,252.41870251498568,1880.4421865752497,67.98276334749077,22.6101847226315,,140.35545234726052,70.04556388260244,927.6483059867484,1
11,376,Yes,8.0,4,2,8,6,BrownChromis,16.00057831924043,Yes,2391.0,8.0,2.0,SRNL,649.4325766004506,2199.98852907471,58.60683798724097,22.31748311646132,,142.87404625129415,77.05021928956214,1019.4959440662614,1
11,376,Yes,8.0,4,2,8,7,BrownChromis,41.35901357849269,Yes,2418.0,35.0,5.0,SRNL,378.7218330741392,2079.956863852518,100.76105251219114,24.696683587734935,,100.18745853440362,77.4120360299805,1270.4129367208304,1
11,376,Yes,8.0,4,2,8,8,BicolorDamselfish,40.60396023157716,No,,48.0,7.0,NRL_r,521.1681337692103,1507.286359884083,1.4482025738889586,6.001167223680459,6.001167223680459,79.46272263940429,33.4397884239519,,0
11,377,No,3.0,4,2,9,1,Snapper,128.8790633069585,No,,,,NRL_nr,31.446372044670618,964.8299060817546,224.1467601568798,114.85129584857188,108.6904854909787,16.832850410671163,45.70189738874005,,0
11,377,No,3.0,4,2,9,2,BicolorDamselfish,40.685284445445745,No,,,,NRL_nr,446.4984852578627,1252.2158530569163,2.571306383747441,11.587385860122438,11.587385860122438,109.7293285566301,24.979250640839663,,0
11,377,No,3.0,4,2,9,3,BrownChromis,34.03612199935389,No,,,,NRNL_nr,998.5257760447174,1672.0368456665983,8.804442490637609,17.472641515701355,,18.38128007832751,81.49401114179274,,0
11,377,No,3.0,4,2,9,4,BrownChromis,46.03573018096987,No,,,,NRNL_nr,406.9858465635543,1937.187118441659,64.65768842926786,36.2020085420564,,82.88514416898008,71.9579378806905,,0
11,377,No,3.0,4,2,9,5,BrownChromis,30.99159814545743,No,,,,NRNL_nr,114.95929215361852,2028.315791745356,13.474232913681924,19.70287340432194,,39.29790800730419,71.43752493770677,,0
11,377,No,3.0,4,2,9,6,BrownChromis,,No,,,,NRUD,,,0.0,0.0,0.0,,,,0
11,377,No,3.0,4,2,9,7,BrownChromis,,No,,,,NRUD,,,0.0,0.0,0.0,,,,0
11,377,No,3.0,4,2,9,8,BrownChromis,17.320119147065004,No,,,,NRNL_nr,413.14053867316096,1985.1882366816876,78.23920641637078,39.3455941076699,,106.78485523806268,76.66671071630911,,0
11,377,No,3.0,4,2,9,9,Snapper,111.31209328292248,No,,,,NRL_nr,13.297368775945143,1031.9949912406485,203.83299800381496,36.28014084610319,28.52248064840688,90.32624715207966,46.49184122519605,,0
11,377,No,3.0,4,2,9,10,BrownChromis,23.261791057640796,No,,,,NRNL_nr,563.7725384134997,2034.8932499497637,58.96657906589239,31.136706423186247,,78.17795260127602,80.40087402269229,,0
11,377,No,3.0,4,2,9,11,BrownChromis,46.081293553618714,No,,,,NRNL_nr,611.872837884293,2031.8003602941872,44.61432017964948,32.54415566680004,,64.00717781358601,73.11749488719069,,0
11,378,Yes,6.0,4,2,10,1,BrownChromis,243.07993014084943,Yes,2408.0,18.0,7.0,SRNL,744.6756292972246,1069.8267314042778,31.62967391775893,48.70048251163253,,97.13595429616284,96.59729491475166,2427.928887996955,1
11,378,Yes,6.0,4,2,10,2,BrownChromis,36.22065191945256,Yes,2413.0,23.0,10.0,SRNL,735.2433968331796,1884.732347994936,86.9901131418144,76.8773474268666,,61.12113235599815,92.51541575659029,2904.9307136836496,1
11,378,Yes,6.0,4,2,10,3,Snapper,155.39038455119513,No,,32.0,16.0,NRL_r,213.4124118815101,1725.644103768507,11.032627591548394,34.90071203574749,27.21253968459405,95.4189983004815,44.43939670554641,,0
11,378,Yes,6.0,4,2,10,4,Basslet,70.76186574716871,Yes,2390.0,0.0,1.0,FR,367.289288482327,1174.908567476591,5.071210418285448,28.144567312764813,23.574595535728925,102.83149903950432,13.05445397931419,1719.0568972432968,1
11,378,Yes,6.0,4,2,10,5,BrownChromis,19.09340985058667,Yes,2416.0,26.0,12.0,SRNL,732.0516262180968,1490.4621785032607,61.83959799250894,89.69155579533911,,83.9550548669313,94.35875798255,1850.464212544256,1
11,378,Yes,6.0,4,2,10,6,BrownChromis,35.84039575549176,Yes,2419.0,29.0,14.0,SRNL,453.15281620409235,1709.2959258867086,71.87506398315864,84.98658054791768,,45.24790672627814,78.0694697620522,1578.046186000279,1
11,378,Yes,6.0,4,2,10,7,BrownChromis,23.132132131528888,Yes,2406.0,16.0,5.0,SRTC,667.2748286388302,1204.2091492850166,262.1445264646936,100.55724941590664,,127.5892168066916,67.90882420874503,,1
11,378,Yes,6.0,4,2,10,8,BrownChromis,102.53699366044172,Yes,2421.0,31.0,15.0,SRNL,643.8619159519064,1975.247639042185,48.04350816537628,60.31718325347262,,87.24228760514336,95.64935107335327,2494.4444671867855,1
11,378,Yes,6.0,4,2,10,9,BrownChromis,43.46045994281284,Yes,2418.0,28.0,13.0,SRNL,440.9429352259079,1378.206212200389,46.2203450955501,80.84395320706136,,38.025924395506685,92.74783853829304,1357.74661066288,1
11,378,Yes,6.0,4,2,10,10,BrownChromis,41.8845736351858,Yes,2421.0,31.0,15.0,SRNL,421.92026793753973,1991.5704838094423,48.35255834388705,61.0419083810687,,62.25739995864178,81.60215002685918,1007.7612226160244,1
11,378,Yes,6.0,4,2,10,11,BrownChromis,45.17335315031194,Yes,2411.0,21.0,8.0,SRNL,758.1334483647394,1822.1064295749843,92.8410162156811,78.5935482064392,,115.80357691408408,75.91589254441685,1769.6241916764584,1
11,378,Yes,6.0,4,2,10,12,BrownChromis,34.50760633933174,Yes,2421.0,31.0,15.0,SRNL,503.080733135893,1954.2581324777343,52.84186189718977,66.24351527158933,,141.62751984202143,72.78475648064504,2178.933939584783,1
11,378,Yes,6.0,4,2,10,13,BrownChromis,37.70653694462755,Yes,2416.0,26.0,12.0,SRNL,819.6952001905697,1659.274680803336,66.68456428482123,79.03269414462703,,60.98951169913357,87.02028050755493,2498.0383163674805,1
11,378,Yes,6.0,4,2,10,14,BrownChromis,30.804104847043103,Yes,2414.0,24.0,11.0,SRNL,539.5360776612324,1800.4485576442096,93.12858953792988,93.35447246385424,,47.5033262539574,89.55710075674129,1981.504609142888,1
11,378,Yes,6.0,4,2,10,15,BrownChromis,34.85849065528409,Yes,2404.0,14.0,4.0,SRNL,704.4478223729011,1670.4509810753052,110.90374502509094,92.12510111315676,,80.37721737651873,76.13171530091125,2024.367275061519,1
11,378,Yes,6.0,4,2,10,16,BrownChromis,,Yes,2412.0,22.0,9.0,SRUD,,,0.0,0.0,0.0,,,,0
11,378,Yes,6.0,4,2,10,17,BrownChromis,38.5118265510647,Yes,2407.0,17.0,6.0,SRNL,734.3694248626866,1471.4173523854784,59.58897363352621,72.77523356103322,,93.19432314750988,67.65183719093943,1741.6999083071264,1
11,378,Yes,6.0,4,2,10,18,BicolorDamselfish,,Yes,2395.0,5.0,2.0,SRUD,,,0.0,0.0,0.0,,,,0
11,378,Yes,6.0,4,2,10,19,Parrotfish,126.22212261240357,No,,32.0,16.0,NRNL_r,0.7457155782019639,1226.921473633343,18.938361524425535,43.94267496625146,,43.282221154551365,81.19528202939176,,0
11,378,Yes,6.0,4,2,10,20,BrownChromis,40.67464774458209,Yes,2400.0,10.0,3.0,SRNL,711.1409383063632,1194.8831508688202,200.51970587661816,80.26918939470218,,119.36887733583004,71.30356654354442,2417.1420771499643,1
11,378,Yes,6.0,4,2,10,21,BrownChromis,27.935005859401112,Yes,2421.0,31.0,15.0,SRNL,461.60355803018496,1837.128754727257,26.681384392752776,58.78457058813865,,79.81037513467378,57.008343374886394,1560.3472739415215,1
11,380,No,2.0,4,2,12,1,BrownChromis,33.228330664430636,No,,,,NRNL_nr,885.8217287959072,1567.774111774573,16.749122378208337,14.760458834288809,,62.1207779017695,90.94049231859948,,0
11,380,No,2.0,4,2,12,2,Wrasse,29.307214317148222,No,,,,NRNL_nr,209.1766105621459,1767.7511380652093,40.893530905797185,15.4257983209228,,127.3950759477222,67.0378653800569,,0
11,380,No,2.0,4,2,12,3,Wrasse,58.551415029312594,No,,,,NRL_nr,192.99639927210603,975.2178691047292,3.931505835790896,7.783249536582708,4.9528399735491515,130.00540435452822,28.83531075363995,,0
11,380,No,2.0,4,2,12,4,BicolorDamselfish,37.5320212251664,No,,,,NRL_nr,560.5353601575508,898.2693571446594,4.410316889256851,10.87722731769545,10.87722731769545,117.52182016239917,14.58492301749443,,0
11,380,No,2.0,4,2,12,5,BrownChromis,25.789533625045927,No,,,,NRNL_nr,587.6935344378559,1913.67949604649,28.29320865897303,13.194208144698925,,154.46632254116352,80.67747510410192,,0
11,380,No,2.0,4,2,12,6,BrownChromis,24.73943080274114,No,,,,NRNL_nr,229.6563958295882,1811.281076108529,38.67303303788104,19.50024579289469,,134.5058214624086,73.01989103616532,,0
11,380,No,2.0,4,2,12,7,BrownChromis,56.52507621111938,No,,,,NRNL_nr,1187.600128909069,1492.0040632394362,5.285115810147851,8.473255898432459,,39.28386200166446,74.14039394703457,,0
11,380,No,2.0,4,2,12,8,BrownChromis,35.39051451343824,No,,,,NRNL_nr,604.8926958833182,1661.1667783829157,30.5277332868804,18.63668671099635,,70.0151596912658,83.59290815968167,,0
11,386,No,2.0,4,2,18,1,Basslet,98.31201910713176,No,,,,NRNL_nr,574.7926380597112,2480.3952445349246,12.701898276994305,14.64547308191813,,159.9137537042337,68.49967341197066,,0
11,386,No,2.0,4,2,18,2,BrownChromis,35.13578434055476,No,,,,NRNL_nr,231.8298255746059,1815.8708926457891,14.43312133785131,23.917671376979342,,144.76793427615138,81.133716387091,,0
11,386,No,2.0,4,2,18,3,Snapper,110.82742085766051,No,,,,NRL_nr,132.82556495548403,1741.8405827503825,28.211885522821017,24.473750632246865,13.50677213714623,22.861679312357893,46.94855546890994,,0
11,386,No,2.0,4,2,18,4,BrownChromis,103.74651531565748,No,,,,NRL_nr,63.01375243051916,1564.7899655543945,88.14657608964552,26.543801739240216,11.170997680737615,74.37203382743604,49.71318453835002,,0
11,386,No,2.0,4,2,18,5,BrownChromis,37.836437697122136,No,,,,NRNL_nr,597.4106831179139,2141.4639459875,26.497455316935593,26.733638679329943,,161.84757089086844,70.79075169634255,,0
11,386,No,2.0,4,2,18,6,BrownChromis,24.34858634484856,No,,,,NRNL_nr,565.2383358249921,2220.823282085783,31.34586933161554,31.96955568082511,,112.08784450150812,74.67607909306594,,0
11,386,No,2.0,4,2,18,7,BrownChromis,21.44740509276514,No,,,,NRNL_nr,746.5402368641908,2561.0836400121075,18.93828527807676,27.10598260695965,,137.08613951279125,71.86001124814112,,0
11,386,No,2.0,4,2,18,8,BicolorDamselfish,19.80126162309916,No,,,,NRNL_nr,76.93251456678068,1758.2367254972746,18.59773174546614,32.92541231347141,,124.72442710718808,65.39605941083789,,0
11,388,No,8.0,4,2,20,1,BrownChromis,60.80032914479656,No,,,,NRNL_nr,1404.7379113493853,1159.7042567481176,4.957166915876026,14.427801128837237,,29.51524762094885,79.53594692266739,,0
11,388,No,8.0,4,2,20,2,BrownChromis,29.937489021655587,No,,,,NRNL_nr,913.178970669982,1468.4376432304791,18.407864531731537,25.290879468760306,,7.584720527474903,84.60505297122153,,0
11,388,No,8.0,4,2,20,3,BrownChromis,45.48765459956462,No,,,,NRNL_nr,1120.0218535777722,1343.4110246694236,14.183253146797115,20.69559035217072,,62.1915388874982,89.56484955353818,,0
11,388,No,8.0,4,2,20,4,BrownChromis,41.76225354898895,No,,,,NRNL_nr,644.1980094269193,1832.2895172591489,21.56796893924675,19.768282991493734,,128.0653156954492,76.28972932836557,,0
11,388,No,8.0,4,2,20,5,BrownChromis,19.359285808870577,No,,,,NRNL_nr,303.1502320285332,1885.6765142909312,19.604654123160262,18.6721405834427,,106.79322619967924,70.31578883435029,,0
11,388,No,8.0,4,2,20,6,BrownChromis,39.742028026491695,No,,,,NRNL_nr,554.5971612678155,1879.1331163055763,20.031609214603368,19.220252841872497,,132.60205161349597,65.07795866819241,,0
11,388,No,8.0,4,2,20,7,BrownChromis,,No,,,,NRUD,,,0.0,0.0,0.0,,,,0
11,388,No,8.0,4,2,20,8,BrownChromis,,No,,,,NRUD,,,0.0,0.0,0.0,,,,0
11,388,No,8.0,4,2,20,9,Basslet,90.05712209742373,No,,,,NRL_nr,199.91189541296905,1696.5135929145376,199.0047866515471,49.24415649330124,4.395856197963655,106.60180189782918,2.5692492332277213,,0
11,388,No,8.0,4,2,20,10,Basslet,82.07109968792349,No,,,,NRL_nr,222.07151162203763,1748.8010319036616,262.66950483177004,89.18229112787377,89.18229112787377,80.61450629238738,2.9902238633924614,,0
11,388,No,8.0,4,2,20,11,BrownChromis,38.84222990567251,No,,,,NRNL_nr,467.61915928539,1213.4688967731104,12.9538406536071,21.554448718378435,,148.05051821221446,83.40084889697822,,0
11,389,No,3.0,4,2,21,1,Wrasse,133.31630254064885,No,,,,NRL_nr,69.25148178542679,1321.9150697478958,39.88368204718851,40.44893631120751,36.38534717148504,98.88631479367332,53.68479697593618,,0
11,389,No,3.0,4,2,21,2,BrownChromis,41.05510558368347,No,,,,NRNL_nr,582.830795863421,1795.9494222729363,101.42292683936218,52.86721365646275,,131.55207053471716,76.02686646328594,,0
11,389,No,3.0,4,2,21,3,BrownChromis,33.0405227689857,No,,,,NRNL_nr,488.8369659673371,1878.9912177455496,123.3165662574825,58.58192005057148,,75.83911286484853,75.38948403554953,,0
11,389,No,3.0,4,2,21,4,BrownChromis,43.19691596159347,No,,,,NRNL_nr,716.6232179697827,2112.3608128188453,81.21796108134889,43.86089689722244,,117.9446152996948,76.7856955081874,,0
11,389,No,3.0,4,2,21,5,BrownChromis,54.795221085935395,No,,,,NRNL_nr,596.5738654281339,2412.5945374072603,26.856475508568796,35.15432190085533,,50.09159915596483,74.23951983073039,,0
11,389,No,3.0,4,2,21,6,BrownChromis,46.39425933725088,No,,,,NRNL_nr,694.5143212748093,2254.9324846650557,61.205309018370656,40.18028112405196,,83.60205678902051,76.34537797123058,,0
11,389,No,3.0,4,2,21,7,BrownChromis,41.297658833971425,No,,,,NRNL_nr,326.7047998462883,1661.0252882628008,51.89861626914239,46.6818313832409,,98.38769571112545,58.042617279137765,,0
11,389,No,3.0,4,2,21,8,BrownChromis,42.19420912503441,No,,,,NRNL_nr,285.95776117947287,1812.503118910792,78.45040862231944,49.55260756409928,,88.65161054563833,66.48204157779807,,0
11,389,No,3.0,4,2,21,9,BrownChromis,31.821572554832024,No,,,,NRNL_nr,282.9373373653034,1779.505514812386,86.95070735889043,54.27990330488819,,106.6371398336304,75.28479103251385,,0
11,389,No,3.0,4,2,21,10,BrownChromis,35.118800329884515,No,,,,NRNL_nr,473.6825682743377,1718.7271523165296,48.137749396584134,46.69275547026914,,128.70757595322962,85.49976225804478,,0
11,389,No,3.0,4,2,21,11,BrownChromis,34.343275070339146,No,,,,NRNL_nr,434.83466483860343,1894.164823512295,20.089372474813832,33.4474582891776,,135.0298125676168,93.00765164769538,,0
11,389,No,3.0,4,2,21,12,BrownChromis,,No,,,,NRUD,,,0.0,0.0,0.0,,,,0
11,389,No,3.0,4,2,21,13,BrownChromis,,No,,,,NRUD,,,0.0,0.0,0.0,,,,0
11,389,No,3.0,4,2,21,14,BicolorDamselfish,32.860904728868086,No,,,,NRNL_nr,49.44426709724288,1842.859331729187,50.72936974385082,51.03989521498781,,122.59592258990224,61.03724743514307,,0
11,389,No,3.0,4,2,21,15,BicolorDamselfish,42.66066707479139,No,,,,NRL_nr,239.02550845323313,1499.8465211113817,4.102165115341992,15.748356246916137,0.0,162.31309553212378,16.98415119077169,,0
11,389,No,3.0,4,2,21,16,YellowtailHamlet,105.42488840528004,No,,,,NRL_nr,28.650444310311155,1270.6149183576929,30.257231821421943,35.85700961171158,1.8899603989846117,124.83049912717269,52.714134918165406,,0
11,389,No,3.0,4,2,21,17,BrownChromis,38.8612415734428,No,,,,NRNL_nr,415.7910999277514,1329.085022103505,36.69617980368744,46.8464040436204,,112.328242036485,73.1275539694145,,0
12,402,No,8.0,5,2,1,1,Parrotfish,66.53201017746679,No,,,,NRNL_nr,212.0895274434264,1610.786095427621,54.60443991883149,51.88218548813603,,106.64449208457675,82.40417486485185,,0
12,402,No,8.0,5,2,1,2,BrownChromis,59.790815416453725,No,,,,NRNL_nr,465.0311058410281,1462.7301687268905,45.49482823151277,38.961769433406786,,168.7930927187538,57.45552346889314,,0
12,402,No,8.0,5,2,1,3,BrownChromis,53.72235196675084,No,,,,NRNL_nr,466.7536275166345,1608.3742357286385,50.18649433453883,56.03266071904859,,98.94401316295549,62.31327991728973,,0
12,402,No,8.0,5,2,1,4,BrownChromis,58.0211857300365,No,,,,NRNL_nr,455.7514104261773,1466.790366516724,73.8383218171632,59.61827130551352,,103.95622539234463,77.50310883094754,,0
12,402,No,8.0,5,2,1,5,BrownChromis,56.1119883533831,No,,,,NRNL_nr,569.7529737632926,1789.461429434317,46.48308387328144,48.18919406205033,,19.45774227752467,81.43357092580318,,0
12,402,No,8.0,5,2,1,6,BrownChromis,62.144252347582565,No,,,,NRNL_nr,582.2838850111672,1931.490650927164,36.35093095630352,34.24545859832962,,38.98403906592821,90.94556980742358,,0
12,402,No,8.0,5,2,1,7,BrownChromis,51.44864662921268,No,,,,NRNL_nr,484.8364263986619,1627.762651568972,55.2428714137023,51.67095956213715,,55.09415293590774,89.31340430403954,,0
12,402,No,8.0,5,2,1,8,BrownChromis,21.05424115388868,No,,,,NRNL_nr,40.76776641076866,1832.5931904595432,28.96584039009821,51.23744059097595,,60.4088386774453,73.62330640461994,,0
12,402,No,8.0,5,2,1,9,BicolorDamselfish,17.31160686427554,No,,,,NRNL_nr,19.26083585571981,1110.1647066063124,13.79323645118788,29.92926324310543,,41.42035794368883,70.11541211061878,,0
12,402,No,8.0,5,2,1,10,BrownChromis,60.00064330116952,No,,,,NRNL_nr,353.2239808389622,1263.4072748863073,58.45758254389085,50.28477770106704,,101.60306738764878,75.4191632450448,,0
12,402,No,8.0,5,2,1,11,Parrotfish,112.9924732708354,No,,,,NRNL_nr,74.41725807146419,1309.725981691583,50.34627580270785,38.11786705033231,,144.0298773438573,75.55268430624479,,0
12,405,No,3.0,5,2,3,1,BrownChromis,62.8175653352523,No,,,,NRNL_nr,336.716586424402,1597.4676990636665,139.30873996910563,65.86497514648882,,69.73899156832114,57.810205863963304,,0
12,405,No,3.0,5,2,3,2,BrownChromis,53.826839840486095,No,,,,NRNL_nr,229.9777755143308,1606.7118107850376,165.3314032149013,82.2100996686186,,32.17690462336233,58.18213869450224,,0
12,405,No,3.0,5,2,3,3,BrownChromis,71.4113636320947,No,,,,NRNL_nr,234.98308825771895,1897.1703645545024,42.73354934605437,40.57219204330198,,79.88996189953075,68.33805260283906,,0
12,405,No,3.0,5,2,3,4,BrownChromis,58.73132469110266,No,,,,NRNL_nr,6.928976711939422,1219.8533761056988,44.182272762652815,45.32893818561697,,40.2111456034464,56.03262646794175,,0
12,405,No,3.0,5,2,3,5,BrownChromis,52.66034384485769,No,,,,NRNL_nr,8.107482574394055,1438.7343181750332,57.67727400068566,61.38135092388413,,82.81864967289253,63.83498780749525,,0
12,405,No,3.0,5,2,3,6,BrownChromis,105.94049630737888,No,,,,NRNL_nr,13.99026148062748,1097.128506584776,48.154279512727946,38.07399761874553,,105.33002726601497,78.1527953062923,,0
12,405,No,3.0,5,2,3,7,BicolorDamselfish,24.16351721666028,No,,,,NRNL_nr,41.17658761664412,953.549206218794,37.82997233159522,45.86974565587709,,49.18556779874,77.47507974795869,,0
12,405,No,3.0,5,2,3,8,BrownChromis,70.38604706654682,No,,,,NRL_nr,270.72184948431686,1529.3317878984165,82.61929058761353,41.04248504837707,16.873783521333966,33.2095965414716,52.528990433217714,,0
12,405,No,3.0,5,2,3,9,BrownChromis,37.593450227928805,No,,,,NRNL_nr,124.40593586974038,1485.333056541394,98.45691904360784,65.4611998828811,,21.006118412191633,67.24976652405715,,0
12,405,No,3.0,5,2,3,10,BrownChromis,26.111937924655813,No,,,,NRNL_nr,92.96087138197484,1638.0899553557929,86.68608070986083,61.32315169591949,,134.52008322569952,69.60670801376712,,0
12,405,No,3.0,5,2,3,11,BicolorDamselfish,14.880351489190703,No,,,,NRNL_nr,391.885565662826,1711.7691587911029,14.8210871605126,29.418248924710824,,131.73940947350368,75.12464760184133,,0
12,406,Yes,6.0,5,2,4,1,Basslet,,No,,24.0,7.0,NRTC,548.4888534283988,1337.5695330633046,9.494951082898485,27.538802313502863,,,115.51429988588818,,0
12,406,Yes,6.0,5,2,4,2,BrownChromis,223.83016015517865,Yes,2390.0,0.0,1.0,FR,396.8411512174937,961.3472509474636,39.85284687474253,27.810673698409467,,128.7339003501126,59.90511766416898,1840.9022593768643,1
12,406,Yes,6.0,5,2,4,3,BrownChromis,53.708222277701566,Yes,2396.0,6.0,3.0,SRNL,451.1829651254356,1480.6416880076818,48.47774675370529,47.081469045622114,,62.4948419183664,56.46945161846083,1669.220010262593,1
12,406,Yes,6.0,5,2,4,4,BrownChromis,,Yes,2413.0,23.0,6.0,SRTC,332.0403721705264,1633.892533038286,46.651709293596,55.79058187080417,,,55.97714154065132,,1
12,406,Yes,6.0,5,2,4,5,BrownChromis,50.792562541412,Yes,2395.0,5.0,2.0,SRL,421.06530524053574,1143.2856699506983,43.47241437665873,71.12014681178539,63.08511613078794,124.64177048983314,51.40071601102642,972.2314509356404,1
12,406,Yes,6.0,5,2,4,6,BicolorDamselfish,29.26923670441486,Yes,2413.0,23.0,6.0,SRNL,113.7128542848246,982.1886730199838,24.798556059274244,43.566953942725,,84.04740093208004,83.42945445181391,980.5252882793671,1
12,406,Yes,6.0,5,2,4,7,BrownChromis,56.28777410130521,No,,24.0,7.0,NRNL_r,28.3889320503646,1397.104336776442,53.38358912744117,45.04588407037167,,104.66555031861502,86.1719504793858,,0
12,406,Yes,6.0,5,2,4,8,BrownChromis,70.00310946412993,No,,24.0,7.0,NRNL_r,113.72857332382011,1648.4827245177107,36.16861572950599,41.77027388194194,,95.09997324569628,80.1585321359139,,0
12,406,Yes,6.0,5,2,4,9,BrownChromis,38.65414378526124,No,,24.0,7.0,NRNL_r,62.97688966045293,1627.9141834031525,40.976530667769154,39.92484994500588,,81.66788606756779,87.7680486617457,,0
12,406,Yes,6.0,5,2,4,10,BrownChromis,33.27919119974936,Yes,2409.0,19.0,5.0,SRNL,144.80655505653226,1285.778909932092,46.40014290804828,52.48013463065811,,90.15892928972076,73.62476236674819,670.337703182506,1
12,406,Yes,6.0,5,2,4,11,BrownChromis,21.775445269000304,Yes,2408.0,18.0,4.0,SRNL,120.95255456695278,1421.4176724750002,51.23438356836051,58.18485232154753,,87.31154851717447,59.69765876426192,509.76209097365506,1
12,408,No,8.0,5,2,6,1,BrownChromis,53.02576952115329,No,,,,NRL_nr,328.2526073030276,722.793072024399,75.22617656803659,67.56357727353455,0.0,132.75588067164077,53.24220320847916,,0
12,408,No,8.0,5,2,6,2,BrownChromis,68.00538790224267,No,,,,NRL_nr,242.1439976916175,895.498435730884,99.56593710628408,65.88536711211796,12.33467148048637,118.91956024149248,45.77104376452069,,0
12,408,No,8.0,5,2,6,3,BrownChromis,62.7266009937594,No,,,,NRL_nr,318.65605727485047,956.3500040121726,76.77986669461501,58.010215307464904,20.53702269192597,148.91412709052898,54.04990964749163,,0
12,408,No,8.0,5,2,6,4,BrownChromis,52.87247461996827,No,,,,NRNL_nr,293.06571615636227,1199.5100630422469,37.102650006039205,44.456423290672504,,119.22637629781646,61.93255774094002,,0
12,408,No,8.0,5,2,6,5,BrownChromis,57.02529425158262,No,,,,NRNL_nr,340.1643648982468,632.3251634168847,42.18399037813697,31.481426840468224,,81.02026407079018,73.77113385682298,,0
12,408,No,8.0,5,2,6,6,BrownChromis,43.4488706764273,No,,,,NRNL_nr,130.40207694505912,1592.9388069090037,16.674907300640537,29.101292383964896,,17.183619055367807,85.3581070779477,,0
12,408,No,8.0,5,2,6,7,BicolorDamselfish,24.276906750048873,No,,,,NRNL_nr,65.66393594493354,944.8537722291774,37.66339904909971,36.02555166346059,,88.0081919529235,79.9005674366119,,0
12,408,No,8.0,5,2,6,8,BrownChromis,38.41520995121169,No,,,,NRNL_nr,336.10220343077987,1746.18787318832,17.052479006144118,28.950301369810862,,135.13665933394117,77.72166512173824,,0
12,408,No,8.0,5,2,6,9,BrownChromis,29.24664761644116,No,,,,NRNL_nr,96.5603229615778,1665.7824186045607,19.01468853447279,28.674987266588893,,87.98258163707243,62.636720391528655,,0
12,408,No,8.0,5,2,6,10,Basslet,112.35392119042842,No,,,,NRNL_nr,111.3870265048787,929.194650581393,70.21956684079387,55.853358852775585,,153.124230269469,61.02747890842622,,0
12,409,No,6.0,5,2,7,1,BrownChromis,56.77758409660582,No,,,,NRNL_nr,399.6704182994308,1381.534839524853,72.74450976795477,53.867133887659314,,61.28782027989553,61.634355692263824,,0
12,409,No,6.0,5,2,7,2,BrownChromis,46.25612873867246,No,,,,NRNL_nr,564.3794940268372,1326.4892751073307,57.475989355040085,50.662234552482914,,54.306596190091796,65.49893268871676,,0
12,409,No,6.0,5,2,7,3,BrownChromis,51.98552743844193,No,,,,NRNL_nr,271.9815116963191,1640.7762194765423,13.635966338997262,21.339563450128875,,50.649342580885104,93.18827760584132,,0
12,409,No,6.0,5,2,7,4,BrownChromis,54.30759887850343,No,,,,NRL_nr,623.4819001181736,1107.0747380655428,22.238850502995287,22.554453631213264,22.554453631213264,53.94697181250756,50.1100506549348,,0
12,409,No,6.0,5,2,7,5,BrownChromis,71.02272996066368,No,,,,NRNL_nr,305.5840378313102,1508.0414295308017,68.51899332778333,42.57492161807293,,101.75430205641732,64.776714109604,,0
12,409,No,6.0,5,2,7,6,BrownChromis,49.13313637788364,No,,,,NRNL_nr,624.8649127960329,1903.516063342175,20.537072411455537,25.140298010272016,,26.72591683597898,64.26791567570594,,0
12,409,No,6.0,5,2,7,7,BrownChromis,52.93565227313772,No,,,,NRNL_nr,920.220073655212,2651.4108393456977,4.969722282940774,13.608357224114627,,57.98544205303948,85.0518785937303,,0
12,409,No,6.0,5,2,7,8,BicolorDamselfish,19.83462953015592,No,,,,NRNL_nr,19.763240357246552,1737.057605561375,17.541783738200916,27.175295326299484,,76.14125374348546,78.05546177985136,,0
12,409,No,6.0,5,2,7,9,BicolorDamselfish,23.88638786364745,No,,,,NRNL_nr,1.3722068478517282,1024.5047585053346,11.71003867058954,19.73064894904973,,13.586661018922038,76.36037163737852,,0
12,409,No,6.0,5,2,7,10,BrownChromis,48.4534527699118,No,,,,NRNL_nr,467.3160965502194,1092.5904592175823,29.522756025810036,37.11364884070536,,70.26136670045364,75.38762484213753,,0
12,411,No,4.0,5,2,8,1,BrownChromis,60.448904475930696,No,,,,NRNL_nr,376.286198293037,1506.678422799538,41.428313593381155,41.892904529204536,,142.85117160099762,65.4739249879755,,0
12,411,No,4.0,5,2,8,2,BrownChromis,43.40266235754478,No,,,,NRNL_nr,247.99228093107297,1358.0923344966,80.81778856733413,61.06285571249343,,84.80532748729992,76.6628922303449,,0
12,411,No,4.0,5,2,8,3,BrownChromis,51.49034300960744,No,,,,NRNL_nr,121.9716639795224,1160.6010250485642,36.95602013654075,37.8319445034028,,121.66520518724565,79.83612488658315,,0
12,411,No,4.0,5,2,8,4,BrownChromis,47.12300099804058,No,,,,NRNL_nr,137.4883716716439,1667.3911010742113,159.30478394934477,68.70323687277006,,73.5875577993201,77.48073647514144,,0
12,411,No,4.0,5,2,8,5,BicolorDamselfish,24.69395986976313,No,,,,NRNL_nr,103.97253701870824,1616.0578939927257,726.3194598143507,117.4695594107794,,77.71053709388373,80.49491401404657,,0
12,411,No,4.0,5,2,8,6,BrownChromis,116.28260012567333,No,,,,NRNL_nr,185.9730382754567,1539.1292399950116,126.57301754818792,45.68038548027369,,141.94465057385645,82.53570897518026,,0
12,411,No,4.0,5,2,8,7,Doctorfish,65.58458893887591,No,,,,NRNL_nr,828.1196965472367,2635.4760831258513,5.4963688155108565,17.627690187646117,,114.27392120409328,77.90969085523005,,0
12,411,No,4.0,5,2,8,8,BrownChromis,64.08004512126497,No,,,,NRL_nr,2.9909678557390764,1339.62125327463,8.10837919150219,17.438076102401016,1.814871717110756,37.64571641210571,47.14613589415783,,0
12,411,No,4.0,5,2,8,9,BrownChromis,57.528900379612125,No,,,,NRNL_nr,395.2179225431093,1405.001101074832,68.9226419113722,42.94496344692938,,142.20696596467934,75.4067595072323,,0
12,412,No,7.0,5,2,9,1,Doctorfish,,No,,,,NRUD,,,0.0,0.0,0.0,,,,0
12,412,No,7.0,5,2,9,2,Snapper,273.2790800103594,No,,,,NRNL_nr,588.2535408473668,2298.674739221776,11.879981052241,45.1638109615283,,98.3928399233576,87.31588196828486,,0
12,412,No,7.0,5,2,9,3,Snapper,178.54304436696444,No,,,,NRNL_nr,167.246380523194,1602.7571923102728,30.379616245788537,52.40453376562655,,154.11668320603667,91.49083719841389,,0
12,412,No,7.0,5,2,9,4,BrownChromis,72.7963836573427,No,,,,NRNL_nr,297.75706929853646,1767.8261601842771,56.559343107559414,80.01721658112504,,115.3668961470098,82.61048371239902,,0
12,412,No,7.0,5,2,9,5,BrownChromis,49.83188454435725,No,,,,NRNL_nr,476.6811434751656,1604.5772872164498,64.37682929267575,77.80579968998335,,156.87551553471317,85.17843204839875,,0
12,412,No,7.0,5,2,9,6,BrownChromis,55.25879340381341,No,,,,NRNL_nr,289.4205137389084,1451.697290972131,54.05647437396692,78.51060555093966,,5.523212410587307,66.51142896160988,,0
12,412,No,7.0,5,2,9,7,BrownChromis,66.86931285004978,No,,,,NRNL_nr,264.5768346467982,1413.080094350546,39.00240755142853,61.94791353056192,,149.68774383856538,55.4306198349916,,0
12,412,No,7.0,5,2,9,8,BrownChromis,58.044034239967026,No,,,,NRNL_nr,362.93183856762266,1360.2735580375045,43.25693365902509,58.2048259313921,,67.21009025811374,91.5687004433707,,0
12,412,No,7.0,5,2,9,9,BrownChromis,65.06854024110984,No,,,,NRNL_nr,7.536947132282301,1281.946358765898,33.465062517557755,66.66850557561017,,64.81777643490021,60.04238898170019,,0
12,412,No,7.0,5,2,9,10,Wrasse,164.18106125972213,No,,,,NRNL_nr,67.76732540532547,1572.6940897292604,54.41854009269659,61.658645755163306,,36.83563279393147,71.67907107618748,,0
12,412,No,7.0,5,2,9,11,BrownChromis,31.54718789441869,No,,,,NRNL_nr,305.95914758416956,1442.262213913821,92.24085126917235,81.978460724081,,112.46644902806182,79.23501572832004,,0
12,413,No,3.0,5,2,10,1,BrownChromis,52.98830153549366,No,,,,NRNL_nr,352.2697135565444,1832.799979998142,6.970232168264491,18.09514274446459,,30.498856033156244,92.2306675948101,,0
12,413,No,3.0,5,2,10,2,BrownChromis,51.854485195571336,No,,,,NRNL_nr,580.8399349664677,1109.0449177895212,47.08726441542941,46.18131081271622,,76.57381816927801,74.22058225759945,,0
12,413,No,3.0,5,2,10,3,BrownChromis,55.49881318102862,No,,,,NRNL_nr,379.4413739694554,1276.5534283072384,59.70261494938631,40.23218118887441,,59.698389872470685,62.130831641075545,,0
12,413,No,3.0,5,2,10,4,BrownChromis,49.85433849315395,No,,,,NRNL_nr,540.6057362637733,1216.7326330098724,51.26977307726561,35.5292991814636,,63.5640059423405,57.64031355471759,,0
12,413,No,3.0,5,2,10,5,BrownChromis,53.24512820717504,No,,,,NRNL_nr,530.3846571105812,1174.7634300987247,17.87301268086366,31.835793341099997,,66.17422003329676,92.10151479755648,,0
12,413,No,3.0,5,2,10,6,BrownChromis,63.23732258657647,No,,,,NRNL_nr,516.6255908132996,921.8165260935134,38.796806982010615,29.26886579449719,,140.46601301638535,66.26271536767906,,0
12,413,No,3.0,5,2,10,7,BrownChromis,42.531551467901025,No,,,,NRL_nr,31.138256566990144,1088.2692916856076,6.499405396148634,15.983799891327513,0.0,44.19622631850879,41.70772358967601,,0
12,413,No,3.0,5,2,10,8,Basslet,94.99420925103092,No,,,,NRNL_nr,395.1121102901919,2081.194617795238,6.706802968536824,16.296620975807567,,138.87520272068903,69.97230543633192,,0
12,426,No,2.0,5,2,23,1,BrownChromis,55.93018994763129,No,,,,NRL_nr,354.9003933149804,1720.9002944499946,40.74077515775045,36.174011465347085,22.80888398154448,3.9875084429613294,46.53923027180052,,0
12,426,No,2.0,5,2,23,2,BicolorDamselfish,15.661133120228824,No,,,,NRNL_nr,17.534248825023937,1134.1081171907456,11.849026971226431,19.05113859693599,,54.39421512817296,76.75612400570867,,0
12,426,No,2.0,5,2,23,3,BrownChromis,53.0887471480489,No,,,,NRNL_nr,160.5961105445005,1484.5739284852727,25.783143024371025,29.39851611927928,,100.8299997879648,76.54281617784027,,0
12,426,No,2.0,5,2,23,4,BrownChromis,52.481816655636536,No,,,,NRNL_nr,569.2929161260903,1875.3289101237451,26.859317542684213,25.792567347556595,,173.25469465659776,78.16565632191006,,0
12,426,No,2.0,5,2,23,5,BrownChromis,58.9881083180565,No,,,,NRNL_nr,447.16673694590605,2060.779294985486,15.858867160877088,23.405921855250224,,123.2247893148344,83.51072900937166,,0
12,426,No,2.0,5,2,23,6,BrownChromis,52.87988795266872,No,,,,NRNL_nr,495.1766698721177,1695.5334186318653,26.943816664941284,25.835326909266424,,115.69488998307756,70.24584223854377,,0
12,426,No,2.0,5,2,23,7,BrownChromis,55.420659641036686,No,,,,NRNL_nr,294.3273693660755,1507.1011879621867,19.43890360926331,22.95921086684823,,88.90905037905888,89.90679664487277,,0
12,426,No,2.0,5,2,23,8,Parrotfish,215.2608740363713,No,,,,NRL_nr,532.5916297586596,1795.2984697758986,10.918462921291342,15.713768100032755,15.713768100032755,50.93638064041814,36.23676618920366,,0
12,427,No,4.0,5,2,24,1,BrownChromis,58.13159396353118,No,,,,NRNL_nr,274.4898554267554,1724.7577566877703,43.95027074276314,45.607330851194355,,84.98486502835203,66.06129700718483,,0
12,427,No,4.0,5,2,24,2,BrownChromis,61.850949745765,No,,,,NRNL_nr,3.2844414361822323,1552.9365093107162,58.17065372500923,56.128742650071224,,64.28986872823643,81.13214981938852,,0
12,427,No,4.0,5,2,24,3,BrownChromis,65.28894163442305,No,,,,NRNL_nr,5.953162960302456,1646.2009894846915,49.818361315147456,39.48050735419958,,151.53904128755667,87.62497703409937,,0
12,427,No,4.0,5,2,24,4,BandedButterflyfish,90.11835197259758,No,,,,NRNL_nr,28.55829222969736,1183.8977232784475,81.8828025304522,40.81193367110427,,123.11407221967794,75.08213367165966,,0
12,427,No,4.0,5,2,24,5,BandedButterflyfish,101.9821701710988,No,,,,NRNL_nr,12.957108254071494,1105.1745545381668,57.386354718694136,41.93262308553243,,129.59627348157943,64.73156333011454,,0
12,427,No,4.0,5,2,24,6,BrownChromis,56.55375413889132,No,,,,NRNL_nr,272.4415126994586,1337.3818187439094,43.637485394207275,43.10453323744052,,104.70905195489549,64.65170833140633,,0
12,427,No,4.0,5,2,24,7,BrownChromis,69.02176153877184,No,,,,NRNL_nr,298.78493678409745,1528.4309229253863,55.63118776255692,52.03609723412441,,113.9731102343882,70.73030568818068,,0
12,427,No,4.0,5,2,24,8,BrownChromis,36.85018592747639,No,,,,NRNL_nr,17.151690207522996,1116.21426521823,110.8332026192454,65.51215436991251,,75.33157582122219,76.02368531259248,,0
12,427,No,4.0,5,2,24,9,BrownChromis,39.50585885308707,No,,,,NRNL_nr,71.29269015522522,1185.8802202563506,104.2419938631558,54.84394134464588,,170.1346836620209,83.05000324989857,,0
12,427,No,4.0,5,2,24,10,BicolorDamselfish,13.11062602975975,No,,,,NRNL_nr,11.165860038578472,1287.263214296335,103.27075059835352,62.64704567695547,,55.65035853891129,84.85794736869015,,0
12,431,No,5.0,5,2,28,1,Doctorfish,151.62481157506426,No,,,,NRNL_nr,369.3912995240975,2132.5697275067837,18.031444392386035,33.30049186966513,,33.49371306665812,83.72276074601524,,0
12,431,No,5.0,5,2,28,2,Doctorfish,112.96535069750524,No,,,,NRNL_nr,423.274914639414,2212.73015547292,18.695276857881417,41.52870310313949,,45.340349725137074,70.64940464700904,,0
12,431,No,5.0,5,2,28,3,BrownChromis,63.54323804998046,No,,,,NRNL_nr,279.7099213362529,1906.5231974774697,41.677604270267416,70.58729836480616,,164.1999819942634,71.94150519110639,,0
12,431,No,5.0,5,2,28,4,BrownChromis,58.94639917495617,No,,,,NRNL_nr,235.87644647755772,1676.6055049183014,46.145587038510854,57.86461893004871,,92.51962287497793,80.20232856481844,,0
12,431,No,5.0,5,2,28,5,BrownChromis,58.940695425913795,No,,,,NRNL_nr,340.23354949335095,1723.6023233932683,56.20834935779118,71.58166457653809,,167.36489676412162,66.36367306635607,,0
12,431,No,5.0,5,2,28,6,BrownChromis,54.69860551236468,No,,,,NRNL_nr,289.3071393776462,1441.4290921493327,134.89244888835682,71.81718625576515,,145.6359473812608,70.89054756506602,,0
12,431,No,5.0,5,2,28,7,BrownChromis,56.95193460037014,No,,,,NRNL_nr,212.01410311311216,1492.4224890613225,143.33658393322764,80.74506421445321,,150.9104886473304,69.59194612987496,,0
12,431,No,5.0,5,2,28,8,BrownChromis,35.8474857495897,No,,,,NRL_nr,168.6187312608258,1287.20691129735,14.854577889838588,33.72750812130132,0.0,32.771689758468405,44.655727263485275,,0
12,431,No,5.0,5,2,28,9,BicolorDamselfish,32.258554399060955,No,,,,NRNL_nr,4.10495323710995,989.6655113886392,15.15594487503432,35.538581883208565,,17.7550389254144,62.57036533598865,,0
12,431,No,5.0,5,2,28,10,BicolorDamselfish,36.89048695874079,No,,,,NRNL_nr,0.6518513873226808,1293.463288257852,27.148860720956208,50.53215065288008,,48.06307693433301,85.44826918201966,,0
12,431,No,5.0,5,2,28,11,BrownChromis,69.38117169012415,No,,,,NRNL_nr,156.95890667442868,1467.6839545324722,38.15773060835219,47.24137959946941,,107.24106797833976,87.53584920229214,,0
12,432,Yes,3.0,5,2,29,1,BrownChromis,49.61374744011974,Yes,2413.0,18.0,4.0,SRNL,659.2236383520466,1516.2754385100377,25.16976320031201,36.79942617242288,,164.5913438882121,86.5299622699751,3188.7156252031973,1
12,432,Yes,3.0,5,2,29,2,Doctorfish,122.90960666377843,Yes,2395.0,0.0,1.0,FR,792.9305841983601,1697.6133971721688,2.892096396061615,12.40161389116964,0.0,106.98399977511154,17.386116307473653,1924.601312792685,1
12,432,Yes,3.0,5,2,29,3,BrownChromis,56.26923106722204,Yes,2426.0,31.0,6.0,SRNL,530.5319289940043,1701.1991670951825,24.755677923842036,40.00120699294376,,78.29498463857183,71.65559498084306,1440.8887090448077,1
12,432,Yes,3.0,5,2,29,4,Doctorfish,108.53078324606383,Yes,2427.0,32.0,7.0,SRNL,466.1879118582899,2242.1522871013776,12.706459257484203,29.683606525880013,,116.28116401299128,81.82126697345697,1488.6634705394486,1
12,432,Yes,3.0,5,2,29,5,BrownChromis,53.72467429724269,Yes,2415.0,20.0,5.0,SRNL,164.240183128517,1436.8149553770922,30.129145697188985,41.65465563669035,,146.0168741837535,74.45243368690463,1125.2982240919591,1
12,432,Yes,3.0,5,2,29,6,BrownChromis,62.98114735464507,Yes,2403.0,8.0,2.0,SRNL,852.9109378931361,2039.5689318042687,36.33404795756115,46.66659060164946,,92.68934724409412,91.74183279508476,1867.1689093058944,1
12,432,Yes,3.0,5,2,29,7,BrownChromis,45.250190418844895,Yes,2428.0,33.0,8.0,SRNL,638.8252039339379,1851.352907422191,23.93637692383843,42.2315144215724,,88.8835046812686,96.2224087700612,2009.5241856955352,1
12,432,Yes,3.0,5,2,29,8,BrownChromis,65.73765805437083,Yes,2431.0,36.0,10.0,SRNL,553.7894188214802,2155.5975101601725,25.89668573267548,42.78470349860856,,103.23535891052995,84.15544491600787,2133.485319250176,1
12,432,Yes,3.0,5,2,29,9,BrownChromis,56.03586786626346,Yes,2429.0,34.0,9.0,SRNL,788.9276673212435,1991.1678100038357,36.36987715053032,49.44053159991799,,81.07364266059027,84.27257143906941,2305.3366580387947,1
12,432,Yes,3.0,5,2,29,10,BrownChromis,36.73848788635238,No,,53.0,12.0,NRNL_r,14.159637608400976,1190.6868673771005,84.05411567973182,48.49254742289865,,110.9330084883743,77.33309864409492,,0
12,432,Yes,3.0,5,2,29,11,Snapper,,Yes,2408.0,13.0,3.0,SRUD,,,0.0,0.0,0.0,,,,0
12,432,Yes,3.0,5,2,29,12,BicolorDamselfish,37.67788459210689,Yes,2447.0,52.0,11.0,SRNL,4.633840064150348,1121.0800907758294,74.44356537011127,39.27811442626225,,113.9380971830872,73.11076275436398,203.28774244907908,1
12,433,No,7.0,5,2,30,1,BrownChromis,61.10972299986643,No,,,,NRNL_nr,467.3093652069175,1367.6607639017716,236.36091692248115,83.79934053097352,,43.894689853259145,68.41157871764568,,0
12,433,No,7.0,5,2,30,2,BrownChromis,58.75241607540197,No,,,,NRNL_nr,506.2040653422731,1535.334827965016,38.03460766798257,43.08494480292333,,111.90260049484796,84.64313367960517,,0
12,433,No,7.0,5,2,30,3,BrownChromis,60.80674417987236,No,,,,NRNL_nr,491.738398626102,1264.0190821454214,433.8088300178716,76.79507461548172,,46.77255325509419,73.29753548473997,,0
12,433,No,7.0,5,2,30,4,BrownChromis,57.23145949413112,No,,,,NRNL_nr,538.8791346245355,1349.0584494993416,267.09785423508936,73.95835762736647,,99.01285953264046,72.67618389804524,,0
12,433,No,7.0,5,2,30,5,BrownChromis,57.76497534174759,No,,,,NRNL_nr,359.43360042650687,1396.930857306566,118.18770510163938,59.48919545162664,,72.22890280339458,66.41338980745425,,0
12,433,No,7.0,5,2,30,6,BicolorDamselfish,26.267877454805937,No,,,,NRNL_nr,105.45397422447056,1032.3495365382803,14.476754363574646,28.7282465893912,,151.2580080157245,81.42623125101696,,0
12,433,No,7.0,5,2,30,7,BrownChromis,82.92595594188212,No,,,,NRNL_nr,220.78425142060797,1608.500025085821,45.61885629862576,46.73231708388931,,131.55653155412736,78.84829897379036,,0
12,433,No,7.0,5,2,30,8,BrownChromis,58.04092497305162,No,,,,NRNL_nr,287.28541441221154,1742.609206583812,27.705591098225806,41.61007772355502,,167.19493496277715,86.49445446264288,,0
