Dep_ID,Video_ID,Response_Video,Group_Size,Loom_Speed,Site,Site_Rep,Trial_Event,Fish_ID,Species,Size,Response_Present,Responseframe_LF,Responseframe_cam3,After_FR,Response_Rank,Response_Category,Speed,Closest_Coral,Distance_to_Coral,X_Coral,Y_Coral,Z_Coral,Distance_to_Stimulus,Neighbor_Proximity,Stimulus_Side,NAS,N,Orientation_Angle,Viewing_Angle,Response_Binary
1,1,No,6,4.0,1,1,1,4,BicolorDamselfish,21.37844547652478,No,,,,,NRL_nr,,1.0,74.6663954989582,1149.1552723228524,-365.3462589757127,2471.4996211130624,1647.0238646662222,5.925217631067272,R,7.74986835145073,6.370707252526646,52.31922515845165,48.117892000763895,0
1,1,No,6,4.0,1,1,1,5,BicolorDamselfish,39.30338733874578,No,,,,,NRL_nr,,1.0,302.49616275165084,742.6808449826017,131.72855906639273,2329.9353887189836,719.5345601180877,10.062313274909313,L,11.14105173908553,0.0,161.06672528453285,38.3973858714737,0
1,2,No,11,1.0,1,1,2,1,BicolorDamselfish,29.15249066398997,No,,,,,NRL_nr,,1.0,145.4450211148239,964.3866504869144,-278.30782303738744,2392.367018516566,1437.3639556172875,30.401234231622983,R,26.63710241259448,14.647112731504333,22.369227301817027,41.7060145170764,0
1,2,No,11,1.0,1,1,2,2,BicolorDamselfish,35.6543673294867,No,,,,,NRL_nr,,2.0,71.67184093042113,1104.6383162264826,-873.2068032655905,2582.508124188548,2010.963829280588,15.552860731003452,L,14.24912004332409,13.035750888228746,59.88943150634048,41.711544882452,0
1,2,No,11,1.0,1,1,2,3,BicolorDamselfish,41.25980138860668,No,,,,,NRL_nr,,2.0,312.09669728646594,953.487750372908,-896.3918666466657,2613.258545393473,1697.1224807212968,23.479709344554585,L,18.294912325957675,18.294912325957675,65.54148945948597,36.69955279114577,0
1,2,No,11,1.0,1,1,2,5,BicolorDamselfish,51.99742768792768,No,,,,,NRL_nr,,1.0,353.3012011004658,742.6808449826017,131.72855906639273,2329.9353887189836,721.3595665893041,42.13020133812806,R,34.253069040345494,18.73151998443272,115.7320114599613,43.21797212788867,0
1,2,No,11,1.0,1,1,2,6,BicolorDamselfish,36.51381598830079,No,,,,,NRL_nr,,1.0,437.5905837616603,739.0189522300127,125.14102126602704,2336.959416943841,660.917427461154,47.05364641549247,R,32.15749771033087,28.16222022424294,140.7831853608674,26.17710523077347,0
1,2,No,11,1.0,1,1,2,7,BicolorDamselfish,29.59667813859881,No,,,,,NRL_nr,,1.0,354.2577694309233,681.404086040885,21.495137968230893,2447.4728791411303,934.0861529495788,30.976707781156623,R,27.182373840334364,19.30876137681523,45.95783352695053,27.011920764951803,0
1,2,No,11,1.0,1,1,2,10,BicolorDamselfish,48.24864780841894,No,,,,,NRL_nr,,1.0,492.3237881528795,742.6808449826017,131.72855906639273,2329.9353887189836,483.983163316385,36.77738807975745,R,29.58716246521752,5.101553411454004,50.16096712434754,49.90062437045433,0
1,2,No,11,1.0,1,1,2,11,BicolorDamselfish,24.468122165778833,No,,,,,NRL_nr,,1.0,161.8547428388058,900.413507495668,-6.0119078516976,2254.954571886995,1170.2965471170503,33.02433050558941,R,27.800265168723637,15.429615748477364,20.580081635203182,46.09173457743294,0
1,3,No,11,0.5,1,1,3,1,BicolorDamselfish,43.60532825742854,No,,,,,NRL_nr,,1.0,320.2262875359067,843.2712703345186,-187.9993382116444,2427.2173984096876,1330.8764914102755,30.018399327786685,L,24.326942917776194,18.92265600685224,106.6080798137484,30.37586038739204,0
1,3,No,11,0.5,1,1,3,3,BicolorDamselfish,45.91170355506876,No,,,,,NRL_nr,,1.0,658.6069788538083,742.6808449826017,131.72855906639273,2329.9353887189836,351.41221570675174,130.90513611625008,R,42.88860763852149,29.182405873509452,99.62385266721198,43.86694204763495,0
1,3,No,11,0.5,1,1,3,4,BicolorDamselfish,31.29122124591062,No,,,,,NRL_nr,,1.0,572.5945248044571,841.3516086453549,-185.51484129666505,2427.457618010253,1486.578370937933,21.4041658178239,R,20.01110860045521,17.59612307167074,57.425241455599306,22.692697946864932,0
1,3,No,11,0.5,1,1,3,5,BicolorDamselfish,30.87206755257156,No,,,,,NRL_nr,,1.0,393.54841555968176,682.3738527238994,23.239693342600077,2445.6127294826774,818.7419476446325,24.06587441636834,R,27.740761219115335,11.04388123411163,73.39991567597025,24.475522787372547,0
1,3,No,11,0.5,1,1,3,6,BicolorDamselfish,39.66523724168799,No,,,,,NRL_nr,,1.0,69.71034042844866,712.5790860401319,5.071953001005028,2424.69720379155,1067.6917563175662,29.32433580548967,L,24.696426722145976,9.854511685972795,103.64702603222186,40.60266358899056,0
1,3,No,11,0.5,1,1,3,9,BrownChromis,48.61162382780378,No,,,,,NRL_nr,,1.0,9.527710577227907,1182.70296947673,-229.4067503996246,2282.881299585205,1507.233610546219,17.505004759562414,L,12.681817800670412,9.373070117011634,132.93477137865983,53.18888785340991,0
1,4,No,6,1.0,1,1,4,2,BicolorDamselfish,45.668998493890584,No,,,,,NRL_nr,,1.0,229.00329740109024,1270.9797082838743,-379.51365988346504,2374.803735378127,1742.4724536934082,28.121047307868956,R,13.405818457880788,11.695954438084083,83.57932237117981,48.01321759589928,0
1,4,No,6,1.0,1,1,4,3,BicolorDamselfish,22.712594275828668,No,,,,,NRL_nr,,1.0,212.56004000585276,1108.5583410464942,-257.12419626864084,2326.905127535784,1540.8192491138,28.58952467519213,R,14.933983171712356,5.740977104593853,32.01969796438296,46.256060636658226,0
1,4,No,6,1.0,1,1,4,4,BicolorDamselfish,42.6568360684985,No,,,,,NRL_nr,,2.0,286.0382331609703,847.1707125868144,-1019.5040224693034,2613.3200678143744,1926.1369654201576,4.174179292555393,R,7.532093523840976,7.532093523840976,79.50595614719671,25.72642433142293,0
1,5,No,10,2.0,1,1,5,1,BicolorDamselfish,37.33800451873584,No,,,,,NRL_nr,,1.0,236.80915105801793,1241.72159237781,-432.4964169113324,2437.020743931105,1827.6987336810396,22.043108823205873,L,20.11733034320948,20.11733034320948,135.41135698048183,43.75014262036476,0
1,5,No,10,2.0,1,1,5,4,BicolorDamselfish,32.06170500676306,No,,,,,NRL_nr,,1.0,135.52719316852327,1051.849214591662,-138.3083434173735,2270.76495293307,1362.509634173014,40.976853769745176,L,29.964947473361008,15.68080898094706,161.98316639065294,48.70648626137742,0
1,5,No,10,2.0,1,1,5,7,BicolorDamselfish,35.48253307653771,No,,,,,NRL_nr,,1.0,332.75127043586554,681.404086040885,21.495137968230893,2447.4728791411303,917.7921141128046,14.961929723473776,R,23.29525261747822,23.29525261747822,134.73632351458622,25.941008390336183,0
1,5,No,10,2.0,1,1,5,10,BicolorDamselfish,31.660671714799136,No,,,,,NRL_nr,,1.0,92.09220707440272,953.7045490482813,-280.3517567799636,2403.318823372019,1426.9846900739574,38.61171611673634,R,28.547385193846885,23.232939752600124,83.8514756093127,42.38293722115055,0
1,6,No,10,1.0,1,1,6,1,BicolorDamselfish,40.29560821162997,No,,,,,NRL_nr,,2.0,246.7032841996097,931.8943618446448,-904.6605662128768,2618.8271183997294,1767.3764891291885,16.983572568928054,R,21.153192141972863,12.072563257395547,27.95671509030265,34.40686418899287,0
1,6,No,10,1.0,1,1,6,2,BicolorDamselfish,42.359868236948074,No,,,,,NRL_nr,,1.0,1.3258737895446444,1137.057225162148,-355.34941022967354,2465.681633569209,1605.0288224413164,20.02824959416184,L,23.214844948344503,18.704746228008112,114.38013727199196,49.40374795619606,0
1,6,No,10,1.0,1,1,6,3,BrownChromis,48.226021033301635,No,,,,,NRL_nr,,1.0,0.2159991532537461,823.6877600674093,-10.255467690157488,2347.17772430427,1125.5625672719932,20.15650735241488,R,26.320109926743072,18.463238869081913,85.18503672319643,47.53085605825462,0
1,6,No,10,1.0,1,1,6,9,BicolorDamselfish,36.52076441145639,No,,,,,NRL_nr,,1.0,425.4794457357209,742.6808449826017,131.72855906639273,2329.9353887189836,555.5113866695664,19.21733775553966,R,26.62234344372334,17.094962933122034,78.06033461054953,50.59396664192319,0
1,6,No,10,1.0,1,1,6,10,BicolorDamselfish,32.584378567610514,No,,,,,NRL_nr,,2.0,76.81590802997238,1116.661323689542,-880.4781599711736,2582.2241421561316,2017.8782208242665,16.042548710719032,R,23.401289720247036,19.4854113530317,39.45463742677896,42.01969734118939,0
1,7,No,10,7.0,1,1,7,1,BicolorDamselfish,41.16684561566229,No,,,,,NRL_nr,,1.0,25.199338843611525,694.0475878448046,25.453355723040374,2431.5099174462957,1043.5010026724326,122.14796385486942,L,42.84497309532158,4.185052964012849,159.07779858047053,42.71754161266507,0
1,7,No,10,7.0,1,1,7,5,BicolorDamselfish,28.268101152079183,No,,,,,NRL_nr,,1.0,0.5918677910385768,953.497927392282,-50.90267631581687,2340.5198708500784,1233.5360246586622,51.21633074406833,R,37.21659910375275,30.515982535981895,80.74956264707414,51.18234155388622,0
1,7,No,10,7.0,1,1,7,6,BicolorDamselfish,29.83801066844104,No,,,,,NRL_nr,,1.0,124.038675847356,1088.8634770534904,-324.23543520187246,2467.077706890581,1599.490515748851,18.37760691012219,R,20.19794374525737,20.19794374525737,74.02957117945047,46.40443678778425,0
1,7,No,10,7.0,1,1,7,9,BicolorDamselfish,30.641158374235943,No,,,,,NRL_nr,,1.0,351.48331474669726,681.404086040885,21.495137968230893,2447.4728791411303,817.6955640868144,22.0849993291183,L,26.589514849050445,6.7375987625833265,139.62261155070323,30.009380792807285,0
1,7,No,10,7.0,1,1,7,10,BicolorDamselfish,37.54389095234508,No,,,,,NRL_nr,,1.0,10.061613651993245,764.8965825347173,11.036191368850533,2360.0265944947837,1077.8436550386446,132.84868371235717,R,44.57455580698328,30.9669888351005,10.138660815544528,45.36187814491282,0
1,9,No,4,0.5,1,1,9,1,BicolorDamselfish,54.579675982707144,No,,,,,NRL_nr,,1.0,110.86862779032916,917.2514872090112,-252.7552077765098,2413.386468100231,1436.6852756922235,70.54656378447375,L,21.02651950018158,2.960373033812047,140.20976942968736,41.608671327468755,0
1,9,No,4,0.5,1,1,9,2,BicolorDamselfish,42.5757455195557,No,,,,,NRL_nr,,1.0,85.18074327291637,1043.2426805468942,-309.3009395044485,2452.547683443111,1544.6672765986543,47.72369086318713,L,23.501921102326456,23.501921102326456,100.1875411896624,45.81612583099558,0
1,9,No,4,0.5,1,1,9,3,BicolorDamselfish,27.639482864668057,No,,,,,NRL_nr,,1.0,5.754828654499796,813.1680288553091,144.96460071319274,2341.1135519951704,1002.20961792278,12.049304545609347,R,17.046606961202343,7.740878783015619,99.81731295335884,52.31039850080658,0
1,11,No,11,6.0,1,1,11,1,BicolorDamselfish,56.79793061764605,No,,,,,NRL_nr,,1.0,224.4323029213422,814.9923090175698,13.131738401023911,2300.954609844794,1072.8624910875917,32.461194482300215,R,31.487195685565663,31.487195685565663,126.86470885296508,38.02000608900365,0
1,11,No,11,6.0,1,1,11,2,BicolorDamselfish,55.33194644507602,No,,,,,NRL_nr,,1.0,176.92414574570012,1079.5804213397196,-269.2868809468612,2345.1592480217782,1524.1814431195469,262.9670606777775,L,83.97700429468459,19.19679589888291,128.37239785999003,45.733497095129735,0
1,11,No,11,6.0,1,1,11,3,BicolorDamselfish,77.52251804394837,No,,,,,NRL_nr,,1.0,225.17986714738373,1128.1234945304768,-273.4081784154246,2333.889707365791,1569.804568746539,248.26430549214672,L,52.898273428978825,44.331026394738196,132.0203354040436,46.26775646574001,0
1,11,No,11,6.0,1,1,11,4,BicolorDamselfish,29.08927418006852,No,,,,,NRL_nr,,1.0,98.7526859956737,949.2162322867342,-258.84067903577557,2390.251965435671,1404.5230218569418,76.33218898423272,L,49.05026748349336,3.209620623792497,152.9146569788681,42.42915341867921,0
1,12,No,10,1.0,1,1,12,1,BicolorDamselfish,53.575417745984126,No,,,,,NRL_nr,,1.0,422.65291493266,693.0590238109979,42.46171135223997,2425.11706006414,922.8597928533712,21.24409703666829,R,24.917924322057996,24.917924322057996,149.3955409924878,22.12919292964709,0
1,12,No,10,1.0,1,1,12,2,BicolorDamselfish,62.5360650193201,No,,,,,NRL_nr,,2.0,268.8398920061502,1085.5078309727444,-865.2144790716095,2579.2089549126777,1887.0094392865312,9.71728008528495,R,15.221701717838268,8.067602121348578,53.1108111130602,43.240280054919225,0
1,12,No,10,1.0,1,1,12,3,BicolorDamselfish,33.84973795127673,No,,,,,NRL_nr,,1.0,64.54990194802394,739.9446962260433,-27.730373788440055,2419.209552021396,1106.9609488165531,29.44760235271036,L,34.884982074867324,13.332433471873516,71.50157619607128,41.11103564717606,0
1,12,No,10,1.0,1,1,12,4,BrownChromis,58.55266236981801,No,,,,,NRL_nr,,1.0,562.8198083146206,855.1628439711586,10.133082333255604,2264.3582738243963,1105.0595658700709,16.071323098196434,R,25.763927471641527,14.99967423308541,97.03804076981834,44.55434522698405,0
1,12,No,10,1.0,1,1,12,9,BicolorDamselfish,43.29857811737757,No,,,,,NRL_nr,,1.0,432.6787357370948,850.2812612381272,-194.57186454679444,2425.9712741002995,1403.2728909863415,19.304283168824,R,26.273807672608747,26.273807672608747,108.48860306366656,27.994053544630564,0
1,14,Yes,12,8.0,1,1,14,3,BrownChromis,42.02095326894225,Yes,2392.0,2385.0,0.0,1.0,FR,981.4184206124996,1.0,742.5419866105327,828.8683102294297,30.324249027268095,2277.7665863948064,966.2692614761004,16.706808116928137,R,27.318682296688777,10.93559937473793,99.51704212851844,48.696547657533046,1
1,15,Yes,17,8.0,1,1,15,2,BicolorDamselfish,45.9026083109132,Yes,2396.0,2389.0,0.0,1.0,FR,1439.153362623722,1.0,384.20607013350815,808.1026239086236,112.83631037730706,2303.8894277217564,843.0646485127937,180.16773077435255,R,61.42038583268145,17.495241673861567,84.6445850467112,51.995735940726945,1
1,15,Yes,17,8.0,1,1,15,16,BrownChromis,57.15099222559909,Yes,2397.0,2390.0,1.0,1.0,FR,1048.028691110758,2.0,213.9912003662416,1100.9124929563543,-870.9534743790949,2582.5961276991447,1926.3625383910153,30.83202178129868,L,30.922535130565503,30.922535130565503,153.70024678211695,43.5849747244717,1
1,16,Yes,17,6.0,1,1,16,4,BrownChromis,42.198147836881354,Yes,2401.0,2387.0,0.0,1.0,FR,1591.4816466405944,1.0,680.0934534069486,845.081999381481,11.247948814191496,2267.9525288413483,1166.5466583372574,29.727062855267757,L,34.488301105967714,5.543129974267953,145.042234374179,37.00654059186946,1
1,17,No,10,0.5,1,1,17,1,BicolorDamselfish,41.63149107677479,No,,,,,NRL_nr,,1.0,328.15417964456157,735.3860697771014,118.60567135281129,2343.9277993107994,755.8836651394381,19.61690286403543,L,20.07923876069595,3.227000743412536,134.2048647619238,31.54462922373328,0
1,17,No,10,0.5,1,1,17,2,BicolorDamselfish,20.01621071498769,No,,,,,NRL_nr,,1.0,231.9949291479392,809.984844232542,-144.9188186451593,2431.3827427657375,1281.7981545877676,30.77460623212089,R,31.15194590644404,16.15781301908202,30.20026509879529,33.397700537433025,0
1,17,No,10,0.5,1,1,17,3,BrownChromis,71.59397017839188,No,,,,,NRL_nr,,1.0,794.3845847669558,1054.403786175779,-248.21474340949723,2336.078605320727,1730.8953301194315,14.784799059471345,R,16.88000429658995,9.902307123490557,42.358569513237015,37.84434872280239,0
1,17,No,10,0.5,1,1,17,7,BicolorDamselfish,37.73938577335109,No,,,,,NRL_nr,,1.0,406.9386843252337,1119.8421158958013,-204.05603677974636,2281.698563554349,1557.5957359847307,17.95983450273384,L,24.600827038663187,23.7269851158163,158.25487214460816,44.68951703213715,0
1,17,No,10,0.5,1,1,17,9,BicolorDamselfish,42.44880982425105,No,,,,,NRL_nr,,1.0,469.4349695961762,754.0562674741453,-72.53399313147384,2438.3814449042243,1301.7499391951576,28.974793699148723,R,25.125725482270823,25.125725482270823,125.38668398108594,23.224763843084588,0
1,17,No,10,0.5,1,1,17,10,BicolorDamselfish,40.9892251295313,No,,,,,NRL_nr,,1.0,561.1783661944611,681.404086040885,21.495137968230893,2447.4728791411303,957.8517569230768,22.17240796868518,L,15.279348815212227,5.451135406522747,114.94561298051514,12.742375785021943,0
1,18,No,10,0.5,1,1,18,1,BicolorDamselfish,32.27469583954744,No,,,,,NRL_nr,,1.0,172.48554445964336,1044.7435156878598,-219.8341272795184,2323.0234008680736,1432.981223048291,121.74182088726508,R,36.086870995952175,33.805106675455,122.89982934761434,45.63514777856914,0
1,18,No,10,0.5,1,1,18,2,BicolorDamselfish,44.464321067301185,No,,,,,NRL_nr,,2.0,313.21021584467985,1015.1675234553323,-904.0185805191772,2546.4628425617925,1744.596897964968,21.092799951576676,R,17.862404193253926,14.081887894937646,12.73125320126648,36.43436576142156,0
1,18,No,10,0.5,1,1,18,5,BicolorDamselfish,36.44041768960572,No,,,,,NRL_nr,,1.0,133.97786360103612,902.836662679689,-62.26532162995131,2287.911758382355,1215.03115416978,81.61245032842442,L,36.92910748693596,2.345078530620418,140.43906833474966,45.267776461542574,0
1,18,No,10,0.5,1,1,18,6,BicolorDamselfish,26.94876084228048,No,,,,,NRL_nr,,1.0,4.857103445241989,1035.171223063279,-169.99590222619972,2344.763515055658,1372.258083913316,196.38480120889864,R,36.8531496732769,22.698868621584857,98.6775628514058,50.447908007354066,0
1,18,No,10,0.5,1,1,18,7,BicolorDamselfish,39.28502466072933,No,,,,,NRL_nr,,1.0,19.130192665853112,1081.5792683631917,-168.79328511625528,2276.5947965777814,1394.034228954034,337.6760139229723,L,38.89746933058582,24.821027183190218,89.37749326034516,51.525752160465224,0
1,19,No,12,2.0,1,1,19,1,BicolorDamselfish,26.26478454766614,No,,,,,NRL_nr,,1.0,161.11725978439677,861.7605964142556,-97.16421207048629,2339.0010671759273,1219.455302400635,54.04181212216576,L,32.96895053724226,17.641318959115882,40.56509040992064,40.48768585764171,0
1,19,No,12,2.0,1,1,19,2,BicolorDamselfish,29.519726878610008,No,,,,,NRL_nr,,1.0,138.9059397801471,733.5843945554612,13.480565504229451,2393.987624794343,1059.6214547134443,50.5852492423429,R,27.158755634647218,12.080763904731908,105.46916556292366,38.15564879767868,0
1,19,No,12,2.0,1,1,19,3,BrownChromis,50.59197059911148,No,,,,,NRL_nr,,1.0,137.41111880936262,1391.3742612813046,-364.30776268100743,2326.809948870864,1793.390857636879,27.17400892363385,L,23.968650300831612,9.149716213183058,146.49915731690928,53.53185742170044,0
1,19,No,12,2.0,1,1,19,4,BrownChromis,24.247613161264145,No,,,,,NRL_nr,,1.0,277.4938671975074,1004.9331372779562,-317.21981330429276,2406.6102774523006,1621.3689158394034,34.213989294858806,L,24.966967917918016,20.212321470589984,64.08597745944505,38.01605044014042,0
1,19,No,12,2.0,1,1,19,11,BicolorDamselfish,54.78995906292748,No,,,,,NRL_nr,,1.0,365.1148956564372,894.6365589588174,-233.10748950438585,2417.6361847557773,1499.7164115417702,34.58458392981824,L,23.121838071897788,14.04100341332583,111.9661389052098,31.036411293324154,0
1,20,Yes,12,6.0,1,1,20,6,BrownChromis,31.33394209905922,Yes,2403.0,2403.0,0.0,1.0,FR,778.6458969195186,1.0,210.05525004526325,790.5051213106345,-105.73395379367442,2422.7964510946726,1196.496841795644,37.532284062636904,L,22.104988214730906,0.0,100.375265032941,35.10372047242803,1
1,23,Yes,7,6.0,1,1,21,1,BrownChromis,29.436490892498387,Yes,2402.0,2389.0,0.0,1.0,FR,938.2533322547902,1.0,203.66956569817216,703.6286645098271,-7.268730662630883,2444.691774849321,1084.888053901329,29.831049735971675,L,16.10796372021621,0.0,114.32783120487368,33.32457612161106,1
1,23,Yes,7,6.0,1,1,21,2,BicolorDamselfish,38.865206070799566,Yes,2406.0,2393.0,4.0,1.0,FR,1295.03074820371,1.0,377.6158497747417,768.2085798537553,-90.85043745364126,2436.610475130694,1215.721260505929,29.185986767633437,L,17.922305701746417,0.0,168.1255911773928,26.755076944288852,1
1,26,Yes,8,6.0,1,1,24,8,BrownChromis,31.001962365828877,Yes,2407.0,2395.0,0.0,1.0,FR,1148.5309439286573,1.0,367.87914521693045,844.404882454246,-189.4665008008363,2427.0755422419393,1424.5407472982477,43.43326877452435,R,34.417775557890764,30.606174261190716,40.783109461601704,29.30118031058012,1
1,28,No,10,1.0,1,1,26,1,BicolorDamselfish,27.618093734444244,No,,,,,NRL_nr,,1.0,159.98203563490452,702.560179473013,59.5537526269142,2406.8924996939413,958.8614921205414,38.53512376062038,R,28.506416802133295,21.094766836276257,97.53461294886984,37.05406519543392,0
1,28,No,10,1.0,1,1,26,2,BrownChromis,52.21811306921087,No,,,,,NRL_nr,,1.0,660.483533586084,742.6808449826017,131.72855906639273,2329.9353887189836,373.5864306439969,22.156201746599756,R,21.279520598773708,8.45725739124747,58.76349449289449,30.600689355777273,0
1,28,No,10,1.0,1,1,26,5,BrownChromis,35.70214645213219,No,,,,,NRL_nr,,1.0,423.09448667914705,702.0620965479742,20.201826385184372,2424.815373268532,1018.6915734031392,25.36839230467759,R,22.967794768709467,12.197119251762771,19.78897411688851,23.966841973978557,0
1,28,No,10,1.0,1,1,26,6,BrownChromis,39.19487200791456,No,,,,,NRL_nr,,1.0,230.3510996163688,742.6808449826017,131.72855906639273,2329.9353887189836,737.4006830354127,29.44620439857363,R,23.714155738709795,10.662265502402668,83.33167695023918,48.54699687490818,0
1,28,No,10,1.0,1,1,26,8,BicolorDamselfish,25.129013185364595,No,,,,,NRL_nr,,2.0,347.6609113938222,885.8878233771962,-1046.184099265297,2515.478924282875,1807.339595927819,6.758881027500719,R,14.890911128997676,9.506458677199651,10.691846874424597,27.171950106524417,0
1,29,Yes,7,8.0,1,1,27,1,BrownChromis,21.25214636302856,Yes,2410.0,2392.0,0.0,1.0,FR,1125.0305054574258,1.0,385.04761420911,946.921603205584,36.930346232599945,2240.263781763947,1018.7710060877296,19.137580705197536,L,9.398023374148572,0.0,102.43070114941855,54.16489568672017,1
1,30,No,10,2.0,1,1,28,2,BicolorDamselfish,45.86052650814673,No,,,,,NRL_nr,,1.0,550.2462964259797,843.0307907704795,-187.68810069602196,2427.2474911625636,1488.0879796193635,20.00636393240375,R,25.062429200893963,18.559036669008687,127.07170002912667,24.259051771906424,0
1,30,No,10,2.0,1,1,28,4,BicolorDamselfish,17.794325526110512,No,,,,,NRL_nr,,1.0,129.59925608407124,846.9015389049808,-161.18457493787193,2402.555133826287,1274.8398875214257,26.442088821425347,L,36.47324585091019,19.39339891437659,59.09857088258861,39.759897869959296,0
1,30,No,10,2.0,1,1,28,6,BicolorDamselfish,55.9233205504689,No,,,,,NRL_nr,,1.0,381.6645028232352,742.6808449826017,131.72855906639273,2329.9353887189836,592.4865515786325,17.29442522339199,L,25.167567962250025,0.0,115.14633345634536,42.42447924179798,0
1,30,No,10,2.0,1,1,28,7,BicolorDamselfish,36.363963931151225,No,,,,,NRL_nr,,1.0,263.8617463209192,681.6449472063083,21.92843357218986,2447.010873359282,928.25608990816,24.02289917744688,L,31.058651974572044,8.586369228179839,163.09205600979092,30.08043730372445,0
1,30,No,10,2.0,1,1,28,9,BicolorDamselfish,32.25293700242689,No,,,,,NRL_nr,,1.0,72.56767592462992,1120.1878157446722,-365.1021111240085,2451.208477811727,1627.1281967737912,20.11165252207496,R,24.256727470624412,16.028386900795674,75.27358801527261,46.83909862804343,0
1,30,No,10,2.0,1,1,28,10,BicolorDamselfish,34.280551418794495,No,,,,,NRL_nr,,2.0,337.86156024036114,943.611516469784,-988.6659611197456,2523.263078087157,1778.3367296201511,23.811683536256545,R,28.127129052639113,20.125851887348738,70.38642822514824,30.936500352693862,0
1,31,No,7,1.0,1,1,29,3,BicolorDamselfish,63.68168426100864,No,,,,,NRL_nr,,1.0,140.55076250907865,1117.860173843502,-94.10461619379387,2216.115289689211,1368.606929978989,171.42831122957185,R,35.86773970714437,30.888759239290177,96.08908940952408,52.080719098429014,0
1,31,No,7,1.0,1,1,29,4,BicolorDamselfish,41.17791759585355,No,,,,,NRL_nr,,1.0,174.8485044027328,1184.2126451822344,-70.30418621736922,2173.6468046576742,1400.6454671506742,168.3585351620155,R,63.82438419547954,23.48228503746572,89.15548389950068,54.27082225474615,0
1,31,No,7,1.0,1,1,29,5,BicolorDamselfish,40.744718310991054,No,,,,,NRL_nr,,1.0,226.9735247880437,1231.8424304177722,-362.7383780165546,2373.2854942349177,1705.1664649616046,27.727518877339097,R,27.824144309772215,27.824144309772215,92.39199292473836,47.32730201602372,0
1,33,Yes,10,6.0,1,1,31,5,BrownChromis,45.79386363287555,Yes,2403.0,2394.0,0.0,1.0,FR,1454.568296071741,1.0,510.44166803430545,742.6808449826017,131.72855906639273,2329.9353887189836,482.3445878841874,16.3288825176323,R,13.72078628315742,3.483639087749649,99.93040044291182,50.08335272561798,1
1,34,No,8,0.5,1,1,32,1,BicolorDamselfish,48.743108840337285,No,,,,,NRL_nr,,1.0,223.296254926495,864.0193070214424,94.92680962731636,2281.216470292266,958.165730341098,90.67003910392474,R,43.76209000622845,15.2708653645694,62.27037321439128,51.60965723549157,0
1,34,No,8,0.5,1,1,32,2,BicolorDamselfish,22.89556668759508,No,,,,,NRL_nr,,1.0,121.72894763860964,863.535590301612,-192.48169976829777,2412.734519354135,1311.0474550188471,71.81528801965754,R,42.989085735390546,8.515923421304917,39.14621716173025,40.04880476114146,0
1,34,No,8,0.5,1,1,32,3,BicolorDamselfish,33.83610299223037,No,,,,,NRL_nr,,1.0,309.2805808432447,915.4708910458304,-251.2082361751163,2413.7210713803192,1426.79814948332,55.79243671895693,L,23.297868502925382,23.297868502925382,77.57716526412158,34.0817892776121,0
1,34,No,8,0.5,1,1,32,5,BicolorDamselfish,39.37956081719982,No,,,,,NRL_nr,,1.0,184.5385799439015,998.3250095976756,-242.794860067152,2356.545521635708,1431.323893126351,71.15224136376496,R,38.40229498341231,34.94062515213631,23.143676359611423,43.28040976143512,0
1,34,No,8,0.5,1,1,32,7,BicolorDamselfish,55.158844204571366,No,,,,,NRL_nr,,1.0,159.06829835388402,1029.1609163304745,-28.281295562466056,2213.902083953743,1264.2023267000563,76.70626299193854,R,36.52885290277968,19.60797045527633,77.23712592887043,50.552959821275394,0
1,34,No,8,0.5,1,1,32,8,BrownChromis,50.737772693662095,No,,,,,NRL_nr,,1.0,354.98510011348,861.754458185592,97.3429408537992,2282.5293606928885,900.3803682118107,80.64086993050023,R,38.83772233692863,2.776033959221309,11.185044490631777,53.76691652449351,0
2,40,No,8,1.0,2,1,1,1,BrownChromis,54.810299063954126,No,,,,,NRL_nr,,1.0,253.40227210251072,851.0777661547796,120.97868414475975,2265.1702600358917,791.1616527689309,21.739835333616035,R,31.810913036270993,22.871628466991083,131.0898416486426,43.73151630579973,0
2,40,No,8,1.0,2,1,1,2,BrownChromis,70.68862392052425,No,,,,,NRL_nr,,1.0,273.47008311515305,1155.431418882681,-222.08421658811335,2337.2588967513257,1478.235083614706,34.49106819163021,L,45.794407183523944,0.0,143.77227309329862,40.29867863253394,0
2,40,No,8,1.0,2,1,1,3,BrownChromis,68.68578144829277,No,,,,,NRL_nr,,1.0,301.39513313573633,1332.525968703181,-274.0815324857784,2444.743766559768,1846.3523281539044,21.936128737556643,L,41.6315822616227,24.580739513777846,138.00995184270232,47.54608974588945,0
2,40,No,8,1.0,2,1,1,4,BrownChromis,90.2109976353164,No,,,,,NRL_nr,,1.0,319.2986431755046,1434.342513596992,-216.03243824587383,2354.9087316228547,1737.2456342884927,18.87726137106726,R,37.14944860488575,4.128785279471996,119.41810776907622,54.76424936616694,0
2,40,No,8,1.0,2,1,1,7,BicolorDamselfish,81.74138657046223,No,,,,,NRL_nr,,1.0,8.996635602063616,937.2254527908018,-215.72981938110027,2423.9291993830784,1284.274340838661,98.70213287252956,R,66.61877554559722,57.6290755607082,94.30962263539688,43.65448333318098,0
2,40,No,8,1.0,2,1,1,8,BrownChromis,123.7149080067886,No,,,,,NRL_nr,,1.0,24.782890970492726,1025.1947507312568,-146.5823499538029,2400.6240729484575,1287.164340647759,128.46427710830326,R,69.17603312626798,12.136504171979787,106.24685110484472,47.66552626270007,0
2,41,Yes,8,2.0,2,1,2,1,BrownChromis,61.07592478153094,Yes,2379.0,2382.0,0.0,1.0,FR,1136.8199190042296,1.0,704.3376166423018,851.0777661547796,120.97868414475975,2265.1702600358917,855.5842487182073,13.066384806905411,R,17.259787397951854,0.0,36.27045443661077,27.498628787517863,1
2,42,Yes,7,4.0,2,1,3,1,BicolorDamselfish,68.3249276950798,Yes,2390.0,2392.0,0.0,1.0,FR,680.2137648214424,1.0,335.0170431619141,806.3073383947853,79.48025026324913,2320.1719727181185,876.792308274514,35.76207389838906,R,33.410732056297114,5.765648066851457,42.8257821516291,31.96786486570861,1
2,42,Yes,7,4.0,2,1,3,6,BrownChromis,53.56756540642381,Yes,2392.0,2394.0,2.0,1.0,FR,942.1173455165796,1.0,821.6514746773374,939.0917943192356,29.039532663981404,2248.191919429204,1023.735358729592,24.52375422272987,R,32.23231908851808,13.281865883564702,52.52551515094187,28.32131335095994,1
2,43,Yes,8,6.0,2,1,4,3,BrownChromis,43.90773279369476,Yes,2377.0,2380.0,0.0,1.0,FR,2615.834366950716,1.0,606.026113386284,757.5187011988407,115.91378316798492,2337.0097384160176,707.8188510190872,32.050039072691355,L,25.568159760349896,7.971029177523552,59.18287592793907,10.51768247922078,1
2,44,No,8,1.0,2,1,5,2,BicolorDamselfish,38.58699628025104,No,,,,,NRL_nr,,1.0,56.95094601640973,1225.3974186367057,-281.0768384717834,2459.1536852697377,1545.8383757055803,63.23819921841992,R,25.908163203696727,20.235189868823845,53.48645358222361,47.860242880844595,0
2,44,No,8,1.0,2,1,5,3,BrownChromis,56.46077400275041,No,,,,,NRL_nr,,1.0,414.98805689250344,1056.4169243822923,-96.80901480946036,2227.2815055053916,1138.955115160904,15.37183780073564,R,23.995936879963807,17.52718777374902,37.511670710720544,35.09258683662576,0
2,44,No,8,1.0,2,1,5,5,BrownChromis,63.53552582525073,No,,,,,NRL_nr,,1.0,207.15297743480312,828.3052413874005,-216.15732699845316,2487.658950677481,1220.903724745159,18.690692818626474,R,25.107637680065675,10.105819931908862,16.2147124234807,32.908061151637554,0
2,44,No,8,1.0,2,1,5,6,BrownChromis,55.74491087944046,No,,,,,NRL_nr,,1.0,412.8880063346323,655.1278218500146,292.4581396832722,2533.57510628387,643.9586933630607,87.86778519857269,R,44.62005095352542,33.129495633135924,20.964479780563575,51.52383100465115,0
2,44,No,8,1.0,2,1,5,7,BrownChromis,72.176427215232,No,,,,,NRL_nr,,1.0,419.6877171085449,637.2274834268642,91.78794923872044,2560.838538528288,813.1304520358631,36.89041557993881,R,22.80656556459705,8.200166801716527,13.81929566704374,33.809244333920404,0
2,45,No,9,1.0,2,1,6,3,BrownChromis,69.96280977429593,No,,,,,NRL_nr,,1.0,1094.1387613657143,999.5747729745392,-34.1407790723281,2236.5244542087967,1182.6217755432076,6.961527254216879,R,17.76265571557245,11.486177509436503,99.11311278042012,43.96566678358217,0
2,45,No,9,1.0,2,1,6,4,BrownChromis,64.23710567132932,No,,,,,NRL_nr,,1.0,901.9208619841525,810.116272689209,13.870586396799638,2358.214414847702,1062.2906029343997,8.1926595492033,R,14.419937011280094,9.622454700514078,76.59462586068145,15.692672277799508,0
2,45,No,9,1.0,2,1,6,5,BrownChromis,89.5059853786041,No,,,,,NRL_nr,,1.0,135.0539729281004,1136.4040809296207,-289.68202920285637,2564.9195429076053,1629.759095082186,8.186564308422536,L,15.039141644470728,15.039141644470728,85.53939267505366,45.90047988946534,0
2,45,No,9,1.0,2,1,6,8,BicolorDamselfish,49.874479698906605,No,,,,,NRL_nr,,1.0,206.1582806326158,904.4825109262569,-205.1171003105253,2426.767519259886,1260.1381466560626,13.508728799905915,R,16.809324618160417,11.82578578936958,22.132273384983048,34.9501581892055,0
2,48,Yes,9,4.0,2,1,9,2,BrownChromis,84.16856232346358,Yes,2383.0,2388.0,0.0,1.0,FR,1603.4418049120163,1.0,679.115570013532,971.5524546885138,-4.868761651110617,2241.9300977678,1013.5019573016538,12.829764951975775,R,18.954552733774143,12.378956326329035,62.848502153255744,32.88027497210706,1
2,48,Yes,9,4.0,2,1,9,4,BrownChromis,65.25032961127842,Yes,2386.0,2391.0,3.0,1.0,FR,3644.89427052715,1.0,1131.6354818534433,953.8657865245896,-29.610404038063564,2268.557051838422,1260.9984247594969,9.169612647673254,L,18.985465535453713,12.338722796688248,95.15555485144694,25.324796175785668,1
2,50,No,6,6.0,2,1,11,1,BrownChromis,76.73679712496407,No,,,,,NRL_nr,,1.0,1220.0922315807472,779.2978888205472,2.409365795081129,2390.4680425535876,1213.8972852434622,5.037342239170408,R,10.111173051285096,6.728529408951573,34.876113843647,19.68085317481988,0
2,50,No,6,6.0,2,1,11,2,BrownChromis,60.278258934342,No,,,,,NRL_nr,,1.0,978.5976070089566,688.191866872724,143.88983983372674,2432.7832900208377,834.9088839656673,6.009094711581105,L,13.32250628623176,13.32250628623176,9.746816815500985,21.600527842955895,0
2,50,No,6,6.0,2,1,11,5,BicolorDamselfish,34.663963809688035,No,,,,,NRL_nr,,1.0,183.9869724964838,991.5635353161526,94.66934236604092,2217.0508457342994,972.8854527157928,5.0647838236041105,L,15.44591551755719,10.157130087947872,77.98818362850673,51.589450080251744,0
2,52,No,8,6.0,2,1,13,1,BrownChromis,62.430148329045785,No,,,,,NRL_nr,,1.0,844.9805034475607,810.5488544629844,269.05591938687303,2285.9438601302427,553.8766662628772,15.245214703822503,R,27.584639649739028,1.484865211121906,13.720900214500752,47.12147318705111,0
2,52,No,8,6.0,2,1,13,4,BicolorDamselfish,65.83622697247021,No,,,,,NRL_nr,,1.0,624.7370336106405,851.0777661547796,120.97868414475975,2265.1702600358917,840.5679874032302,18.755741382538208,L,33.70987118254766,15.45751722185416,166.8929464891249,26.823213461617932,0
2,52,No,8,6.0,2,1,13,5,BicolorDamselfish,51.33388661166523,No,,,,,NRL_nr,,1.0,705.4840766153006,662.0427213709185,-58.97048120532425,2652.720223726448,1254.9559275966046,4.922357388484558,R,17.439500769964162,0.0,15.18602441140212,25.38940528823581,0
2,52,No,8,6.0,2,1,13,6,BicolorDamselfish,34.94996453525921,No,,,,,NRL_nr,,1.0,220.253143947483,1115.4926569137872,-3.9160245543942582,2203.2302965384843,1136.2658726883196,14.93960436236863,L,31.053017549720582,22.511764420701443,163.15973267286216,52.68564259190506,0
2,52,No,8,6.0,2,1,13,7,BrownChromis,69.92215380641896,No,,,,,NRL_nr,,1.0,1112.0804468491356,940.8205118700292,27.233720248795365,2247.8584412780247,1131.2533391034356,26.01374174300973,R,33.91241188028598,16.06370726061935,44.065886661750554,40.33958353399968,0
2,52,No,8,6.0,2,1,13,8,BrownChromis,64.68349051175004,No,,,,,NRL_nr,,1.0,1066.1263172928611,1066.3029326155192,-103.84478541325343,2223.6522627403515,1314.0752691749517,24.167415189942,R,36.34166744129827,36.34166744129827,69.00618492201112,39.45082297153752,0
2,53,No,6,0.5,2,1,14,1,BrownChromis,67.44021679118194,No,,,,,NRL_nr,,1.0,963.7720433343236,757.5187011988407,115.91378316798492,2337.0097384160176,909.1241598192372,7.490287456835972,L,16.840717216098444,16.840717216098444,76.69870118905702,21.298395977845264,0
2,53,No,6,0.5,2,1,14,2,BrownChromis,54.13024474005736,No,,,,,NRL_nr,,1.0,355.1332812454383,802.0046771978424,-115.92933581039122,2446.2031976082726,1068.2592344866712,9.137120366325211,L,16.80859672997419,11.351788363278173,111.4271032491117,26.390207741112555,0
2,53,No,6,0.5,2,1,14,3,BicolorDamselfish,79.64332140527787,No,,,,,NRL_nr,,1.0,578.595345181358,758.9649844454921,283.9069536850651,2317.7290087487195,477.167806403767,9.624837318310997,R,20.86085038503457,8.958069086784489,125.38119300768814,27.539943833000848,0
2,54,Yes,7,6.0,2,1,15,1,BicolorDamselfish,34.222075935801335,Yes,2387.0,2390.0,0.0,1.0,FR,1934.1021463232496,1.0,488.96564355371254,1270.989157357177,-262.3101854469483,2405.1538812579615,1783.3021629497098,8.19486003222972,R,10.394258116331711,10.394258116331711,51.813822315880714,39.02428984820907,1
2,55,No,6,1.0,2,1,16,2,BicolorDamselfish,38.58598742790469,No,,,,,NRL_nr,,1.0,174.31561380243826,1022.8213409882242,-9.487281122112227,2223.499813554729,1066.9766768939808,15.477433497664958,R,24.664668267913548,21.111732063103393,35.632702356737155,48.45420248319193,0
2,55,No,6,1.0,2,1,16,4,BicolorDamselfish,64.79509527096235,No,,,,,NRL_nr,,1.0,701.1906127870511,759.0561598589193,294.4974426576189,2316.513528653333,262.10777818558785,7.768502571554984,R,18.0899564817484,18.0899564817484,171.40865149966544,7.534077355824008,0
2,55,No,6,1.0,2,1,16,6,BrownChromis,61.63175617272206,No,,,,,NRL_nr,,1.0,98.8415362520326,928.2261182427576,-238.3694707459973,2462.7817661459007,1350.4964637038966,9.171008700727352,L,18.22622952907498,18.22622952907498,131.89098273007696,39.76899702829164,0
2,57,No,5,0.5,2,1,17,1,BicolorDamselfish,23.98313798928812,No,,,,,NRL_nr,,1.0,59.35972221348879,1168.1491266982202,-260.8118453026247,2424.732611211753,1483.037127596467,4.705425495746866,L,8.556476535191056,3.801769928558222,58.49814722396193,46.7438016608022,0
2,57,No,5,0.5,2,1,17,2,BicolorDamselfish,93.98170939214272,No,,,,,NRL_nr,,1.0,320.88622544113406,962.087789207174,135.1135467382141,2221.0520932633117,886.0013365857326,8.92002245135964,L,12.579791569701158,3.361735861306233,83.63525794260909,49.83782156780449,0
2,57,No,5,0.5,2,1,17,3,BrownChromis,57.39968730835782,No,,,,,NRL_nr,,1.0,978.9004568747353,858.7089090962638,-201.8096533875301,2453.932692361536,1430.4223284459977,7.185134083988745,L,16.892989760645612,15.62500715210531,117.77175473096862,12.889428264203591,0
2,57,No,5,0.5,2,1,17,4,BrownChromis,62.04364907090468,No,,,,,NRL_nr,,1.0,851.4231727547539,1028.6553748853726,-64.51827593267582,2230.914662513238,1149.6145052722704,9.80246165985509,L,17.151286021573064,12.20910143235025,65.2585119036117,30.75774816205352,0
2,57,No,5,0.5,2,1,17,5,BicolorDamselfish,58.64875318541057,No,,,,,NRL_nr,,1.0,553.2875593739462,759.0561598589193,294.4974426576189,2316.513528653333,432.19308015562945,7.365798881551067,L,15.944814680142896,9.01266085591616,62.13028133136562,21.9034916954284,0
2,58,Yes,8,2.0,2,1,18,2,BrownChromis,36.054367133247275,Yes,2374.0,2380.0,0.0,1.0,FR,1220.3188126573534,1.0,758.3852025622051,743.5180475325191,96.4002885248152,2369.160699443042,826.4974514763952,8.208846613731524,L,18.91711318645878,9.349418603177854,110.21216750133048,0.8962646847322049,1
2,59,No,5,2.0,2,1,19,1,BicolorDamselfish,22.187930653677487,No,,,,,NRL_nr,,1.0,136.68917977040476,1176.2148290981522,-292.29595688229745,2548.6623198382204,1655.9241129247296,4.414171390255856,R,11.843594947548535,8.208421164223237,95.02750146155334,47.336244865569974,0
2,59,No,5,2.0,2,1,19,2,BrownChromis,76.61466515950414,No,,,,,NRL_nr,,1.0,867.9781307059231,1005.6265934597676,-132.47831471138517,2290.959467503552,1347.0098169128291,1.960313549922751,R,7.377276673608774,7.377276673608774,147.93384180144753,22.472149696915302,0
2,60,Yes,9,6.0,2,1,20,1,BicolorDamselfish,47.67394172770478,Yes,2386.0,2387.0,0.0,1.0,FR,2052.5462742350915,1.0,342.6991801141488,1186.7837785742004,-253.32469424236757,2403.088908106092,1619.4207676227911,5.2942457147885955,L,12.180663341642166,12.180663341642166,131.99575326758892,39.30290592180448,1
2,60,Yes,9,6.0,2,1,20,5,BrownChromis,50.812353883660045,Yes,2386.0,2387.0,0.0,1.0,FR,1982.343679481359,1.0,1380.7113679103504,700.0137163314156,35.765867155655855,2469.0636104276937,1233.6317971481817,3.374180073546714,R,10.526886387165549,10.526886387165549,149.8528924500162,32.0790491424698,1
2,61,Yes,7,6.0,2,1,21,1,BrownChromis,37.750400529263906,Yes,2385.0,2391.0,0.0,1.0,FR,2106.733097721737,1.0,984.6726628520836,1084.8124426046202,-113.65490496257118,2228.0076800680326,1613.731476936395,5.239002528121165,L,10.873862714772072,8.014278302599957,113.77215521918626,39.77910841474185,1
2,62,Yes,7,4.0,2,1,22,1,BicolorDamselfish,45.46891023627687,Yes,2386.0,2392.0,0.0,1.0,FR,1477.793523705887,1.0,339.21892363082196,1016.4418434374944,-78.20092515606393,2248.127995608601,1107.2736465651194,14.32014151739626,R,18.91316027478334,18.156788160385116,36.003871067022914,36.327136767860566,1
2,62,Yes,7,4.0,2,1,22,5,BrownChromis,60.27088710471067,Yes,2387.0,2393.0,1.0,1.0,FR,1733.1394961582723,1.0,517.294604380638,862.1962148892807,141.9756560739138,2258.265027353449,752.5391627783453,12.74797256642576,L,11.60785784335062,0.0,123.37286966592644,42.70232491145243,1
2,63,No,5,6.0,2,1,23,1,BrownChromis,48.51956779185904,No,,,,,NRL_nr,,1.0,856.4432549048427,1066.3029326155192,-103.84478541325343,2223.6522627403515,1464.0347833699,4.16741376392164,R,11.597058872169232,3.678787192221414,24.309999717781576,39.309820944942516,0
2,63,No,5,6.0,2,1,23,3,BrownChromis,65.27942971307938,No,,,,,NRL_nr,,1.0,657.4565359227665,1144.7195228603823,-250.95274921203793,2406.9942861211666,1788.177412871339,9.247846778417328,R,13.78336609534566,13.78336609534566,68.87281791149076,31.42832515851155,0
2,63,No,5,6.0,2,1,23,4,BicolorDamselfish,44.96216164311705,No,,,,,NRL_nr,,1.0,459.9244271459541,954.4117144211118,-267.39424654989375,2575.8277698382167,1655.447088724397,7.841833088273968,R,14.244313530828048,9.804540345595845,77.11801889323732,30.716032878260815,0
2,63,No,5,6.0,2,1,23,5,BrownChromis,89.08467686268794,No,,,,,NRL_nr,,1.0,467.2891495300613,678.6858976055044,353.873340781258,2476.8151584166567,505.6559595667745,2.0667349267557453,L,9.748300878649458,0.0,83.20122554201953,49.62370198970246,0
2,65,No,6,0.5,2,1,25,1,BrownChromis,68.83730564430762,No,,,,,NRL_nr,,1.0,1130.8659063901257,781.9953629486889,-11.648790762973904,2397.089152341985,1195.1870173141936,5.619811050951511,R,14.92211939376498,14.92211939376498,100.10390780907817,18.19513273775674,0
2,65,No,6,0.5,2,1,25,2,BrownChromis,64.6472501806217,No,,,,,NRL_nr,,1.0,867.5829708164398,851.0777661547796,120.97868414475975,2265.1702600358917,870.661436283339,6.925475398519621,R,17.000346810011806,10.040521854852868,106.4384755303336,35.92560978199821,0
2,66,No,8,0.5,2,1,26,2,BicolorDamselfish,44.30041202382642,No,,,,,NRL_nr,,1.0,143.43040083798863,737.2260003057379,94.52553428452984,2380.099889743577,863.8963979962457,25.387211963239743,R,31.86658640976617,18.03817095865004,128.07762784755496,41.88093652931078,0
2,66,No,8,0.5,2,1,26,4,BrownChromis,54.43560681685081,No,,,,,NRL_nr,,1.0,666.5801112618074,1066.3029326155192,-103.84478541325343,2223.6522627403515,1298.2886955097747,6.184797332644779,R,11.714436298217796,11.714436298217796,80.81277834423729,34.38143283148904,0
2,66,No,8,0.5,2,1,26,6,BrownChromis,74.56258285651546,No,,,,,NRL_nr,,1.0,403.7150707738712,653.7481057824273,110.19690415013382,2518.4940057031135,754.0135187700414,42.31199757096744,R,29.655152565705308,26.733639508762053,127.55776362059758,35.95425983440592,0
2,66,No,8,0.5,2,1,26,7,BicolorDamselfish,72.14368545745421,No,,,,,NRL_nr,,1.0,322.2098934283478,667.1380761187759,252.0779317539401,2497.2527512598376,672.4249281921368,43.804361960650425,R,30.215473965022703,3.132865287196675,65.9810669043552,48.11434206650653,0
2,69,No,6,0.5,2,1,29,1,BicolorDamselfish,52.82635762009783,No,,,,,NRL_nr,,1.0,413.69680595130154,1217.2090403213474,-210.20783456557177,2295.698241695171,1605.8632230379023,3.8633564356967383,R,10.717610407931591,10.717610407931591,23.443045370420027,38.90630230760414,0
2,69,No,6,0.5,2,1,29,2,BrownChromis,69.51715153160099,No,,,,,NRL_nr,,1.0,996.5400042515996,1066.3029326155192,-103.84478541325343,2223.6522627403515,1256.1087562607188,8.343933700244188,R,12.199439481616848,3.969107533453097,89.40774340379424,47.34181040849929,0
2,69,No,6,0.5,2,1,29,3,BrownChromis,60.03437431267228,No,,,,,NRL_nr,,1.0,855.7573037659339,757.5187011988407,115.91378316798492,2337.0097384160176,660.0632054332569,6.966033535576022,L,10.693464982930369,4.041231275084185,68.73229921651716,21.069464422951036,0
2,69,No,6,0.5,2,1,29,4,BrownChromis,50.98829982771416,No,,,,,NRL_nr,,1.0,930.2664641840556,981.8346638570544,-43.729585398888545,2254.6613258561183,1151.7054888125206,10.312148479447304,L,12.062871964304351,12.062871964304351,76.10481576310913,26.787607283930992,0
2,71,No,5,8.0,2,1,31,1,BicolorDamselfish,25.936853149508256,No,,,,,NRL_nr,,1.0,66.88754497610046,1274.0173905548852,-296.23088299262275,2490.437792186961,1623.7461580645297,18.991901235348337,L,14.258735465933556,11.928792540313363,93.86832146245207,48.679893062031205,0
2,71,No,5,8.0,2,1,31,2,BicolorDamselfish,69.27845277832647,No,,,,,NRL_nr,,1.0,727.8241937339899,757.5187011988407,115.91378316798492,2337.0097384160176,660.0187653649425,4.479357624728774,L,9.673107078823424,1.0520861797656806,67.7997113125537,3.0609258535517547,0
2,71,No,5,8.0,2,1,31,3,BicolorDamselfish,48.40922845560833,No,,,,,NRL_nr,,1.0,141.56182767987812,1436.6586111756633,-221.2708217472372,2358.7450569190155,1722.1493486427696,14.676106105091357,L,9.170272040142333,0.0,75.33531357927369,52.96916869960101,0
2,71,No,5,8.0,2,1,31,4,BrownChromis,61.62184748676538,No,,,,,NRL_nr,,1.0,897.1058758642928,821.8233212598577,-219.21618408282217,2494.849231623128,1454.7053347113656,3.749090106570803,L,9.436840896330986,9.436840896330986,65.23010043386977,11.267628763266943,0
2,71,No,5,8.0,2,1,31,5,BrownChromis,88.68573568344884,No,,,,,NRL_nr,,1.0,1467.4062622093586,687.7349847246604,148.06853565174902,2431.381154866111,1081.2617783928345,3.1374620683083276,L,4.9539986422205216,0.0,106.8984082014317,45.677896337852786,0
2,73,No,8,2.0,2,1,33,1,BrownChromis,60.054780470861886,No,,,,,NRL_nr,,1.0,1062.0236902079794,762.642787501295,89.20909424979625,2349.587111307132,1041.357226154821,9.38686143029618,R,20.936003080249343,10.934678314858214,93.25072309662193,17.028442204991993,0
2,73,No,8,2.0,2,1,33,2,BrownChromis,53.815152495754674,No,,,,,NRL_nr,,1.0,1069.5573943499287,1066.3029326155192,-103.84478541325343,2223.6522627403515,1283.108099152955,18.37195195540879,L,31.53422067491599,17.858758747979238,73.45614066034862,39.26104681209726,0
2,73,No,8,2.0,2,1,33,4,BicolorDamselfish,68.47104485586321,No,,,,,NRL_nr,,1.0,437.88749844355056,729.1694237706956,157.89414930959572,2372.3771953173173,615.7104544575185,8.292801885482993,R,22.20919630114496,3.925348625867541,28.090369825491123,26.20775898801064,0
2,73,No,8,2.0,2,1,33,5,BrownChromis,67.33949416095255,No,,,,,NRL_nr,,1.0,812.3808196874974,1035.1220170167403,-119.12608913954762,2258.778021043109,1390.2631871513047,14.17626566387314,R,23.26355048089387,19.384790733817965,79.43751709125549,25.14252365281204,0
2,73,No,8,2.0,2,1,33,6,BrownChromis,75.35095888845333,No,,,,,NRL_nr,,1.0,965.8189182821998,1011.9776903218548,55.29254598922843,2216.2632633443172,1106.9559796126732,16.28659835389196,L,29.38494622988377,7.194447758824047,39.048827240943275,53.06378220750113,0
2,73,No,8,2.0,2,1,33,8,BicolorDamselfish,41.845707747318,No,,,,,NRL_nr,,1.0,527.2651082154665,1043.02662076274,-257.5241771515234,2445.137313696066,1664.1852233149625,7.642223080618841,R,16.778460753088844,16.778460753088844,39.83467722237326,31.15089457669856,0
3,76,No,8,1.0,1,2,1,6,BicolorDamselfish,22.205600616524855,No,,,,,NRL_nr,,1.0,92.22542939274848,1007.1807433182324,-259.5172305841105,2419.8482804395153,1542.6207450747645,17.63308520042027,L,23.21112709293164,2.6170005309933986,120.42320533548022,40.79699159216622,0
3,77,No,19,6.0,1,2,2,2,BicolorDamselfish,46.60263058093289,No,,,,,NRL_nr,,1.0,302.91636148482513,403.8163295225067,23.010084417341034,2374.9255571828767,798.4874958786925,50.90243852719205,L,48.48712190206427,21.19819227533223,156.15548470637626,43.25505484894726,0
3,77,No,19,6.0,1,2,2,4,BicolorDamselfish,37.72294394830467,No,,,,,NRL_nr,,1.0,433.700796750701,670.8502332166871,-222.99686443303105,2389.484752008964,1496.085704420068,56.93415931282767,L,40.99327384984681,40.99327384984681,42.66517568208309,27.75055288434123,0
3,77,No,19,6.0,1,2,2,5,BicolorDamselfish,48.65010548987673,No,,,,,NRL_nr,,1.0,160.15346781099072,566.5986800688847,-152.26304570784512,2385.256368925366,1182.673488010109,113.25546911007952,L,65.7323923008881,51.49142629787288,63.03521138672459,34.2415845174067,0
3,77,No,19,6.0,1,2,2,6,BrownChromis,57.974946040066435,No,,,,,NRL_nr,,1.0,525.0443883311077,403.8163295225067,23.010084417341034,2374.9255571828767,739.0091587323866,41.44089927163229,R,40.877831310052386,36.31221963995556,171.49144157183284,34.04875663775029,0
3,77,No,19,6.0,1,2,2,9,BicolorDamselfish,29.215801058278405,No,,,,,NRL_nr,,1.0,5.23511361928376,915.3228385611534,-244.23700760457837,2407.2634703202925,1432.0498826575356,174.85828691823417,L,65.18862309017061,58.0009196433428,152.6339994915071,43.165424284310525,0
3,77,No,19,6.0,1,2,2,10,BicolorDamselfish,39.33239118521925,No,,,,,NRL_nr,,1.0,417.3631485907305,468.54955614093274,-55.623261432300495,2379.5475549259286,1132.5694652891527,53.72290287330144,L,39.12780126657316,13.436781728085984,111.53750695897214,34.47345272607985,0
3,77,No,19,6.0,1,2,2,11,BicolorDamselfish,31.395931459009105,No,,,,,NRL_nr,,1.0,164.3595496649976,1159.730241274876,-226.0994710344609,2278.6813093322808,1530.3287343885677,57.25057624455446,R,42.284847737010274,42.284847737010274,25.983198208060603,41.74748024149695,0
3,77,No,19,6.0,1,2,2,12,BicolorDamselfish,22.537022239181507,No,,,,,NRL_nr,,1.0,59.93479021291182,822.18597602013,-226.22079317436717,2357.126108560048,1350.9965698517972,350.3982378949604,L,99.98112710775476,56.62835848651025,91.90803260194558,38.863560922214,0
3,77,No,19,6.0,1,2,2,13,BicolorDamselfish,45.286727417569466,No,,,,,NRL_nr,,1.0,3.1027076981347133,627.7440727584584,-168.40978351710442,2375.079949739055,1186.58063789102,217.6579369880613,L,70.70103070121951,31.11377900149939,136.61526012603952,40.46942936891574,0
3,77,No,19,6.0,1,2,2,14,BicolorDamselfish,39.41396669173403,No,,,,,NRL_nr,,1.0,10.932500689693851,757.665648701058,-167.3531309755729,2335.9108218899883,1244.7166086093348,253.4337202504614,L,87.36094256772645,6.824563087656305,66.60606236332204,41.5597663258071,0
3,77,No,19,6.0,1,2,2,15,BrownChromis,24.041627604224004,No,,,,,NRL_nr,,1.0,146.13120224883124,849.4086027765989,-217.11786042203977,2343.0011180223564,1332.062527289302,882.9517290615488,L,85.53144821987117,60.46259241607893,164.25282748542196,36.373456608297005,0
3,77,No,19,6.0,1,2,2,16,BrownChromis,40.82988192590201,No,,,,,NRL_nr,,1.0,138.61283550014298,848.7172746308165,-175.02349359961266,2314.2675025119115,1275.9899689781178,323.8278649859504,L,69.63562112486525,58.66874134304312,164.0729846650054,38.18098647256267,0
3,78,No,15,2.0,1,2,3,1,BicolorDamselfish,45.84064833909119,No,,,,,NRL_nr,,2.0,175.29359278376526,1131.1436657013992,-699.4456197865213,2362.59975836586,1660.701676630662,69.3565062177262,L,95.38820410904565,80.2953540282293,169.06450807884175,32.81580204285113,0
3,78,No,15,2.0,1,2,3,5,BicolorDamselfish,29.55846122899031,No,,,,,NRL_nr,,1.0,321.2658535881398,767.9587451020404,-225.0655820848959,2368.72098758859,1440.0064567376724,79.55596137066067,R,94.83244256362056,21.38489045116659,152.55235950056033,28.504102381176608,0
3,78,No,15,2.0,1,2,3,6,BrownChromis,50.51411401415326,No,,,,,NRL_nr,,1.0,285.6550798886528,592.2451638305191,-169.66397335409297,2386.296575568021,1156.3966746005665,102.59393944164565,L,64.5361752502092,34.19154770303832,139.66820613363836,26.279849955893265,0
3,78,No,15,2.0,1,2,3,7,BrownChromis,40.92354381071525,No,,,,,NRL_nr,,1.0,612.0327139956152,432.17404659643734,-11.43686486458995,2376.950318053927,1016.8552553544964,43.507716931912576,R,61.64748823016233,43.36181509623742,131.21172588867796,23.113903452227497,0
3,78,No,15,2.0,1,2,3,8,BrownChromis,52.43176731924659,No,,,,,NRL_nr,,1.0,931.3023855330724,468.2858283024218,-55.30290350455421,2379.528724573449,1282.1549703488786,64.26635663820274,L,68.11093869307533,40.30715507052777,104.56686968360994,27.721861428799468,0
3,78,No,15,2.0,1,2,3,9,BrownChromis,81.50115881828211,No,,,,,NRL_nr,,1.0,1021.38909502857,403.8163295225067,23.010084417341034,2374.9255571828767,1296.4985160188603,67.30054751565152,L,55.115070073437394,11.666207335293963,89.14436045392223,34.22004335209588,0
3,78,No,15,2.0,1,2,3,10,BicolorDamselfish,47.7830119758036,No,,,,,NRL_nr,,1.0,721.4010906564422,614.3161535900758,-184.6389578181093,2387.191762228744,1524.3013341399485,33.57073586335049,R,59.8365395429229,50.66208101851775,140.27107970300406,23.725615109784815,0
3,78,No,15,2.0,1,2,3,11,BicolorDamselfish,68.44640648496156,No,,,,,NRL_nr,,1.0,151.30009703278395,547.9590502532457,-139.61621065671883,2384.5003562520083,1132.680741775029,119.2155178480989,R,68.97009761284787,26.24106383731811,85.52969714953842,33.53786455351545,0
3,78,No,15,2.0,1,2,3,12,BicolorDamselfish,46.35282259947662,No,,,,,NRL_nr,,1.0,189.8369203502053,403.8163295225067,23.010084417341034,2374.9255571828767,851.4445468657519,57.49333992854723,L,57.90090631690782,21.581387653408655,169.9110034956215,36.53925133681649,0
3,78,No,15,2.0,1,2,3,14,BicolorDamselfish,51.49492497659838,No,,,,,NRL_nr,,1.0,7.2867776232475405,631.4516674027254,-27.06076123203035,2308.487786702148,1072.2778693748903,54.12194392546789,L,58.286996489773735,1.821225878954556,77.25669299945558,44.81504867508845,0
3,78,No,15,2.0,1,2,3,15,BicolorDamselfish,44.32424692052885,No,,,,,NRL_nr,,1.0,319.7855323813592,481.3726439165624,-71.19984163067406,2380.4631323790236,1147.76701862687,58.0532885690448,R,68.91499648774605,30.817788630454466,111.85991024194134,37.791431501506146,0
3,79,No,10,0.5,1,2,4,1,BicolorDamselfish,22.754481298289157,No,,,,,NRL_nr,,1.0,2.5970286940511813,569.9106116973544,22.589484731523488,2385.2103334631715,1060.969439123788,21.828319052553653,L,22.39617468997148,7.612476371999741,44.06092715727859,48.32129758601269,0
3,79,No,10,0.5,1,2,4,2,BrownChromis,54.81530468815303,No,,,,,NRL_nr,,1.0,585.1721365975245,1128.0131745818444,-107.01153749097898,2217.1622640888813,1429.7156929399066,13.89457555467007,L,19.59883294007322,6.8025334635409305,67.68696164490834,36.637227978629184,0
3,79,No,10,0.5,1,2,4,3,BrownChromis,45.71507515874577,No,,,,,NRL_nr,,1.0,480.4568102064859,443.5966155654006,-25.312193859425037,2377.7658974827973,1050.4891493931218,116.49130247244092,R,47.68367185123813,9.49902386891296,43.63138894559135,29.19926111852213,0
3,79,No,10,0.5,1,2,4,4,BrownChromis,56.21301594686923,No,,,,,NRL_nr,,1.0,303.4361172954785,1250.8637978385525,-6.063306786679746,2188.1683060509463,1566.693796290779,15.801154450979524,R,21.8884290802509,21.8884290802509,53.71478497590214,52.85848999216793,0
3,79,No,10,0.5,1,2,4,6,BicolorDamselfish,50.22537819692586,No,,,,,NRL_nr,,1.0,436.5925876557681,470.05290189968946,-57.44941954545507,2379.6548948665895,1126.108976971542,122.41672786353028,L,47.66727269130955,25.40465223141111,12.39502568785466,33.06109849103166,0
3,79,No,10,0.5,1,2,4,7,BicolorDamselfish,42.22328960778869,No,,,,,NRL_nr,,1.0,520.5795701058821,524.7079949656875,-123.8405614676105,2383.5573068116387,1239.2785616900765,40.54795924826402,R,29.356024815387507,17.93576698333527,21.81869619803673,21.208014858850827,0
3,79,No,10,0.5,1,2,4,8,BicolorDamselfish,44.314322572163405,No,,,,,NRL_nr,,1.0,302.62850929718854,403.8163295225067,23.010084417341034,2374.9255571828767,935.6969355047704,69.36739822604792,L,21.654407742729894,0.0,93.99303845824426,39.74599660885894,0
3,79,No,10,0.5,1,2,4,9,BicolorDamselfish,39.0295982301126,No,,,,,NRL_nr,,1.0,358.25762991353446,829.7517480707438,-226.3819679868241,2355.5083934342856,1475.6128452937485,18.055788675072534,R,23.84157986402553,17.105660670638855,54.86751816481211,28.121212630999263,0
3,80,No,5,2.0,1,2,5,1,BicolorDamselfish,29.478095241742945,No,,,,,NRL_nr,,1.0,109.33654021768388,857.6821218807377,-245.3259329430496,2413.4661876066452,1446.4936467537502,17.422128003031442,R,10.821102439582424,7.029189619189086,89.28465129610778,38.21482600790991,0
3,80,No,5,2.0,1,2,5,4,BicolorDamselfish,46.72714811557527,No,,,,,NRL_nr,,1.0,321.2947669932735,670.8502332166871,-222.99686443303096,2389.484752008964,1426.259643077201,12.92775466816693,R,8.389417537349953,8.389417537349953,94.1892694037471,29.480427030182582,0
3,81,No,11,4.0,1,2,6,1,BicolorDamselfish,30.584480329949383,No,,,,,NRL_nr,,1.0,45.53904141312715,1014.3954573753158,-259.5293400563022,2417.8123243802756,1530.654785470885,71.71289246781569,R,53.63128651999118,13.594979386165988,47.10479557006769,42.50272481763889,0
3,81,No,11,4.0,1,2,6,7,BicolorDamselfish,43.79507526329194,No,,,,,NRL_nr,,1.0,224.58309355714712,1001.2093471827304,-262.47947814209107,2431.8891074556377,1608.3248821678535,69.4434749110299,R,39.8838778032662,17.81171255663666,109.8372403618373,36.50357412323543,0
3,81,No,11,4.0,1,2,6,8,BicolorDamselfish,31.60296874650688,No,,,,,NRL_nr,,1.0,322.5930156028941,421.42307830291,1.622651124418823,2376.1826913839136,1105.943257333799,11.661988738025585,L,23.466063107166526,4.24565823023995,160.78022120224128,42.32211283133127,0
3,81,No,11,4.0,1,2,6,9,BicolorDamselfish,25.688797256237223,No,,,,,NRL_nr,,1.0,131.76880972230074,854.0249007032367,-244.88884298580172,2412.9967526790115,1478.1679706455404,60.67982855304187,R,45.100017828239494,7.2071097899984835,58.908558758913,39.341619743122074,0
3,81,No,11,4.0,1,2,6,10,BicolorDamselfish,33.45786383110436,No,,,,,NRL_nr,,1.0,102.78122188517044,672.8969840150287,82.05729247092785,2253.369298003619,968.6475353486125,17.434183031156934,L,30.070136165101083,17.625485028021565,147.8253648638478,45.99657520532449,0
3,82,No,14,1.0,1,2,7,1,BrownChromis,44.523196140151434,No,,,,,NRL_nr,,1.0,311.2089088034736,1105.9211373306466,-221.62949311327347,2287.336325465455,1478.6446431577026,140.24595457551965,R,85.34660749278518,72.8332858440813,85.12017769441582,37.29529432997178,0
3,82,No,14,1.0,1,2,7,2,BrownChromis,69.70425205598926,No,,,,,NRL_nr,,1.0,226.49946043765976,1169.0057339003554,-204.74832227833951,2264.5339902663,1510.3924800494865,205.08583847445792,L,66.90909796976042,51.42868625121342,105.70376552003565,41.30611489085646,0
3,82,No,14,1.0,1,2,7,3,BrownChromis,38.673205601295976,No,,,,,NRL_nr,,1.0,259.19764468301486,1254.968011241696,-148.70313029437108,2227.6448873280397,1622.7575985449903,52.20897087111342,L,48.88612210077289,48.88612210077289,160.75020331344626,48.33484403776939,0
3,82,No,14,1.0,1,2,7,4,BicolorDamselfish,36.558256232511745,No,,,,,NRL_nr,,1.0,252.53210682043195,765.9187709813314,-234.358907112539,2401.6875939974,1474.0883364906638,176.81145792970244,R,69.35799418388966,49.391554658991645,65.35692548516123,32.971042622817066,0
3,82,No,14,1.0,1,2,7,5,BicolorDamselfish,44.64407683441576,No,,,,,NRL_nr,,2.0,278.9438751677204,1047.4612977885038,-750.639200960989,2433.8125253466133,1569.835242255209,123.68428570225728,R,69.6923069905522,61.01494451583669,103.03226093365475,31.49899718043392,0
3,82,No,14,1.0,1,2,7,9,BicolorDamselfish,54.91037505111357,No,,,,,NRL_nr,,1.0,96.75885777710404,403.8163295225067,23.010084417341034,2374.9255571828767,881.5657044231461,30.714216237255485,L,37.87566969521169,0.0,104.6275207907695,47.22327973269001,0
3,82,No,14,1.0,1,2,7,10,BicolorDamselfish,32.699516540726606,No,,,,,NRL_nr,,1.0,113.94005913981664,638.6123962969301,-201.1237580483108,2388.1772038701843,1199.6243768861268,290.2287095182921,L,90.07124659925604,20.156647712753983,158.6754759536767,34.529790434214775,0
3,82,No,14,1.0,1,2,7,11,BicolorDamselfish,30.511179175971236,No,,,,,NRL_nr,,1.0,91.42145588229371,670.8502332166871,-222.99686443303105,2389.484752008964,1301.0691509515366,404.778882822751,R,94.84830009115367,32.041118062556784,3.5555231831840115,38.53777045931427,0
3,82,No,14,1.0,1,2,7,12,BicolorDamselfish,41.95246061780789,No,,,,,NRL_nr,,1.0,91.54722788476738,737.8139807951417,-230.99998487493556,2398.0801091046665,1362.3021435537182,343.8633443145063,R,91.55584517106132,70.51704598273568,18.342811591359833,38.07168019588808,0
3,82,No,14,1.0,1,2,7,13,BicolorDamselfish,20.475996182814686,No,,,,,NRL_nr,,1.0,89.43177910265122,671.0215795355375,-223.0005146501696,2389.4481146995267,1275.215646860387,447.018557538449,R,115.49741129750572,56.49386660069822,42.8699628791241,35.64509350401004,0
3,82,No,14,1.0,1,2,7,14,BicolorDamselfish,50.04273806370163,No,,,,,NRL_nr,,1.0,141.61868235615498,854.8183689873814,-229.49289664075067,2359.126963295068,1414.5560876317152,175.83430376906983,R,81.7020203412219,54.05421713872843,113.86419129805364,36.393602353385695,0
3,84,No,12,1.0,1,2,9,1,BicolorDamselfish,29.231339423029095,No,,,,,NRL_nr,,1.0,121.07739963564023,561.9174999066321,-149.08690358795488,2385.0665029482016,1160.4207201692466,143.06778097544688,R,45.292788101191746,19.295253235728502,12.865282373962684,35.399217542477196,0
3,84,No,12,1.0,1,2,9,2,BicolorDamselfish,33.743229715683064,No,,,,,NRL_nr,,1.0,213.46517571410743,624.7224892226275,-191.6995706915,2387.6138372216083,1251.156753390546,117.79442059572806,R,32.456266550895286,15.207219405081895,74.90182832970063,31.691514796827526,0
3,84,No,12,1.0,1,2,9,3,BicolorDamselfish,43.86332288848255,No,,,,,NRL_nr,,2.0,240.34063408759724,1174.6708112063343,-640.1284465942808,2378.980732587117,1633.082664688186,59.3234928309502,L,33.80888773241654,27.50021143144707,62.32019687882515,37.69034974930707,0
3,84,No,12,1.0,1,2,9,5,BicolorDamselfish,42.71347058168683,No,,,,,NRL_nr,,1.0,117.3049544017934,1157.6377789561252,-281.17490104317636,2451.9680050627026,1705.8776019327556,67.0602630012139,R,32.750155791476026,32.23454388427532,10.026626729794728,42.37058958628289,0
3,84,No,12,1.0,1,2,9,6,BrownChromis,46.8281020939237,No,,,,,NRL_nr,,1.0,732.687263550968,617.7267664760944,-186.95303052338016,2387.330094727364,1261.244550039641,177.4812362609433,R,55.59146713089032,55.59146713089032,108.65910669341388,5.550869988739569,0
3,84,No,12,1.0,1,2,9,7,BrownChromis,60.770633587818686,No,,,,,NRL_nr,,1.0,673.8543456198761,578.1223338141447,-160.08174970272376,2385.7237616987727,1212.2295612656749,179.7118896373119,L,45.564893732665205,20.745743854140255,46.732248078334,7.626372582580896,0
3,84,No,12,1.0,1,2,9,8,BicolorDamselfish,41.5810888721039,No,,,,,NRL_nr,,1.0,149.39228053558415,1014.6555900929344,-258.7867807878154,2415.1502336582917,1566.815180760629,92.18506184319824,L,39.976094506912105,29.120209109690215,36.906836548131615,38.948320964138354,0
3,84,No,12,1.0,1,2,9,11,BicolorDamselfish,37.87808412121871,No,,,,,NRL_nr,,1.0,236.04736876495957,436.8167910507016,60.59064030638877,2375.989155652225,765.9884728092144,45.571718345121866,L,30.46574494831927,15.898385057887094,52.99985622328925,54.95932009533608,0
3,84,No,12,1.0,1,2,9,12,BicolorDamselfish,20.433269733073818,No,,,,,NRL_nr,,1.0,46.22530922097331,680.5331789384918,-223.2031417237426,2387.414342320262,1253.242426206902,96.05116528979111,L,34.65557230137217,16.24143435341754,43.60314018665436,37.65483481068709,0
3,85,No,9,7.0,1,2,10,5,BicolorDamselfish,39.79793106054424,No,,,,,NRL_nr,,1.0,140.39498429890256,577.9017415210252,65.78068090311011,2294.6315706728083,891.8679856271626,17.14367229253951,R,20.312907325860184,6.994882631369589,99.3680024914044,43.207796620851056,0
3,85,No,9,7.0,1,2,10,6,BicolorDamselfish,36.97305456989882,No,,,,,NRL_nr,,1.0,127.6391045850361,930.496794542998,-207.05681151068947,2315.552749930584,1367.5215811869452,123.80958438621872,R,26.618629903045147,15.436047702440936,78.98529812971674,38.86587952120942,0
3,85,No,9,7.0,1,2,10,7,BicolorDamselfish,25.654882634049148,No,,,,,NRL_nr,,1.0,77.7916389734854,848.3610571870349,-223.77400024015867,2348.9527005995647,1340.4714706127386,128.98583909640354,L,39.73328428729945,35.797261888409416,59.13412624227766,38.762352937709394,0
3,85,No,9,7.0,1,2,10,8,BicolorDamselfish,54.849785011419755,No,,,,,NRL_nr,,1.0,44.0844443436477,974.6744137387976,-249.8085883244323,2431.1584899848863,1511.1690762119545,46.91449447343104,R,29.612184887390363,10.499072982743678,94.91530736041342,44.11554212344144,0
3,85,No,9,7.0,1,2,10,9,BicolorDamselfish,34.294060314831064,No,,,,,NRL_nr,,2.0,50.58433550877368,1100.599369391429,-692.5735567040181,2436.9863977097225,1824.160772847816,17.13975282483632,R,21.82008583364011,21.82008583364011,80.1127511061353,34.342036056461566,0
3,86,No,10,6.0,1,2,11,1,BicolorDamselfish,35.653440469359545,No,,,,,NRL_nr,,1.0,306.6129883318369,670.8502332166871,-222.99686443303105,2389.484752008964,1329.9292957717237,56.492692732662306,R,24.758511382930617,22.124483837778815,98.86505776563332,27.877004053892144,0
3,86,No,10,6.0,1,2,11,2,BicolorDamselfish,39.47423334093113,No,,,,,NRL_nr,,1.0,149.76753565233653,1074.4080406507155,-254.62286596265247,2383.4314120275335,1593.5809445021812,45.91713118752906,R,32.59822902297944,32.59822902297944,65.26171393390284,39.6963005641007,0
3,86,No,10,6.0,1,2,11,3,BicolorDamselfish,31.94633855967214,No,,,,,NRL_nr,,1.0,78.90100362447427,430.34954238838225,-9.220586179119865,2376.820047174931,962.863750576084,41.40337304480643,R,32.38918586887508,10.829438244399098,98.89255590802232,41.01462037845787,0
3,86,No,10,6.0,1,2,11,6,BicolorDamselfish,40.44530774369261,No,,,,,NRL_nr,,1.0,55.72674243190259,1171.9106985452888,-7.729798806117028,2164.090892903323,1425.687666855675,30.738426482271713,R,25.437637442497145,7.575140230736693,107.12233154283538,52.24863880762165,0
3,86,No,10,6.0,1,2,11,7,BicolorDamselfish,22.9734870304941,No,,,,,NRL_nr,,1.0,3.024990490675367,639.0670904362964,-130.62751659882116,2364.6263843487495,1169.416349986677,87.84026045062335,L,42.72592158042933,13.31793864758002,121.45166369535964,42.10359046755244,0
3,86,No,10,6.0,1,2,11,8,BrownChromis,34.65404815459426,No,,,,,NRL_nr,,1.0,36.85161669967937,677.47265578731,17.613639654122707,2275.0380031481473,1048.0769963767216,67.4579744749732,L,34.653873282183206,14.247896117648422,168.14398845086106,45.882998683385566,0
3,86,No,10,6.0,1,2,11,9,BicolorDamselfish,54.79999211739846,No,,,,,NRL_nr,,1.0,138.10396210695544,884.5708742293484,-227.54978831217315,2343.78695522883,1379.6220955604665,64.6198923532309,R,34.88704005036762,16.940456837359623,39.819448303012464,36.86067940996548,0
3,86,No,10,6.0,1,2,11,10,BicolorDamselfish,40.54202806036028,No,,,,,NRL_nr,,1.0,352.42545822088977,718.1961790106391,-228.6553784846967,2395.5620001596294,1490.6081984757257,63.74973078560336,R,26.56077894029238,26.56077894029238,123.3196072251056,28.48437846042747,0
3,87,No,12,2.0,1,2,12,1,BrownChromis,39.27447210727576,No,,,,,NRL_nr,,1.0,66.81263140320306,1073.2367407387717,-224.50320320269157,2297.3866163060293,1484.7297115560325,170.29442352419528,L,62.9535257066491,48.90970307457141,98.7630723615393,42.762145287859866,0
3,87,No,12,2.0,1,2,12,4,BicolorDamselfish,28.118574281661964,No,,,,,NRL_nr,,1.0,8.570678445901303,1018.6599748658764,-235.4458172975095,2332.6742150279974,1471.7408927026547,212.0478922733706,R,58.5068626908968,18.67836178665058,123.94890759304758,43.63843820631127,0
3,87,No,12,2.0,1,2,12,5,BicolorDamselfish,31.03825231000673,No,,,,,NRL_nr,,1.0,142.4583932922449,551.2313968378784,-38.079609776718875,2342.2074206875805,978.593915062897,36.341221211136386,R,35.57946831741083,4.640522897781422,27.658853440032793,37.681357990242574,0
3,87,No,12,2.0,1,2,12,6,BicolorDamselfish,33.67802154169294,No,,,,,NRL_nr,,1.0,400.97387079911624,830.9998263675891,-226.4085559918657,2355.241529044844,1416.0521448891914,40.8824797346906,L,32.4205887957306,26.299178527601907,55.68126301190282,26.34209948051708,0
3,87,No,12,2.0,1,2,12,7,BicolorDamselfish,28.712183376499866,No,,,,,NRL_nr,,2.0,95.28672188109248,1015.921761539152,-823.3774664312925,2370.274960018466,1757.9970260891696,26.721442745277596,R,28.54982288546719,22.326299373241515,37.42363745625083,28.03785609538184,0
3,87,No,12,2.0,1,2,12,8,BicolorDamselfish,34.0039539927241,No,,,,,NRL_nr,,1.0,353.8000630122893,552.424984680928,-142.64631032150174,2384.681491985878,1247.929727163932,23.368795727288017,L,26.20620221526763,26.20620221526763,43.59284546520594,28.768603663039105,0
3,87,No,12,2.0,1,2,12,9,BrownChromis,48.1344980845877,No,,,,,NRL_nr,,1.0,121.72408296618492,823.417307405588,98.47432307595388,2191.3769849166724,1044.8359354442134,44.59101701030518,L,38.50494530681667,10.20806797687642,148.8621478325206,48.666747865377985,0
3,87,No,12,2.0,1,2,12,10,BicolorDamselfish,54.796613597742954,No,,,,,NRL_nr,,1.0,9.850902494923924,910.1745080611212,-236.56264889030297,2367.813847651657,1409.7789450081525,133.49405722009692,L,45.315050188888534,21.359104172129108,85.90391238771056,42.19561871341008,0
3,88,No,12,0.5,1,2,13,2,BicolorDamselfish,35.51572091680324,No,,,,,NRL_nr,,1.0,85.30751259486591,774.5613443334893,130.90302256246488,2213.2111451277674,987.6305147600328,40.06047402287637,R,38.81710531072067,17.241292358424445,57.96076443259815,53.98737809096143,0
3,88,No,12,0.5,1,2,13,3,BicolorDamselfish,30.230235066535833,No,,,,,NRL_nr,,1.0,151.38850920289366,460.05517368648344,-45.30488633789864,2378.941050066152,1083.4258748790128,38.389787142603346,L,35.86821420323573,0.0,159.66463403272093,42.383976375650334,0
3,88,No,12,0.5,1,2,13,4,BicolorDamselfish,33.77265351495498,No,,,,,NRL_nr,,1.0,174.27501641144622,745.1254953197493,-224.5791618323661,2373.603198326108,1331.4399990939437,59.00214153406324,R,41.27576903181375,10.026948321293125,18.510208219037025,33.1049238536044,0
3,88,No,12,0.5,1,2,13,5,BicolorDamselfish,48.93893281655643,No,,,,,NRL_nr,,1.0,82.521293938587,1050.0594456562517,-231.0752169511881,2308.4021506976965,1484.7955095017703,51.810960086414376,L,37.9187937553935,32.18777717288355,140.76156909004482,41.52970054917765,0
3,88,No,12,0.5,1,2,13,6,BicolorDamselfish,36.7732030493421,No,,,,,NRL_nr,,1.0,62.482904855590384,579.4475076078423,-160.98086918893313,2385.7775099862843,1162.901798047392,65.0150891251152,R,38.54048129998903,33.38787625246759,119.90365712248632,37.54137064654375,0
3,88,No,12,0.5,1,2,13,9,BicolorDamselfish,37.34039489048593,No,,,,,NRL_nr,,1.0,73.09433291489002,954.6458124424292,-256.9144733416826,2425.912288307902,1517.7609484182728,62.63007100869913,L,38.95524572713404,22.878642719583148,130.4251852273482,41.514669502692385,0
3,88,No,12,0.5,1,2,13,10,BicolorDamselfish,41.41266789583556,No,,,,,NRL_nr,,1.0,38.25122105911596,1428.782156687501,-109.82402064573122,2361.3855135785543,1776.995423717369,20.11228481907248,R,25.29623715746882,8.138140574420303,89.23746843988145,53.533754638931335,0
3,89,No,8,6.0,1,2,14,4,BicolorDamselfish,51.19238288641221,No,,,,,NRL_nr,,1.0,139.127494555744,829.7735761804213,-241.9418948352119,2409.7146693295376,1427.845579844609,33.33235430036197,L,21.989942567296104,10.53992282716881,76.84082529520273,36.51333767136548,0
3,89,No,8,6.0,1,2,14,5,BicolorDamselfish,30.89798623824287,No,,,,,NRL_nr,,2.0,98.74798508298888,1174.6708112063343,-640.1284465942808,2378.980732587117,1765.656630584817,16.074995448977035,L,13.026703210171954,11.548464056410268,165.0920100196499,37.757433430602624,0
3,89,No,8,6.0,1,2,14,6,BicolorDamselfish,30.471322947413405,No,,,,,NRL_nr,,1.0,166.84080842806523,463.90075059638406,-49.976221214036855,2379.215626952348,1086.091331104804,14.731515320753624,L,17.313920209037754,6.693046847021176,114.30378143440984,41.40698765699351,0
3,89,No,8,6.0,1,2,14,8,BicolorDamselfish,33.189112658202454,No,,,,,NRL_nr,,1.0,277.01753217785586,670.8502332166871,-222.99686443303096,2389.484752008964,1385.7347649809371,37.8692921646165,R,21.373061145924783,17.491668760391583,155.46252325024736,29.305681740446563,0
3,90,No,10,4.0,1,2,15,2,BicolorDamselfish,19.894195631552524,No,,,,,NRL_nr,,1.0,74.80552544090689,614.5434944565774,-183.6256868831353,2386.6178456891807,1168.5573028987917,21.69517053435907,R,26.979981184819003,2.022928648356455,70.22131761670339,36.91696735816506,0
3,90,No,10,4.0,1,2,15,4,BicolorDamselfish,40.981375138418514,No,,,,,NRL_nr,,2.0,155.02211314600353,1174.6708112063343,-640.1284465942808,2378.980732587117,1790.2820717668246,543.4571440521308,L,90.8691177349731,80.61584242729671,98.65596036213016,40.261628486970025,0
3,90,No,10,4.0,1,2,15,5,BicolorDamselfish,44.38930860055979,No,,,,,NRL_nr,,1.0,153.0604409469518,403.8163295225067,23.010084417341034,2374.9255571828767,816.1693614847236,12.074963285236263,L,19.20876483254398,10.399011871940214,50.509206350028464,46.27030447766623,0
3,90,No,10,4.0,1,2,15,6,BrownChromis,38.568152181123075,No,,,,,NRL_nr,,1.0,21.41381590344931,1300.352763613473,-223.1880055295284,2277.8320180901046,1676.2579255943049,201.44894138423376,L,85.18882856968966,45.392815076554854,131.99295438535236,48.158365394004505,0
3,90,No,10,4.0,1,2,15,7,BrownChromis,57.34981639090919,No,,,,,NRL_nr,,1.0,115.33012642148005,1270.6713092631835,-240.95919773427931,2307.9686947443224,1734.7793015139634,979.6946078003969,L,127.54243659527596,94.05218215253616,97.70423082629158,44.57692018806233,0
3,90,No,10,4.0,1,2,15,8,BrownChromis,67.52509271269861,No,,,,,NRL_nr,,1.0,85.9508965954353,1254.1020888191044,-246.56612492021003,2324.3713279492313,1710.4230216698008,1044.6588667859562,L,115.88049445062708,27.936000259135007,89.00206983480571,44.985130803594295,0
3,90,No,10,4.0,1,2,15,9,BrownChromis,37.090683195585406,No,,,,,NRL_nr,,1.0,85.97282754890188,1168.590622569077,-258.3218435146261,2369.1904526299986,1636.5579354207214,318.96972648025417,L,104.4470566702418,31.26681964401821,150.0813568573674,43.07864896557123,0
3,90,No,10,4.0,1,2,15,10,BrownChromis,43.441393522045686,No,,,,,NRL_nr,,1.0,168.31764472412033,1201.3410133732448,-264.7628548619021,2382.198156130471,1742.2963969390562,539.9200851951555,L,115.60578115368288,46.26009862170923,142.3918427302534,41.77625743520221,0
3,91,No,10,2.0,1,2,16,3,BicolorDamselfish,43.42201270072495,No,,,,,NRL_nr,,1.0,456.30665839348467,670.8502332166871,-222.99686443303096,2389.484752008964,1276.6543219962025,39.876298141882344,L,29.353581483157303,20.722268587644493,87.05247246918927,19.179838950052662,0
3,91,No,10,2.0,1,2,16,4,BicolorDamselfish,40.419249013016646,No,,,,,NRL_nr,,1.0,135.5655275623251,1252.562653403551,-191.7949946496061,2240.778683328539,1591.4126323785365,32.12296922614081,R,28.402619925854403,17.59025286405535,94.32628953043022,46.2974342574759,0
3,91,No,10,2.0,1,2,16,5,BicolorDamselfish,48.60356893605248,No,,,,,NRL_nr,,1.0,372.1519688684526,1033.5810015586385,-229.4442268918047,2310.827863476216,1473.815279561088,77.74409596576021,L,27.3797410480022,13.603179889863933,162.8891464801815,32.803681653310484,0
3,91,No,10,2.0,1,2,16,6,BicolorDamselfish,43.28919685877349,No,,,,,NRL_nr,,1.0,333.13650144650876,532.3393173787525,-129.0183507657124,2383.866828863086,1102.4582659377288,38.48353657432306,R,27.953120577148713,12.06220718688708,91.98186160427308,23.95412343652287,0
3,91,No,10,2.0,1,2,16,7,BicolorDamselfish,31.87511393697373,No,,,,,NRL_nr,,1.0,455.2494526944287,484.31567475962913,-74.77482737166223,2380.6732668435784,1172.8420705664137,16.462106058521137,R,17.219260087154062,6.986791041059419,86.47777738756056,34.00838142822489,0
3,91,No,10,2.0,1,2,16,10,BicolorDamselfish,23.82949047189896,No,,,,,NRL_nr,,2.0,359.8114844521354,1097.8215010413496,-762.8275137559237,2322.338496550746,1495.471079881837,79.87458452081867,R,38.67138618427699,15.95767115909254,61.53279674611938,29.50742309251872,0
3,92,Yes,11,4.0,1,2,17,1,BicolorDamselfish,60.42713620059389,Yes,2395.0,2396.0,0.0,1.0,FR,610.7773246823775,1.0,344.51930026829996,420.4876247734493,2.7589739179966273,2376.1158993463814,869.5776479324873,7.781059584864478,R,14.10204626273139,0.0,62.39566836812144,26.008902227909616,1
3,93,No,10,0.5,1,2,18,1,BicolorDamselfish,40.54856016987125,No,,,,,NRL_nr,,1.0,34.11879499326342,1345.5509296568496,-224.9105540780189,2385.5524959193176,1763.0943512657636,16.264740419583497,L,19.374225421089218,19.374225421089218,108.33787903607524,48.58100362917101,0
3,93,No,10,0.5,1,2,18,3,BicolorDamselfish,31.444252920974616,No,,,,,NRL_nr,,1.0,164.4743107757884,436.1917866060105,-16.317331299068314,2377.2371875060844,1044.5302815566615,23.995961226850035,L,21.316686150186236,20.87503060350537,33.73554298715618,41.99366538577869,0
3,93,No,10,0.5,1,2,18,4,BicolorDamselfish,32.73817135016271,No,,,,,NRL_nr,,2.0,165.07706783116635,1126.6876903494667,-664.0660268235451,2438.5446213785713,1710.5479235661244,21.862937673001625,L,22.01137880055446,13.170095751591038,158.8475249944699,37.80604381154634,0
3,93,No,10,0.5,1,2,18,5,BicolorDamselfish,44.44368856922602,No,,,,,NRL_nr,,1.0,107.87311155551689,529.6188783528517,53.91818861248022,2316.901234278658,890.0761008980063,23.045984309554715,R,23.70594000650786,12.95810756550417,35.77930780539746,44.195883239946774,0
3,93,No,10,0.5,1,2,18,9,BicolorDamselfish,44.18421065608496,No,,,,,NRL_nr,,1.0,386.24712007933977,670.8502332166871,-222.99686443303105,2389.484752008964,1445.838285662332,19.949450153891743,R,20.39553162127311,0.0,14.854999683077155,28.209028602976307,0
3,93,No,10,0.5,1,2,18,10,BicolorDamselfish,44.71588663216614,No,,,,,NRL_nr,,1.0,79.31768645280069,740.5636730078013,-231.3286122106488,2398.433055098966,1357.5660359714154,29.25725510448669,R,21.58917168309769,12.138856253879474,100.95984597281227,40.178500611678224,0
3,94,No,7,0.5,1,2,19,2,BicolorDamselfish,39.13555870406384,No,,,,,NRL_nr,,1.0,268.80590525526696,418.2500962201953,5.47696536949006,2375.956138239707,873.0816989237138,32.07192148351125,R,51.47457516067438,0.0,20.186034740616385,30.47511453779482,0
3,94,No,7,0.5,1,2,19,3,BrownChromis,240.10739867984697,No,,,,,NRL_nr,,1.0,383.92410354129294,691.2045947790559,93.6177670882913,2242.372523423461,837.294767724899,27.793126961025894,R,21.37658130165642,0.5703155894978803,97.27423416818915,36.75106232505407,0
3,94,No,7,0.5,1,2,19,4,BrownChromis,48.02610173353747,No,,,,,NRL_nr,,1.0,406.38279178815486,525.3834038783424,-45.710791618556414,2354.573132269795,886.3523017393104,36.967593878904225,R,62.20966807524152,7.113396593098773,6.822089533361578,23.228322893625357,0
3,94,No,7,0.5,1,2,19,5,BicolorDamselfish,34.98353428834255,No,,,,,NRL_nr,,1.0,307.5536982381928,1278.1102129758267,-235.9334177279885,2259.640283003755,1827.5779397928588,60.467669238778754,R,40.63392169998888,32.14897495715165,38.299196314328135,42.13090421611911,0
3,94,No,7,0.5,1,2,19,6,BicolorDamselfish,38.037010803484314,No,,,,,NRL_nr,,2.0,262.3786729682382,1251.523513742538,-727.9824847990343,2340.6618295324824,1825.9013871540649,56.80458241107338,R,37.05715627137769,17.4594120553273,52.86807185479413,37.81549459681107,0
3,94,No,7,0.5,1,2,19,7,BicolorDamselfish,42.872230208900895,No,,,,,NRL_nr,,1.0,118.5581176395532,1337.6254406625646,-91.05158865762046,2250.0047195220736,1657.9264218010487,23.46741371180131,R,33.14262672408769,24.92198951069431,53.92307270917105,52.18890498319029,0
3,95,No,10,2.0,1,2,20,1,BicolorDamselfish,54.37080053787818,No,,,,,NRL_nr,,1.0,0.7065976658524017,996.9790878620388,-220.22301352214956,2354.6359507049337,1454.5151151959888,52.613931382565184,R,24.03734162698963,9.15711604280316,101.1569270641264,44.39305895788106,0
3,95,No,10,2.0,1,2,20,3,BicolorDamselfish,49.67025554565774,No,,,,,NRL_nr,,1.0,174.15729882711582,892.8857938426178,-71.21466099560791,2248.694999735298,1208.783536955431,92.92425825580304,R,29.637561824843885,16.465261190726732,118.75420868386524,41.238371569487406,0
3,95,No,10,2.0,1,2,20,5,BrownChromis,39.662169085250454,No,,,,,NRL_nr,,1.0,399.8938481638012,403.8163295225067,23.010084417341034,2374.9255571828767,574.5106207318015,11.849352663185812,R,12.259824953800418,0.0,20.434897605529347,37.64622338746722,0
3,95,No,10,2.0,1,2,20,6,BicolorDamselfish,41.85373427587929,No,,,,,NRL_nr,,1.0,261.642404217767,846.0491804786702,-200.04166086339865,2329.135868930157,1299.712596228627,120.14970917043402,R,40.81309848050464,21.546586732429116,71.5402606262336,32.86499984021258,0
3,95,No,10,2.0,1,2,20,7,BicolorDamselfish,29.818579604595772,No,,,,,NRL_nr,,1.0,179.10004752842144,832.5051993229937,-226.4406251848234,2354.919649852135,1349.057067696174,118.19133111945452,L,45.47806100205071,5.522557243200214,155.8781132427371,34.44089116449094,0
3,95,No,10,2.0,1,2,20,8,BicolorDamselfish,45.76240273063385,No,,,,,NRL_nr,,2.0,69.04873770084997,1183.1532180658555,-668.7698468118756,2363.3809011049975,1816.0319358422792,19.61654789356552,L,21.44122652636606,20.257375279588977,158.1927559356858,35.330225886584195,0
3,95,No,10,2.0,1,2,20,9,BicolorDamselfish,25.335599681988352,No,,,,,NRL_nr,,1.0,246.99556517162833,890.9454955288252,84.39998695827617,2172.486767007971,1082.7870969721628,52.190773692893714,R,25.32178299551851,2.000626271124709,129.1698400769349,45.0096967472289,0
3,102,No,12,2.0,1,2,27,1,BicolorDamselfish,29.87960531305517,No,,,,,NRL_nr,,1.0,267.95234006601777,810.1002070590021,-225.9633281684595,2359.710290468264,1366.508515707965,52.5244502115924,R,34.49029339318946,5.683631438782982,53.95847564861725,30.589444101081604,0
3,102,No,12,2.0,1,2,27,3,BicolorDamselfish,38.68738499917355,No,,,,,NRL_nr,,1.0,181.30781758323204,1149.882343929013,-126.80943368604964,2223.931382598168,1448.008646864258,35.65209961117044,R,25.954773431343597,7.982637036643948,44.422452232455285,44.361528725848686,0
3,102,No,12,2.0,1,2,27,6,BicolorDamselfish,41.78355850132513,No,,,,,NRL_nr,,1.0,109.69228487641163,1459.7811998591992,-162.48926642136257,2424.7875320559665,1881.9946327302528,67.33455025761548,R,45.95917460624941,26.92225696048965,18.949295080593068,52.25820381069244,0
3,102,No,12,2.0,1,2,27,8,BicolorDamselfish,41.44794153467737,No,,,,,NRL_nr,,2.0,342.5134874768717,1049.8828699169014,-839.3672420546944,2287.005046535619,1524.0401398688196,41.526230546516175,R,26.448080311133825,11.605316574614951,56.70806844388437,24.94491563968463,0
3,102,No,12,2.0,1,2,27,9,BicolorDamselfish,31.11074345703501,No,,,,,NRL_nr,,2.0,139.22196723053742,1177.424226835981,-642.8448747206952,2378.5190961535427,1848.1236985560272,125.62903477625952,L,57.02195584530087,52.818487293329746,112.00059994065508,39.622247250281205,0
3,102,No,12,2.0,1,2,27,11,BicolorDamselfish,33.78551373847226,No,,,,,NRL_nr,,1.0,123.350883599566,417.200885996478,6.751471750530797,2375.8812238944884,1026.6753279994878,13.857272273915784,L,22.821577373688154,0.0,102.54344983599464,44.951391875248866,0
3,102,No,12,2.0,1,2,27,12,BicolorDamselfish,31.345609533480175,No,,,,,NRL_nr,,1.0,429.84195720409264,600.4806552417921,-175.25168633302505,2386.6306023668276,1289.9698096832074,19.769547186179366,R,25.29718695607389,25.29718695607389,132.07815758323903,23.936132648962005,0
3,103,No,7,4.0,1,2,28,1,BicolorDamselfish,34.61299426107828,No,,,,,NRL_nr,,2.0,279.2952952462513,1062.7560088247074,-808.2079974805937,2312.8523342195717,1574.002602286332,39.29430734540483,R,26.183895928777407,7.387244148338935,36.17803653620726,27.533631251290828,0
3,103,No,7,4.0,1,2,28,2,BicolorDamselfish,41.65005830299456,No,,,,,NRL_nr,,1.0,284.54626363033833,555.2670493857023,-144.57462777637693,2384.796764497004,1065.3888208360706,26.33549794896488,R,16.411696337627212,6.211612617337731,76.04490371807111,26.874908325056055,0
3,103,No,7,4.0,1,2,28,3,BicolorDamselfish,49.31864976312569,No,,,,,NRL_nr,,1.0,258.0304104611169,998.0989736196568,-229.96829497684828,2319.512350819113,1493.1375032352653,49.15066494858404,L,21.104837209358145,14.489582274402403,75.9070712054563,34.591941747146635,0
3,103,No,7,4.0,1,2,28,4,BicolorDamselfish,22.040382868177755,No,,,,,NRL_nr,,1.0,77.58769385604784,726.2162393363939,-224.1763350267965,2377.646379804025,1284.4925674124388,40.05030281600742,L,23.11390130751858,8.698090501145568,49.88046797535493,36.81904244381539,0
3,103,No,7,4.0,1,2,28,7,BicolorDamselfish,37.22966645825481,No,,,,,NRL_nr,,1.0,172.0016195134872,1195.524248112155,-49.0009423050213,2181.7063551171664,1479.8042450854737,16.629260474569406,R,15.786695562636709,8.72016912046201,75.44771632731512,50.19856525421992,0
4,112,No,15,2.0,1,3,1,1,BicolorDamselfish,41.40001559193622,No,,,,,NRL_nr,,2.0,263.27771242498113,581.3623564817624,-1014.3070773962984,2734.0279389795933,1771.9262344338665,77.53094128953329,R,63.6487201162075,63.6487201162075,54.36745574923659,38.21616458435414,0
4,112,No,15,2.0,1,3,1,2,BicolorDamselfish,51.8639163256667,No,,,,,NRL_nr,,1.0,50.43145683173565,705.7109040737143,-526.0581856662284,2690.2109374547613,1728.560594781426,92.30147499009414,L,58.13987133808072,44.698198388909816,71.03134751978975,46.15361519245299,0
4,112,No,15,2.0,1,3,1,3,BicolorDamselfish,47.35782299703483,No,,,,,NRL_nr,,1.0,130.11258862861405,427.7899554789416,-439.4756594221567,2617.328893320473,1542.7400560889928,160.23862600547093,R,74.64925827034692,55.6996242827741,85.02107528530045,39.94198471804515,0
4,112,No,15,2.0,1,3,1,5,BicolorDamselfish,22.686851566635497,No,,,,,NRL_nr,,1.0,105.66779366666236,291.2910687863865,-372.90320826014977,2613.997934784416,1421.5819830107744,171.28949174411989,R,82.12632371172225,45.28774676505596,87.73089882100076,39.07327126871612,0
4,112,No,15,2.0,1,3,1,6,BicolorDamselfish,38.77313458433657,No,,,,,NRL_nr,,1.0,157.2194745371127,131.08379467829894,-247.69673955328864,2631.678806586318,1173.765161781116,173.39936556334672,R,68.72415187667934,53.28228173916345,114.71126966522075,35.26427246775815,0
4,112,No,15,2.0,1,3,1,7,BicolorDamselfish,40.820696778689054,No,,,,,NRL_nr,,1.0,131.11350358891607,198.9767439062123,-278.4484257908316,2608.296769394165,1204.4064300630916,332.33221881832435,R,84.29344696792407,39.843845259088134,55.319562701799825,36.54334324383024,0
4,112,No,15,2.0,1,3,1,8,BicolorDamselfish,34.27430677455385,No,,,,,NRL_nr,,1.0,55.81885931392478,220.2200134374661,-289.5297635586501,2602.0582458580725,1238.5462633909192,591.3954391256831,R,99.56693086699804,60.12335967225116,88.09405167082699,39.89128347407967,0
4,112,No,15,2.0,1,3,1,9,BrownChromis,55.61905781295275,No,,,,,NRL_nr,,1.0,41.42435674608924,323.33728979632554,-118.44798546762765,2491.1876701906526,1107.498921380707,97.8750020959622,R,62.84194240907951,7.658599253108248,90.33517840373074,47.418250899718075,0
4,112,No,15,2.0,1,3,1,10,BicolorDamselfish,49.7039254977912,No,,,,,NRL_nr,,1.0,388.9599111039365,333.73375764591543,-397.9582400815763,2607.3989643136065,1558.905760286498,61.984656364377905,R,48.495848984546875,27.253290962274004,43.54492118148744,28.54069727093166,0
4,112,No,15,2.0,1,3,1,13,BicolorDamselfish,40.44715822829887,No,,,,,NRL_nr,,1.0,70.6027248449119,98.33732934362098,-124.7374683039209,2581.4298810305313,1062.8314133130652,128.843281201187,R,69.86763627821375,1.810892392045324,55.89031968956826,41.408469679347135,0
4,112,No,15,2.0,1,3,1,14,BicolorDamselfish,19.048360649487403,No,,,,,NRL_nr,,1.0,3.8315367526949817,572.4331524095908,-371.88123246645415,2634.4881743467554,1500.133079824517,131.42018510940963,R,84.37407512125,75.52779416739023,40.11407917351905,48.309415440656664,0
4,113,No,13,1.0,1,3,2,1,BrownChromis,49.02459489955049,No,,,,,NRL_nr,,1.0,734.0606188167701,247.75748700108505,-344.01999871618494,2616.486639356831,1415.8433418121392,19.833899016545256,R,19.75754071425079,14.338972779535895,72.76734141717529,11.408741932015626,0
4,113,No,13,1.0,1,3,2,2,BicolorDamselfish,45.58019797060602,No,,,,,NRL_nr,,2.0,343.46517076025464,493.2929920906498,-1131.100915770263,2692.3076874987814,1767.1082904915716,26.154064119064415,R,30.182899316034284,30.182899316034284,103.2560776821713,25.781942173316743,0
4,113,No,13,1.0,1,3,2,3,BicolorDamselfish,33.46732487485704,No,,,,,NRL_nr,,1.0,174.97140406038866,436.39278743217955,-458.5605564561231,2591.4375838185206,1540.3182040611143,100.0754791653708,R,46.47195353432164,39.245424385241414,63.36422366015033,36.31255176622827,0
4,113,No,13,1.0,1,3,2,4,BicolorDamselfish,19.36937547133508,No,,,,,NRL_nr,,1.0,87.64549695392121,430.6488438235351,-455.1697559728791,2592.330649627449,1512.133381331677,98.36918290958374,R,56.81842393236078,34.09604652537202,58.03467314011569,39.989271908133496,0
4,113,No,13,1.0,1,3,2,5,BicolorDamselfish,43.94976106043842,No,,,,,NRL_nr,,1.0,308.90380566625583,215.5649134411957,-221.23613308531048,2566.466836435646,1085.3323511310766,47.684452428964654,R,40.13082035897551,26.324772758910065,128.23127461518388,30.87671195078714,0
4,113,No,13,1.0,1,3,2,6,BicolorDamselfish,32.40019797616667,No,,,,,NRL_nr,,1.0,214.72929022972588,116.36011676997263,-192.9592806260559,2609.423759867776,1104.7570083751991,41.154907534093105,R,38.84862336304109,11.217691559368136,39.02235195460413,33.26553051448842,0
4,113,No,13,1.0,1,3,2,8,BicolorDamselfish,41.01640725268227,No,,,,,NRL_nr,,1.0,331.5999909193272,70.6797729041723,-22.537870982987272,2539.929818213873,734.1118399638772,77.47456157833734,R,33.84741841221051,13.421739534394684,48.84482066468168,54.32870255692353,0
4,113,No,13,1.0,1,3,2,9,BicolorDamselfish,37.516120662771144,No,,,,,NRL_nr,,1.0,457.0790422144699,70.67977290417224,-22.537870982987272,2539.929818213873,628.0225218274708,53.96757628026901,R,31.327113329737102,3.003518897274757,69.53599754816146,49.368694175865755,0
4,113,No,13,1.0,1,3,2,13,BicolorDamselfish,40.59084112005125,No,,,,,NRL_nr,,2.0,269.64311795317764,771.6055395610384,-1152.5174066605637,2726.8533130464684,2183.9143068699395,12.092573126042089,L,23.15088311654413,15.015179335878804,53.38377475760198,40.4767286244603,0
4,114,No,15,0.5,1,3,3,1,BicolorDamselfish,23.79400488236255,No,,,,,NRL_nr,,2.0,268.16910448540585,570.6601598559703,-1028.4998745352464,2728.95809048333,1762.8244134040317,46.07653441389581,R,44.603047901049166,44.603047901049166,118.0446763192848,32.705248992158985,0
4,114,No,15,0.5,1,3,3,3,BrownChromis,51.54134227979744,No,,,,,NRL_nr,,1.0,584.6397021241373,175.3712255505294,-166.1137381885214,2559.1050005427355,1015.5422249865072,37.007294299968635,L,38.18965910413069,13.15034874744772,158.63566889530406,17.56229135024999,0
4,114,No,15,0.5,1,3,3,4,BicolorDamselfish,39.829855818983006,No,,,,,NRL_nr,,1.0,407.3537789383008,162.16293330680912,-291.6291400327666,2637.9489991584505,1240.6297049684736,49.21219686544535,R,44.11211164663566,44.11211164663566,127.62312973281284,22.92666939748246,0
4,114,No,15,0.5,1,3,3,5,BicolorDamselfish,44.27071492715933,No,,,,,NRL_nr,,1.0,334.5779703929939,69.77622788900116,-80.77236341817142,2584.6559176424807,979.9314470067756,43.04189811680411,R,46.23117235202571,22.15193863657621,63.54705860492072,29.047695820806236,0
4,114,No,15,0.5,1,3,3,7,BicolorDamselfish,52.725829094876886,No,,,,,NRL_nr,,1.0,149.25028386375666,763.0171221793387,-540.7259509725889,2724.322578116661,1870.9508424596415,298.8650295660742,L,66.27114452929855,66.27114452929855,148.66140582693018,45.45301384779966,0
4,114,No,15,0.5,1,3,3,8,BicolorDamselfish,36.13502255087718,No,,,,,NRL_nr,,1.0,118.3344747671502,675.1353471731957,-518.7872545529985,2695.804217099512,1748.0615175440444,137.32913582332571,L,68.41366750644968,22.4211710928534,142.26052966385438,43.932174001078096,0
4,114,No,15,0.5,1,3,3,9,BicolorDamselfish,42.68577619900313,No,,,,,NRL_nr,,1.0,112.8471768168387,753.0558737881353,-538.4439761575516,2729.867280824325,1854.934767858441,227.74518226151585,L,54.113008940759464,37.01083510832483,135.3169503453314,47.498896922521034,0
4,114,No,15,0.5,1,3,3,11,BrownChromis,45.151259210320205,No,,,,,NRL_nr,,1.0,296.6293729976136,567.6205910940624,-156.9973061848671,2423.5163195407927,1146.364760427656,37.91346425799867,R,47.946874931315904,19.42200044861996,69.93621397127158,46.389742459026145,0
4,114,No,15,0.5,1,3,3,12,BicolorDamselfish,23.646400670296003,No,,,,,NRL_nr,,1.0,38.57209230205844,337.33232861717454,-386.2994724940324,2588.3135936631656,1363.7149267481675,100.38890913488233,R,57.11431729630097,32.978939340909655,86.33553940333942,40.24790166319879,0
4,114,No,15,0.5,1,3,3,14,BicolorDamselfish,15.78628025467476,No,,,,,NRL_nr,,1.0,27.116197664569796,304.5466381230379,-273.22077071004924,2556.2043081071147,1243.5930495765303,96.92752273815084,R,58.61119315173783,22.18003867278818,85.31758673519994,43.00582005396191,0
4,114,No,15,0.5,1,3,3,15,BrownChromis,45.97370312158643,No,,,,,NRL_nr,,1.0,505.3121984250123,436.39278743217955,-458.5605564561231,2591.4375838185206,1551.0078452952578,36.3017110973515,R,39.53250519392909,36.293631999804155,107.67863101673152,28.288510367860606,0
4,115,No,14,2.0,1,3,4,1,BicolorDamselfish,43.32043380075801,No,,,,,NRL_nr,,1.0,106.95368986040543,362.22425837757,-414.7769295101024,2602.969273875072,1423.0788744580989,60.04088096123281,R,41.70645449033636,18.163301123744695,27.20696979886956,37.58937518441552,0
4,115,No,14,2.0,1,3,4,2,BrownChromis,48.86480052985739,No,,,,,NRL_nr,,1.0,616.1252018061783,603.2929257064617,-65.52564840863697,2392.7969634016567,1041.0861904970282,19.550887282348253,L,32.1380424824782,19.000457723316867,160.06122023491247,46.88538217571155,0
4,115,No,14,2.0,1,3,4,3,BrownChromis,49.5376850292223,No,,,,,NRL_nr,,1.0,725.8937951594386,70.67977290417227,-22.537870982987293,2539.929818213873,596.8836060373515,16.58436334125385,L,28.242811663732382,17.749192204780314,58.220910438650385,16.580240379210853,0
4,115,No,14,2.0,1,3,4,8,BicolorDamselfish,54.774447159800545,No,,,,,NRL_nr,,1.0,3.778324554126615,678.1586461085609,-519.5157326811319,2697.185807065065,1689.4580156254472,32.499988049638354,R,36.964763689734674,15.758143634061478,119.82751979363108,47.19859445384235,0
4,115,No,14,2.0,1,3,4,9,BicolorDamselfish,14.256155625222096,No,,,,,NRL_nr,,1.0,25.351766743121644,175.15808779447406,-201.96955861575464,2579.349458658676,1157.0800705494523,65.89730544028964,R,49.05434832993664,6.76282295109429,64.16440263933535,42.53369161525828,0
4,115,No,14,2.0,1,3,4,11,BicolorDamselfish,50.42984871976403,No,,,,,NRL_nr,,1.0,305.23564010692013,521.6557506375786,-479.4154399512426,2600.6694940499397,1638.3471633244942,37.104948533822586,L,33.7459758375924,29.508094864497625,58.7373990695658,34.76321283906824,0
4,115,No,14,2.0,1,3,4,12,BicolorDamselfish,61.39638110584231,No,,,,,NRL_nr,,1.0,246.1011244756167,138.61395406831116,-275.7657673863893,2643.1165302018144,1224.0735397559577,280.2481115594029,L,58.96511116798187,58.34174217356848,67.39561854292687,30.477327606622,0
4,115,No,14,2.0,1,3,4,13,BicolorDamselfish,36.76827051275856,No,,,,,NRL_nr,,1.0,336.0559919247364,286.5558518147838,-205.5352942648448,2536.5995916385464,1081.301132575442,51.5426407310797,R,39.76527140991138,13.543586656576831,69.73573987498992,32.6476889787464,0
4,115,No,14,2.0,1,3,4,14,BicolorDamselfish,33.34221384405827,No,,,,,NRL_nr,,1.0,231.4085816058588,126.70413585723406,-255.11982506383953,2642.797954578778,1177.853151157575,238.8420122934337,R,80.89205260340677,16.700094687484636,75.92793655283185,31.976657046119236,0
4,116,Yes,10,8.0,1,3,5,2,BrownChromis,28.292826094981024,Yes,2389.0,2388.0,0.0,1.0,FR,702.9077320530763,1.0,411.8972626375093,220.72636624077248,-34.64829207171527,2498.4798774523524,781.0064800968257,30.800794035667497,R,25.271607436774232,15.544433371184912,92.42355936416531,35.950733076714485,1
4,116,Yes,10,8.0,1,3,5,6,BicolorDamselfish,33.97954821387849,Yes,2391.0,2390.0,2.0,1.0,FR,1098.6636715577138,1.0,399.6605128813618,284.25279708092296,-368.7483319719891,2615.092242152726,1433.167062853472,21.701259488976756,L,14.26185566776226,14.26185566776226,58.92702368432769,25.40785480082657,1
4,117,No,15,4.0,1,3,6,2,BrownChromis,44.94577605189712,No,,,,,NRL_nr,,1.0,431.4904027578785,362.77590111575694,-176.97995812844266,2500.0967054522052,1066.5267935586164,40.612140874430715,R,38.68519409667733,14.93604564991529,96.39038069552927,33.038119158316874,0
4,117,No,15,4.0,1,3,6,3,BicolorDamselfish,24.536881570281544,No,,,,,NRL_nr,,1.0,62.96626692119997,252.007350629102,-50.09566627241577,2492.696343254366,1012.517278646239,59.153510914322794,R,36.59284813816635,8.054733445428855,136.0435628121873,47.61972749419089,0
4,117,No,15,4.0,1,3,6,4,BrownChromis,56.06092804084523,No,,,,,NRL_nr,,2.0,441.2926282679152,572.0729412021525,-1161.2297920727262,2644.610297454228,1752.409578071957,37.54415813378379,R,32.82326880894217,29.44192306525494,57.53190552144594,27.732984352812757,0
4,117,No,15,4.0,1,3,6,5,BicolorDamselfish,29.065306090903043,No,,,,,NRL_nr,,1.0,48.204663050320654,194.8590035787674,-313.6542962632451,2630.7742525838667,1286.470123996112,130.84706202870643,R,42.594764788555864,34.492870300814616,138.834085563583,39.37610062318471,0
4,117,No,15,4.0,1,3,6,7,BicolorDamselfish,38.996393830148634,No,,,,,NRL_nr,,2.0,449.47046973071485,493.2929920906498,-1131.100915770263,2692.3076874987814,1656.7333063254612,36.9937644855155,R,27.963584520962755,19.282843421760468,80.2136478897101,24.836364134689543,0
4,117,No,15,4.0,1,3,6,8,BicolorDamselfish,52.70117879699429,No,,,,,NRL_nr,,2.0,91.39420562053766,682.0917397481562,-1000.2529469848668,2740.618748274871,2006.3872220482256,19.498031224998176,R,25.260306784880942,18.09838661027712,122.6239063528274,39.75181100784144,0
4,117,No,15,4.0,1,3,6,9,BicolorDamselfish,52.705279247215984,No,,,,,NRL_nr,,1.0,326.79090673329466,534.4771449970671,-480.6114795638854,2600.6428365316697,1558.2484611575123,45.85870272839632,R,35.34303302424793,20.006044099565365,88.13076963438641,36.37408207955856,0
4,117,No,15,4.0,1,3,6,10,BicolorDamselfish,42.675290183462295,No,,,,,NRL_nr,,1.0,200.27386457400775,297.53683724669787,-333.65400244697383,2581.4807324614053,1248.72595529459,89.96520574426336,R,42.910285875766455,11.530049263653876,20.599902395713688,34.426727310211426,0
4,117,No,15,4.0,1,3,6,15,BicolorDamselfish,20.531197180678372,No,,,,,NRL_nr,,1.0,23.50320727683279,228.2609635493923,-254.4954425041632,2577.6847225321726,1213.401185182525,149.27648776178657,R,50.97949023970928,6.444545809653159,68.3131412234315,42.08566669704746,0
4,118,No,15,6.0,1,3,7,3,BicolorDamselfish,33.10945117270307,No,,,,,NRL_nr,,1.0,0.4897028156272902,582.1888599233166,-298.3341632571424,2556.625479122174,1419.848326269841,137.29095620499095,L,65.27223722711236,46.041678222219026,165.40807443552285,50.03577987107242,0
4,118,No,15,6.0,1,3,7,4,BicolorDamselfish,31.81116518414823,No,,,,,NRL_nr,,1.0,122.88366005554366,343.78896098424445,-400.4061999267054,2611.9499796801965,1472.6974166716816,80.64584713341533,R,60.02493343387461,45.606725559644474,120.62586408761798,39.14953343221423,0
4,118,No,15,6.0,1,3,7,6,BicolorDamselfish,34.17644021500246,No,,,,,NRL_nr,,1.0,306.7278179913034,225.03044337780184,-234.21734248545968,2568.2005334833584,1119.146922902564,35.46144604293641,R,46.627235055414985,25.190298008729343,67.17859962223372,29.645909838021193,0
4,118,No,15,6.0,1,3,7,7,BicolorDamselfish,45.46458694927142,No,,,,,NRL_nr,,1.0,21.536895213362342,502.0689849112261,-408.79738116728896,2552.103930033947,1441.044905112128,234.8800231599197,R,75.13999799422349,43.44089687187025,49.92797626927285,44.158274240082775,0
4,118,No,15,6.0,1,3,7,8,BicolorDamselfish,65.06381767342586,No,,,,,NRL_nr,,1.0,73.60517091412348,270.49765100585364,-23.656383370763177,2494.9987614522197,977.3265042892248,40.71725477909406,L,51.48931987927869,8.727922088725288,107.7774317470292,51.982278710512674,0
4,118,No,15,6.0,1,3,7,11,BicolorDamselfish,29.75441994719635,No,,,,,NRL_nr,,2.0,339.7133133486157,580.3867828605311,-1041.4417842313578,2717.2443638111845,1736.5228235519935,33.93450977793228,L,36.99095383524636,26.373166040025374,117.97954009483423,32.49836945676319,0
4,118,No,15,6.0,1,3,7,14,BicolorDamselfish,110.5081061988336,No,,,,,NRL_nr,,2.0,95.19634478321149,623.4958828858838,-1180.896159804255,2613.4762318145604,2094.841529509608,18.978521037968267,R,24.019951714040044,24.019951714040044,121.82385672302992,31.124478766923193,0
4,118,No,15,6.0,1,3,7,15,BicolorDamselfish,35.65456118769579,No,,,,,NRL_nr,,1.0,3.6137745633945695,429.46197704363686,-437.2613071182036,2583.8670200635606,1441.0148782411034,220.0736442053396,R,82.81761090685669,33.63318178055776,62.2297732147934,42.46779338763444,0
4,119,No,11,4.0,1,3,8,1,BrownChromis,54.31013219001723,No,,,,,NRL_nr,,1.0,601.1624978802583,436.39278743217955,-458.5605564561231,2591.4375838185206,1529.604028906023,16.529614927656247,L,22.752071334079066,20.723768123086717,114.67032948774671,21.40933408062008,0
4,119,No,11,4.0,1,3,8,3,BrownChromis,47.5737422143555,No,,,,,NRL_nr,,1.0,491.1014120085443,70.67977290417224,-22.537870982987272,2539.929818213873,775.382856038909,22.17222710183884,R,20.62982315503215,3.681692479550366,56.22291254948191,25.331595885124287,0
4,119,No,11,4.0,1,3,8,4,BicolorDamselfish,39.13223573766396,No,,,,,NRL_nr,,1.0,198.19309798469004,824.1990331932744,-374.6710630727268,2503.0637816095546,1603.9363796083494,27.664486503296388,R,20.498622858888655,15.322645749159278,21.14683061655817,48.70298087784779,0
4,119,No,11,4.0,1,3,8,5,BicolorDamselfish,28.7208798565189,No,,,,,NRL_nr,,1.0,92.85820253015405,293.53358420600193,-374.22702389738384,2613.649269479931,1401.4484852386313,61.642768689583946,L,34.03196804371318,22.478326488588166,56.758728692918574,38.57049820434315,0
4,119,No,11,4.0,1,3,8,8,BicolorDamselfish,40.31137538367,No,,,,,NRL_nr,,1.0,682.5910963247845,69.62016426063256,-90.83083978961942,2592.3811745388193,1024.6264440002467,17.767268357624204,R,16.04289759712969,0.0,21.650545055439565,28.23398236241489,0
4,119,No,11,4.0,1,3,8,9,BicolorDamselfish,38.95700387019114,No,,,,,NRL_nr,,1.0,64.72052372715973,155.88997827694064,-283.15138830216165,2645.555667278521,1304.4150942827814,57.029614514398496,L,32.832486205709685,21.81057170168663,39.67244678194855,40.727019233435215,0
4,119,No,11,4.0,1,3,8,10,BicolorDamselfish,40.54766611645599,No,,,,,NRL_nr,,1.0,148.74674090931777,459.85561885878406,-416.9207356039991,2565.5842274442216,1394.5905620280175,38.65211285678742,L,30.158984133810705,22.453925190937756,144.38117188270746,39.26665902745573,0
4,119,No,11,4.0,1,3,8,11,BicolorDamselfish,44.35762018276195,No,,,,,NRL_nr,,2.0,240.10089448049052,800.806151879368,-1206.164459567632,2736.250669051408,2244.957596632995,9.104225402048344,R,13.402280525823135,9.236431574967805,27.43237684312158,39.76507005919888,0
4,120,No,10,0.5,1,3,9,1,BicolorDamselfish,52.93985746402774,No,,,,,NRL_nr,,1.0,4.061086519834932,736.146714822805,-487.3499116312678,2591.4174397108636,1649.0751606576853,162.07339134726377,L,53.45787992717685,50.303027745396854,124.80613082633003,48.33259753808205,0
4,120,No,10,0.5,1,3,9,2,BicolorDamselfish,42.161092484865264,No,,,,,NRL_nr,,1.0,146.7196981274674,706.25741199347,-525.0350974160417,2640.679423575469,1755.0354457138965,110.57517434223932,L,42.29850499854469,36.20463369769612,61.042928966646095,43.03444865279455,0
4,120,No,10,0.5,1,3,9,3,BicolorDamselfish,42.43985415535591,No,,,,,NRL_nr,,1.0,373.84493263812686,99.18140306785575,-207.40853815267977,2642.061749240405,1129.3568480613665,20.159672657436783,L,24.046918411197808,0.0,161.66997376792222,26.45894734632054,0
4,120,No,10,0.5,1,3,9,4,BicolorDamselfish,49.780653519573335,No,,,,,NRL_nr,,1.0,192.68723727940989,158.74574232644378,-143.31323144923306,2556.0598935729795,1032.8063206900931,26.036337258660197,L,22.696552248793132,13.852721392993027,57.84509429270957,35.96592319951241,0
4,120,No,10,0.5,1,3,9,5,BicolorDamselfish,48.776181981780866,No,,,,,NRL_nr,,1.0,7.440156182577412,662.947201839137,-514.6781490534923,2646.129097463449,1653.6509184354063,352.19560346442995,L,63.74631482457559,39.21890959339862,54.25502843752541,46.384558579223246,0
4,120,No,10,0.5,1,3,9,9,BrownChromis,64.98470410566073,No,,,,,NRL_nr,,1.0,883.1733224295131,367.062788005526,-367.06182746239887,2570.728044066423,1328.587931562302,10.671140283908525,R,18.54344245328692,7.665741631193116,51.065272274783005,22.892944980450583,0
4,120,No,10,0.5,1,3,9,10,BrownChromis,54.421205019865425,No,,,,,NRL_nr,,1.0,691.9081412748452,808.7882192933679,-263.0449805395336,2422.7321855670525,1568.135459108624,11.004430476863616,L,21.510400204884327,21.510400204884327,133.01887190779738,49.48765714305613,0
4,121,No,10,2.0,1,3,10,1,BrownChromis,46.55614913724473,No,,,,,NRL_nr,,1.0,262.56018927299425,563.2753944582706,-331.35997880046835,2495.9743126919607,1352.1871964957866,59.776778862979185,R,58.196186339603365,25.33802084568054,21.481479331401335,41.02909772770118,0
4,121,No,10,2.0,1,3,10,2,BicolorDamselfish,53.77931309144759,No,,,,,NRL_nr,,1.0,207.96819329336685,1042.435177999077,-424.52763392118055,2611.5189448256065,1872.2896392861417,21.43556345381563,R,30.714098173934868,30.714098173934868,35.80972893322219,54.95688443336002,0
4,121,No,10,2.0,1,3,10,3,BicolorDamselfish,42.899481779371506,No,,,,,NRL_nr,,1.0,303.9838613767296,504.9597906794943,-475.33169377734725,2598.861726670461,1647.1076674667204,74.54401517466107,L,42.06739160896909,38.40152987624517,42.43914760969971,34.329917576898666,0
4,121,No,10,2.0,1,3,10,4,BrownChromis,56.226319373219894,No,,,,,NRL_nr,,1.0,385.0923819427484,398.0888088460102,-87.29289644490454,2457.9602922245977,967.3884448361986,28.674739375471763,R,36.28734224178131,3.401378180810208,54.37331001201487,40.63502971825636,0
4,121,No,10,2.0,1,3,10,5,BrownChromis,71.1479787133075,No,,,,,NRL_nr,,1.0,7.880598821617187,368.35227160143575,-71.24026726661005,2514.2696632085526,1130.6542092854802,34.990666785333396,R,43.52165121498667,7.610260548399136,38.51282277582192,52.24775739435852,0
4,121,No,10,2.0,1,3,10,6,BicolorDamselfish,37.17803996820174,No,,,,,NRL_nr,,1.0,104.00903955757992,586.7546556082716,-495.3382982215225,2607.7181260028938,1614.3649704933557,115.26569242034294,L,65.26113154415195,26.038041597022687,106.8243939974916,41.79642090267806,0
4,121,No,10,2.0,1,3,10,7,BicolorDamselfish,45.45452432588067,No,,,,,NRL_nr,,1.0,278.90761963814725,686.5346734567435,-491.7818527543628,2598.128297605316,1640.8368604763878,102.33722863241296,L,57.36057595293111,48.866390608208405,86.23239599424343,41.24043139987274,0
4,121,No,10,2.0,1,3,10,9,BicolorDamselfish,41.193447060007195,No,,,,,NRL_nr,,1.0,326.92260483145236,138.61395406831116,-275.7657673863893,2643.1165302018144,1324.7977399291506,18.207844334823733,R,28.029595182347776,15.15762241040375,77.04837298014722,28.80495747307165,0
4,121,No,10,2.0,1,3,10,10,BicolorDamselfish,44.04930623783753,No,,,,,NRL_nr,,1.0,132.91871182436,683.6642079599194,-482.4238327507952,2591.504485048922,1615.8705880176424,131.67362913033884,R,69.43759768475168,37.950056051025925,66.84684607195285,44.36651599935639,0
4,122,Yes,11,8.0,1,3,11,2,BrownChromis,68.4655062195682,Yes,2144.0,2388.0,0.0,1.0,FR,1049.516089030012,1.0,469.7310163207471,121.26289663331636,-36.22436643357552,2528.0802011335695,804.9220254856408,20.5136701655621,L,33.843662733561175,2.422484825515842,96.95756435342795,25.301249134743056,1
4,123,No,14,1.0,1,3,12,1,BicolorDamselfish,47.98089932750088,No,,,,,NRL_nr,,1.0,336.05541703918834,362.43495797628515,-414.9013110064784,2602.936514394759,1579.3927881774734,87.76177855370793,L,44.770007572771554,39.72345387030471,47.73279784880385,31.44589314054846,0
4,123,No,14,1.0,1,3,12,2,BicolorDamselfish,36.05543299909489,No,,,,,NRL_nr,,1.0,157.86874381673078,151.58591701759605,-284.5041114197093,2640.2699940290613,1280.3874172511755,152.3903788844825,L,61.812648209764795,35.406537096273574,60.31884394375017,34.82549289182872,0
4,123,No,14,1.0,1,3,12,4,BicolorDamselfish,33.5030665065588,No,,,,,NRL_nr,,1.0,103.33658949200527,374.71042226614344,-422.1478393643568,2601.027930642387,1447.3878313355765,651.7175467859108,R,75.28995965002201,28.300403222979178,19.76563611563259,38.02929245431488,0
4,123,No,14,1.0,1,3,12,5,BicolorDamselfish,19.863035359937623,No,,,,,NRL_nr,,1.0,77.60562613592298,402.9433401073959,-438.81447086043096,2596.638289077598,1475.321291791173,474.9880300996976,L,79.00182431826545,20.14662542468799,40.22170908237351,39.59177210100769,0
4,123,No,14,1.0,1,3,12,7,BicolorDamselfish,34.869133918616875,No,,,,,NRL_nr,,1.0,148.43191710417275,319.17425973788875,-19.614229435273387,2487.005089802265,931.0334326063966,128.13722609537393,L,56.19491705668134,12.6771607760366,131.89951786214883,54.167419352391605,0
4,123,No,14,1.0,1,3,12,8,BicolorDamselfish,33.758757942235476,No,,,,,NRL_nr,,1.0,13.750078355997402,327.55193257114655,-38.02273466499774,2472.5596191850395,1057.873841411019,113.3466773759968,R,62.4744753244035,45.336393348768766,25.315696579026103,52.17821714601593,0
4,123,No,14,1.0,1,3,12,9,BicolorDamselfish,21.5206311542538,No,,,,,NRL_nr,,1.0,65.66684985116862,268.1701626121817,-304.26985011455395,2582.212503473971,1253.513344449582,161.73651701852864,R,62.18104386587363,35.76841761442267,34.514876881322856,39.83026442191629,0
4,123,No,14,1.0,1,3,12,10,BicolorDamselfish,44.17994683465075,No,,,,,NRL_nr,,1.0,194.20310305972413,187.8168523402199,-164.4108463940098,2554.266901339825,1052.7866280979415,97.2959923707627,L,54.95508412888064,20.427115729152284,163.40979767038837,36.5097258809729,0
4,123,No,14,1.0,1,3,12,11,BicolorDamselfish,31.03731675060544,No,,,,,NRL_nr,,1.0,288.9533823689656,195.98104892265863,-314.41014318280844,2630.5280336676287,1306.9695291627231,132.07272900856535,L,60.79872584672229,48.44651100619216,52.19871826122861,28.762086305230618,0
4,123,No,14,1.0,1,3,12,12,BrownChromis,38.93946704001456,No,,,,,NRL_nr,,1.0,478.7740426805954,370.23865375799426,-419.5080371915834,2601.7231992299935,1508.0988178245286,62.35704243079407,L,45.75400721385627,36.26122251596162,102.154131493971,23.57831272148128,0
4,123,No,14,1.0,1,3,12,14,BicolorDamselfish,86.31591562491501,No,,,,,NRL_nr,,2.0,414.40205414167184,629.748869550866,-1105.2610380979038,2663.414997884715,1757.2357020076315,27.15590995251959,L,24.938492218052843,24.938492218052843,87.17113440228327,34.507601699014394,0
4,124,No,12,6.0,1,3,13,1,BicolorDamselfish,38.02891112939749,No,,,,,NRL_nr,,1.0,97.62775562545092,284.4661643217694,-90.95047730470615,2493.85514823948,1046.7123164865384,42.97205394760931,L,61.570386816900715,25.463492290529476,153.23816628263566,45.199857690169466,0
4,124,No,12,6.0,1,3,13,2,BicolorDamselfish,36.23720136312428,No,,,,,NRL_nr,,1.0,91.74542388560825,160.24837115754156,-290.3394275352147,2638.3691260455053,1280.8179101602775,49.23458696074575,R,59.7428638853989,14.639528338057778,54.12475606401615,37.777521265896205,0
4,124,No,12,6.0,1,3,13,4,BicolorDamselfish,41.61508665449738,No,,,,,NRL_nr,,1.0,222.409533362251,340.3453545397062,-401.8612390436032,2606.370996156089,1474.9788314970222,76.52953553889583,R,63.75679296022329,30.243440107483252,88.91205910453668,33.71337248794106,0
4,124,No,12,6.0,1,3,13,5,BrownChromis,62.13476079900577,No,,,,,NRL_nr,,1.0,595.8949516101345,334.3245923926972,-384.1054358173129,2588.218741100725,1382.27864448616,28.537152357962196,L,43.54124252100255,32.22023550338176,32.36088430104894,18.455480600991503,0
4,124,No,12,6.0,1,3,13,6,BrownChromis,39.51048526562044,No,,,,,NRL_nr,,1.0,458.0356929718789,368.35645022470305,-47.807256745374914,2457.972499465209,902.6351255746793,44.067460882086955,R,54.676842038016225,14.76101018091551,109.9621706305998,38.815493659567906,0
4,124,No,12,6.0,1,3,13,8,BicolorDamselfish,18.090697582422475,No,,,,,NRL_nr,,1.0,79.34991830598199,506.627796011719,-475.7396793265825,2599.042331178136,1552.419780834294,50.221564081304344,L,51.0603182427118,45.98227953429088,136.83693020854423,41.02745477352996,0
4,124,No,12,6.0,1,3,13,9,BicolorDamselfish,61.977781129744166,No,,,,,NRL_nr,,1.0,397.8777363493223,395.6833244095011,-434.5286932807673,2597.767073103666,1629.8388648475334,54.92394931345697,R,48.20764941334043,40.30645289232124,100.50815949991504,29.622987910098896,0
4,124,No,12,6.0,1,3,13,11,BrownChromis,55.00316864872988,No,,,,,NRL_nr,,1.0,514.3982587473428,186.4326027995728,-31.880405732180176,2507.9534311766847,590.6066960026591,24.269614646416407,R,42.39606989205218,6.366985461991744,135.9884133231825,42.14329786838267,0
4,124,No,12,6.0,1,3,13,12,BrownChromis,86.7602774956757,No,,,,,NRL_nr,,1.0,422.2869125007474,506.36299362147093,-251.39315292862256,2479.944461827841,1197.0966745057178,42.28968195478557,R,49.17857463571549,30.94295441898652,80.13455200341137,37.146647010098,0
4,125,No,17,0.5,1,3,14,1,BicolorDamselfish,40.94531348778141,No,,,,,NRL_nr,,1.0,214.97207640012095,304.46185518225576,-275.2559227185623,2557.0045585073995,1181.1479457988848,78.04766166358087,R,75.48089023670141,29.914903717171786,13.50636640906173,36.13789764638476,0
4,125,No,17,0.5,1,3,14,2,BicolorDamselfish,38.6608803362597,No,,,,,NRL_nr,,1.0,284.39515080388514,482.90478722354055,-469.93715304985295,2596.4737049033956,1661.111499357112,74.62633373505506,R,69.27666778888309,55.068360563138846,85.56448173893934,34.7304536051582,0
4,125,No,17,0.5,1,3,14,3,BicolorDamselfish,51.7862865717878,No,,,,,NRL_nr,,1.0,321.98134167931573,184.30425704135797,-80.1446951649477,2523.4980318925127,934.65663648469,48.1569385188607,R,57.03469149621764,9.828504473080812,71.01421161857068,32.581722239209846,0
4,125,No,17,0.5,1,3,14,4,BicolorDamselfish,50.82474238251495,No,,,,,NRL_nr,,2.0,303.27090471027407,819.0206617614908,-1234.305259588118,2753.518121308569,2350.3768673278314,13.189907797332625,R,29.629802296373597,29.629802296373597,20.18432708049046,42.095967076192395,0
4,125,No,17,0.5,1,3,14,5,BicolorDamselfish,25.736358050944975,No,,,,,NRL_nr,,1.0,50.38442701477265,702.7712018956923,-523.715350406557,2620.279903126503,1686.339472593255,67.53635381045663,R,55.09227548972272,43.37742780022714,73.172547427525,45.48098729025568,0
4,125,No,17,0.5,1,3,14,7,BicolorDamselfish,44.881833273125174,No,,,,,NRL_nr,,2.0,281.19259619811083,516.8759291702702,-1099.826229496514,2703.479405069588,1777.8713319192611,54.578946003727374,R,57.79563924273837,57.79563924273837,128.30939998610177,29.7065338634134,0
4,125,No,17,0.5,1,3,14,8,BicolorDamselfish,183.817182845322,No,,,,,NRL_nr,,1.0,65.22666487356157,632.5836456301497,-396.5778782249608,2532.476039396722,1499.697689290267,80.364433141722,R,49.768871692662216,41.29022846001692,73.17676300597941,46.456989920000375,0
4,125,No,17,0.5,1,3,14,12,BrownChromis,51.59923436293912,No,,,,,NRL_nr,,1.0,839.5623099328373,258.0958644294824,-279.56389544664216,2574.256763112613,1182.0354077837392,21.54246391089664,R,36.02996687265903,12.77149510475636,68.59725686548431,17.051841860099056,0
4,125,No,17,0.5,1,3,14,15,BicolorDamselfish,49.189511610337824,No,,,,,NRL_nr,,1.0,658.9229409636233,701.1601472126032,-193.12968379516747,2392.233304803474,1408.4849081229868,25.23841081668082,L,33.45824217901145,26.361674891473086,143.60550040981516,46.94033984738975,0
4,125,No,17,0.5,1,3,14,16,BicolorDamselfish,37.053801166261735,No,,,,,NRL_nr,,1.0,185.9630653504992,263.59947186582895,-356.5561326936846,2618.3034120121456,1371.9059029504326,56.10052195563458,R,59.9477765764458,18.86151171051163,75.81026303668737,33.807971182869686,0
4,125,No,17,0.5,1,3,14,17,BicolorDamselfish,33.75449121887832,No,,,,,NRL_nr,,1.0,269.62614214380073,500.4903059697407,-394.30240811436295,2543.2122286330564,1372.9578376804102,85.47011853954076,R,92.3662928044359,69.04882654889448,94.78484326345554,37.49872111413554,0
4,126,No,14,6.0,1,3,15,2,BrownChromis,53.19922631702773,No,,,,,NRL_nr,,1.0,823.2297174427086,189.34216709286915,-185.2737555243688,2561.663904298567,1067.5169631640997,23.059281368546316,R,33.65712098858705,26.55850520428887,105.66582977047956,15.637161002091831,0
4,126,No,14,6.0,1,3,15,3,BicolorDamselfish,50.00086957428013,No,,,,,NRL_nr,,1.0,309.1461748993878,514.3931577948108,-477.6390469909893,2599.883131452967,1575.2489207340311,66.82039988568354,R,39.42350560471557,30.456227531759925,123.80682245131212,35.39588600707787,0
4,126,No,14,6.0,1,3,15,4,BrownChromis,55.3827859515078,No,,,,,NRL_nr,,1.0,672.1127894566918,556.7167764578636,-170.87303074023822,2432.4507538376656,1155.0618098809268,28.081402028110112,L,33.890387348577605,19.087245710828487,152.90637047566506,37.10170679770596,0
4,126,No,14,6.0,1,3,15,5,BicolorDamselfish,54.64775081618501,No,,,,,NRL_nr,,1.0,314.8909007193573,144.48583114083672,-134.05412837091083,2559.226052174396,1010.1144443874392,65.60613693439196,R,38.0291879452946,32.22206161400962,149.10662983469524,28.816636099504255,0
4,126,No,14,6.0,1,3,15,6,BicolorDamselfish,42.70683453803811,No,,,,,NRL_nr,,1.0,235.19424922625163,271.97611876996785,-355.2345869371398,2608.5782102179815,1279.8813062552267,313.63247099766113,L,56.66640492698308,48.17109703605448,64.21550317407485,31.770386489171777,0
4,126,No,14,6.0,1,3,15,8,BicolorDamselfish,49.35846087765392,No,,,,,NRL_nr,,1.0,339.331794111605,758.6396408604115,-537.3804840338813,2626.3290995642265,1765.4415267154711,50.91510080794028,R,30.182170052749736,22.566919267084707,53.36712555832089,40.2069155764002,0
4,126,No,14,6.0,1,3,15,9,BicolorDamselfish,29.478037618795533,No,,,,,NRL_nr,,1.0,285.2224068971678,832.9671713069923,-337.64079020964584,2475.4417654624335,1612.741952336129,30.73891583561591,R,38.09670396283855,25.05601001367763,56.10757899954772,49.70081713686523,0
4,126,No,14,6.0,1,3,15,10,BicolorDamselfish,36.61770033273375,No,,,,,NRL_nr,,1.0,99.08428215127296,110.03389530388422,-45.94487097778903,2535.5485969280876,964.2211748968972,49.265470062462775,R,42.74441232005341,8.593483574773536,103.84296189813703,42.612253351228986,0
4,126,No,14,6.0,1,3,15,11,BicolorDamselfish,20.468516930953157,No,,,,,NRL_nr,,1.0,131.4967339467312,436.32151646309177,-458.51848333478176,2591.4486649972364,1496.318655849925,75.03533697879162,R,37.30960227115406,12.80384747995725,8.983756595410025,37.32953625987075,0
4,126,No,14,6.0,1,3,15,12,BicolorDamselfish,24.27531777768026,No,,,,,NRL_nr,,1.0,176.21867941545514,270.1725280011261,-346.8212599252414,2604.9148885844975,1269.5799549947292,315.65325214129496,R,70.1511800828985,24.942871478663875,118.32773822361489,34.509881929119295,0
4,126,No,14,6.0,1,3,15,13,BicolorDamselfish,85.46123385161208,No,,,,,NRL_nr,,2.0,165.03159664997534,829.5958880784476,-1222.0342276454714,2789.4784833212575,2459.351425735342,9.120356898829394,L,14.331300516927852,14.331300516927852,78.82047563815573,38.954811067271955,0
4,127,No,9,4.0,1,3,16,1,BicolorDamselfish,28.139082102244064,No,,,,,NRL_nr,,1.0,457.732456880244,409.9996839691069,-442.9800156161659,2595.5411718584364,1600.0938610169949,76.77775335960762,R,30.318356954964145,0.0,6.061528706603481,25.85875015840021,0
4,127,No,9,4.0,1,3,16,2,BicolorDamselfish,34.301815097935105,No,,,,,NRL_nr,,2.0,198.26675518815523,500.8327651495129,-1199.0043887324507,2660.54995161786,1953.0988971222596,19.751828643673697,R,22.96611462408609,22.96611462408609,98.93391684017352,27.323354342458423,0
4,127,No,9,4.0,1,3,16,5,BicolorDamselfish,32.359619094598976,No,,,,,NRL_nr,,1.0,197.27892630343692,516.7206573263952,-416.3867046824131,2555.0468439711876,1462.7462961029091,37.66371549021991,R,40.250804560843065,33.81639378826418,31.195550206191225,39.82069840920643,0
4,127,No,9,4.0,1,3,16,6,BicolorDamselfish,27.051704324228,No,,,,,NRL_nr,,1.0,343.77574084001884,354.2635269196554,-410.07750104881865,2604.2070048772403,1438.2761189179655,134.66287815596823,R,47.49847453785264,12.051020965881884,73.15727681835311,28.17650544465058,0
4,127,No,9,4.0,1,3,16,8,BicolorDamselfish,29.69578692866296,No,,,,,NRL_nr,,1.0,327.2131353807523,322.0410756521675,-90.54979023368035,2481.0458473005883,955.8271381863548,18.656863027520703,R,23.032739872930804,3.1742292665180027,73.25645194777603,38.75233690042428,0
4,127,No,9,4.0,1,3,16,9,BicolorDamselfish,107.47874145284212,No,,,,,NRL_nr,,1.0,388.3000364783247,436.2399811694847,-458.4490897184296,2591.4327648901,1487.6014565368157,133.98597037702683,R,34.41664747084932,22.719843823454443,56.98721136698683,28.019388999937306,0
4,128,No,10,2.0,1,3,17,2,BrownChromis,46.892301926458195,No,,,,,NRL_nr,,1.0,886.2989572120315,134.1262877656619,-151.8425364087715,2575.2820821282317,1110.8714192341645,13.939856142468926,R,17.847623251871607,9.173602178416814,31.19246026610914,6.278280615834058,0
4,128,No,10,2.0,1,3,17,3,BicolorDamselfish,48.83156553202642,No,,,,,NRL_nr,,1.0,277.6776214669163,436.39278743217955,-458.5605564561231,2591.4375838185206,1442.680609480919,173.17904097946206,R,44.600121730053786,40.92448341724866,92.90644986943003,33.31096865935447,0
4,128,No,10,2.0,1,3,17,4,BicolorDamselfish,45.12714220386383,No,,,,,NRL_nr,,1.0,316.4213009745544,435.11041352558254,-431.459156866031,2579.5541130633023,1373.7710687616163,205.62028833671425,R,51.836975620724466,15.690185455589347,41.79994576198239,33.533109732870116,0
4,128,No,10,2.0,1,3,17,5,BicolorDamselfish,39.1546005940846,No,,,,,NRL_nr,,1.0,390.1366021468239,413.0787060164939,-343.10579476145654,2546.1435956684873,1253.068559445382,102.26176988299324,L,50.8816591499061,16.41063783829633,65.26510485873405,32.42398523270131,0
4,128,No,10,2.0,1,3,17,6,BicolorDamselfish,48.05493221091211,No,,,,,NRL_nr,,1.0,371.8245405766299,94.96525656215005,-24.497978352981097,2533.2210230549595,707.9433404955906,26.54377043732192,R,26.940047791592768,9.553471992103454,87.48146052668432,34.980170435433344,0
4,128,No,10,2.0,1,3,17,7,BrownChromis,51.2995677233685,No,,,,,NRL_nr,,1.0,758.030845131922,70.67977290417227,-22.537870982987293,2539.929818213873,359.83387341881473,35.70792407668623,R,31.206937481971057,16.97512735641681,133.65845039131898,25.34725964425975,0
4,128,No,10,2.0,1,3,17,9,BrownChromis,50.18638540248973,No,,,,,NRL_nr,,1.0,538.7896542137332,590.9413852876868,-303.62465638394406,2475.159119455977,1371.8168908057123,39.191152005305945,R,35.3144334400002,23.324843311859837,89.61082736230999,37.24669802961183,0
4,128,No,10,2.0,1,3,17,10,BicolorDamselfish,20.857507129421332,No,,,,,NRL_nr,,1.0,182.46096537527868,546.567849901639,-486.3540099247907,2639.600761569207,1669.939769299813,29.23298735651364,R,27.569577811822803,27.569577811822803,55.659161032745104,39.46497969483336,0
4,130,No,13,0.5,1,3,19,1,BicolorDamselfish,45.160032950819215,No,,,,,NRL_nr,,1.0,370.1553885724023,593.6146866029804,-497.0162266184387,2608.460900918836,1667.8124056536922,23.072237603553617,L,32.22146187754972,27.459316034345616,146.02306397598903,35.51487418310767,0
4,130,No,13,0.5,1,3,19,2,BicolorDamselfish,71.61494246498756,No,,,,,NRL_nr,,1.0,584.246469816344,286.106078682035,-367.51856614865613,2611.6806657269008,1454.648578935346,26.06159653790295,R,28.432097450211945,5.885462201964602,45.00495707692818,18.129964260474555,0
4,130,No,13,0.5,1,3,19,8,BicolorDamselfish,44.068233615090435,No,,,,,NRL_nr,,1.0,227.28856855826535,70.67977290417227,-22.537870982987293,2539.929818213873,780.3987942483502,17.520336774101363,R,32.886625458326165,9.134864281354512,31.053093983792724,42.21879249638163,0
4,130,No,13,0.5,1,3,19,9,BicolorDamselfish,39.99251735829112,No,,,,,NRL_nr,,1.0,482.84053825159606,68.63303783419859,-154.45224818381445,2641.244611286275,1248.2479518462771,14.18833431674994,R,30.661205089770014,7.000794951866844,74.09872847940082,32.7540114910688,0
4,130,No,13,0.5,1,3,19,10,BrownChromis,45.22331229368709,No,,,,,NRL_nr,,1.0,591.6309783551269,70.67977290417224,-22.537870982987272,2539.929818213873,804.977984120207,16.824157993660037,R,28.89138090729189,25.41576533056398,163.80018020415065,10.736307961961897,0
4,130,No,13,0.5,1,3,19,11,BrownChromis,59.88338142546785,No,,,,,NRL_nr,,1.0,480.96357476333026,681.2616617642099,-187.74566417587064,2396.894729714755,1196.185429846222,16.76246913441611,L,24.081651643079475,10.490039282408244,130.27609488838957,46.740465424783046,0
4,130,No,13,0.5,1,3,19,12,BicolorDamselfish,31.25529411016595,No,,,,,NRL_nr,,1.0,16.74721104895865,579.745435696883,-462.17680173671454,2663.6839604387233,1572.0140470630884,21.808136084589304,L,34.344393640675634,20.073012877498677,142.51987626915405,46.48819631757614,0
4,130,No,13,0.5,1,3,19,13,BicolorDamselfish,53.586375606344205,No,,,,,NRL_nr,,1.0,471.9867332597976,379.26517402188745,-424.83662872349856,2600.319759856189,1636.9182931830958,26.915370672035607,L,33.598191906799876,16.862094604403058,151.99523272958794,26.5415177625626,0
4,132,No,9,6.0,1,3,20,1,BicolorDamselfish,41.62711283565685,No,,,,,NRL_nr,,1.0,341.9877735421643,283.41334632805814,-368.2527821873099,2615.2227595840836,1533.8767267700496,25.37740254261676,R,30.20426825289955,25.17071940472317,104.52059593645988,31.068606986015944,0
4,132,No,9,6.0,1,3,20,3,BicolorDamselfish,42.212361599525906,No,,,,,NRL_nr,,1.0,74.97211227919396,275.651798257319,-356.9366332078055,2607.3779421334652,1306.9792882739366,43.22838867529833,R,39.302099136739656,16.31518296274577,100.106606229632,38.562379474825995,0
4,132,No,9,6.0,1,3,20,4,BicolorDamselfish,47.27364510326392,No,,,,,NRL_nr,,1.0,32.48975401505147,126.06897808110244,-152.63208940225047,2580.589147577896,1104.27390406378,32.02841945233292,R,31.91785782571221,8.090525895287513,103.15542495343855,42.85192239150635,0
4,132,No,9,6.0,1,3,20,5,BicolorDamselfish,47.2645729195761,No,,,,,NRL_nr,,1.0,89.07121798795735,726.4197030292302,-528.096783535766,2724.582876713495,1781.8521073384768,16.455484005459855,R,18.868807050848527,17.13604617346167,47.37775151233186,46.28880628005125,0
4,132,No,9,6.0,1,3,20,8,BrownChromis,50.80543561402804,No,,,,,NRL_nr,,1.0,531.649240701949,475.6664288917904,-468.1666877266982,2595.689966315979,1602.674619032182,15.92608031048228,R,21.49763754643429,17.497837570818447,117.15318944935368,30.2278139657676,0
4,132,No,9,6.0,1,3,20,9,BrownChromis,56.601269219576096,No,,,,,NRL_nr,,1.0,513.2920481662615,183.15056047699977,-176.7824673934089,2560.52985578967,1022.5150969134564,18.878831384654028,R,24.20317019772573,24.20317019772573,150.37870616279545,20.840336504969017,0
4,133,No,14,4.0,1,3,21,5,BrownChromis,48.36236801138371,No,,,,,NRL_nr,,1.0,345.9718058752323,164.96673774837797,-30.147872796756527,2513.8833147880428,830.2295362056511,45.22877661473125,R,47.30862232720011,35.145911275085595,138.54508078718766,33.964933283237784,0
4,133,No,14,4.0,1,3,21,6,BicolorDamselfish,32.92599199844834,No,,,,,NRL_nr,,1.0,307.34795481303337,138.61395406831116,-275.7657673863893,2643.1165302018144,1200.2664541888428,34.02089477091227,R,36.34656850008305,36.34656850008305,149.34420637611734,28.179902165669596,0
4,133,No,14,4.0,1,3,21,7,BicolorDamselfish,25.418467784622088,No,,,,,NRL_nr,,1.0,82.3876861585106,609.8044750267488,-379.0014102220184,2521.2541619166673,1469.638887500009,33.184474510340245,R,38.19638210285325,17.83281562500805,119.83740170008332,45.8535299110626,0
4,133,No,14,4.0,1,3,21,8,BicolorDamselfish,51.062141210575106,No,,,,,NRL_nr,,1.0,226.89098480495173,70.67977290417227,-22.537870982987293,2539.929818213873,905.6533215750316,81.73911900358905,R,55.8546558586662,54.00787611797039,144.67207885728536,36.77623387801103,0
4,133,No,14,4.0,1,3,21,10,BicolorDamselfish,43.24742207011011,No,,,,,NRL_nr,,1.0,199.09089546405943,766.9547681659712,-528.7272500344286,2619.4350372428717,1713.4613709632092,31.47617563674979,L,27.110632107810684,27.110632107810684,116.2479347685377,44.07164681813237,0
4,133,No,14,4.0,1,3,21,12,BicolorDamselfish,40.975981078364455,No,,,,,NRL_nr,,1.0,125.10999348734308,70.67977290417224,-22.537870982987272,2539.929818213873,870.8846974853046,81.13992625425259,L,59.01081121197601,29.885155016190925,159.1438616209473,44.829710844234256,0
4,135,No,11,2.0,1,3,23,3,BicolorDamselfish,64.70250481334239,No,,,,,NRL_nr,,1.0,96.29250916031933,470.5526253601953,-466.91587761103955,2595.1362654666304,1521.3815999872313,47.08193783318782,R,48.0876634804668,36.91285928665181,42.65679451830097,39.758084222349424,0
4,135,No,11,2.0,1,3,23,4,BicolorDamselfish,38.9586352974586,No,,,,,NRL_nr,,1.0,358.24885148495656,439.93373036316706,-459.4266529359125,2591.820982026189,1499.0012203642204,47.20929733027118,R,50.95800579884052,17.923138984217314,32.434376671495144,33.25105435413575,0
4,135,No,11,2.0,1,3,23,5,BicolorDamselfish,42.84635859163399,No,,,,,NRL_nr,,1.0,201.39553113626556,685.9882829450705,-454.21221384409034,2570.7659883247634,1594.3251076732813,42.98083689421183,R,48.51766201572253,46.54480626609407,13.92017282116009,43.50412905911744,0
4,135,No,11,2.0,1,3,23,7,BicolorDamselfish,45.966766942921616,No,,,,,NRL_nr,,1.0,307.90000394963226,70.67977290417227,-22.537870982987293,2539.929818213873,746.5960224910833,28.794272040463852,R,38.01821026384884,13.588619728695512,126.367768522133,41.49255449578588,0
4,135,No,11,2.0,1,3,23,8,BrownChromis,51.98541097643413,No,,,,,NRL_nr,,1.0,564.7165401701022,113.39399500405554,-25.98538155023226,2528.130136952581,742.0570043106816,27.15052485411762,R,38.81381718553703,7.794573824709698,21.55162573597295,22.165004768852953,0
4,135,No,11,2.0,1,3,23,9,BicolorDamselfish,44.88008017460662,No,,,,,NRL_nr,,1.0,408.80585023919144,132.0017024172489,-262.531303851556,2641.613651756324,1167.550282328939,49.94159282003933,R,38.54601747564748,13.999140018086662,46.07516965461637,23.66245811257491,0
4,135,No,11,2.0,1,3,23,10,BrownChromis,52.75689182832309,No,,,,,NRL_nr,,1.0,515.888910678085,461.1284559922976,-291.9304779063185,2510.55300546289,1208.758644428779,34.285867694810044,R,41.930578929663,25.781704649555984,32.687977148304256,32.242602637783946,0
4,135,No,11,2.0,1,3,23,11,BicolorDamselfish,46.872129614824765,No,,,,,NRL_nr,,1.0,375.0530814985945,68.63303783419859,-154.45224818381445,2641.244611286275,1068.5158346026512,61.28233233551343,L,37.48202802812206,13.116833892048582,97.15563587931106,29.625106004848103,0
4,136,No,13,1.0,1,3,24,1,BrownChromis,57.41329064814639,No,,,,,NRL_nr,,1.0,292.28297185745726,434.02925740644383,-57.30912291263424,2440.759670695023,990.5068663784238,37.548523886308224,L,54.52214538582734,34.07854957967329,138.4533950225926,45.70341216148726,0
4,136,No,13,1.0,1,3,24,2,BrownChromis,55.09226813333549,No,,,,,NRL_nr,,1.0,667.2542072550539,414.8858416467143,-50.31911107030244,2444.8438796272612,796.0436069466442,23.569363029768237,R,38.54689028540644,8.648365808872818,97.97411668862074,44.484699751519855,0
4,136,No,13,1.0,1,3,24,3,BicolorDamselfish,28.146313807894742,No,,,,,NRL_nr,,1.0,243.3925995932349,70.67977290417224,-22.537870982987272,2539.929818213873,807.6436070506685,38.75292719043301,R,42.8823505964299,34.163336507553964,148.28634042132634,37.14171687559258,0
4,136,No,13,1.0,1,3,24,4,BicolorDamselfish,40.62247043894673,No,,,,,NRL_nr,,1.0,141.76541564604997,380.48215484844815,-425.5550444072094,2600.130544216139,1461.6964162040365,48.525557150282495,L,37.74404163509416,15.320471070596836,133.56689491908665,36.594666532060685,0
4,136,No,13,1.0,1,3,24,5,BicolorDamselfish,38.48276749908005,No,,,,,NRL_nr,,1.0,325.25596891972015,436.39278743217955,-458.5605564561231,2591.4375838185206,1494.6135011999877,50.34005405807599,L,37.5388349189241,14.273832409776304,132.24258453546716,31.72510227604208,0
4,136,No,13,1.0,1,3,24,7,BrownChromis,44.224052659320726,No,,,,,NRL_nr,,1.0,612.5547497478261,176.0132686884942,-166.9942484688405,2559.222596525237,1017.2189474122938,29.22357379160413,R,44.9161688663487,40.617360288689795,134.1737446040108,16.781708796489756,0
4,136,No,13,1.0,1,3,24,8,BicolorDamselfish,48.41089129871345,No,,,,,NRL_nr,,1.0,367.2209624388289,121.97133445565088,-246.91540556478384,2642.671356915531,1210.9607002959658,29.83984974843223,R,41.38022736890971,41.38022736890971,130.06342861437875,27.714640685612395,0
4,136,No,13,1.0,1,3,24,11,BicolorDamselfish,54.98237170076575,No,,,,,NRL_nr,,1.0,164.95181370792122,710.7361019941496,-526.4984567597737,2656.936109879245,1776.0180250337478,39.8435937920801,R,44.91874931678697,19.804614834783298,66.0056279407479,42.75717919801098,0
4,136,No,13,1.0,1,3,24,13,BicolorDamselfish,48.82207907474937,No,,,,,NRL_nr,,1.0,100.45544898135608,155.417133813313,-118.80051757085052,2547.8864064658183,1038.35581973366,51.32542718616784,R,51.001044826290695,30.347420600814775,145.3859236636262,41.22375933392742,0
4,137,No,15,0.5,1,3,25,2,BrownChromis,57.9735285286484,No,,,,,NRL_nr,,1.0,617.9748594036118,70.67977290417227,-22.537870982987293,2539.929818213873,539.8686918931046,14.603632762360686,L,31.94689786317089,16.528022162749487,44.22167401193555,33.085110599338826,0
4,137,No,15,0.5,1,3,25,3,BrownChromis,52.1263608200699,No,,,,,NRL_nr,,1.0,559.0422654938368,575.3533248361849,-159.0895855337835,2421.70484711535,1125.57560344366,17.734834670852692,L,31.66232988531626,20.934341482640683,160.44963117864432,41.03663489598888,0
4,137,No,15,0.5,1,3,25,9,BicolorDamselfish,42.54673554153492,No,,,,,NRL_nr,,1.0,125.4971066687764,157.816972575254,-57.11863391496018,2523.689414744922,971.3747079548642,23.01937182080412,R,40.58789450256723,24.79145601820582,106.22628221505884,41.97880983659266,0
4,137,No,15,0.5,1,3,25,10,BicolorDamselfish,36.5759859499916,No,,,,,NRL_nr,,1.0,0.5974497720486721,587.5951323571551,-343.827195025526,2546.586293702345,1446.4097875720768,38.861027452886844,R,35.050122158732144,25.34786792759676,59.92257104993492,48.67272130113093,0
4,137,No,15,0.5,1,3,25,13,BicolorDamselfish,40.81007314867306,No,,,,,NRL_nr,,1.0,384.8104934159851,370.6223454446947,-410.5833565972269,2589.363434195754,1366.4420871966092,29.76146132341048,L,35.13461418591734,35.13461418591734,76.72509310787628,28.26573434459585,0
4,137,No,15,0.5,1,3,25,14,BicolorDamselfish,34.4539311916201,No,,,,,NRL_nr,,1.0,161.59925777528858,411.5185573196716,-443.8766463705713,2595.305018102428,1506.3889152350107,42.92838704974021,R,36.38783941436045,31.32528937960112,90.90939381464844,36.428953488454916,0
4,139,No,15,2.0,1,3,26,1,BicolorDamselfish,23.8594582038563,No,,,,,NRL_nr,,1.0,68.57053853202802,499.389554487432,-474.1304259011266,2605.1685806196315,1551.735089491287,47.360893826113426,R,52.345166624465485,29.1036448930712,15.80737385294504,41.407380856235,0
4,139,No,15,2.0,1,3,26,3,BicolorDamselfish,43.47763091186502,No,,,,,NRL_nr,,1.0,308.4977142541419,141.44306974348171,-277.67155344023104,2642.4957159011756,1222.3485626738388,129.21676321222515,L,75.95071511480975,28.440568438280277,119.44650367478802,27.45370392403376,0
4,139,No,15,2.0,1,3,26,4,BicolorDamselfish,56.56931702811705,No,,,,,NRL_nr,,1.0,312.03472659589085,436.39278743217955,-458.5605564561231,2591.4375838185206,1500.6301436555275,64.97033931463957,R,54.230994694203154,29.066785751354946,38.71267822590794,30.53444166888992,0
4,139,No,15,2.0,1,3,26,5,BicolorDamselfish,40.358650829622206,No,,,,,NRL_nr,,1.0,294.99986751560857,251.16774536431808,-345.5991400828688,2615.373042731383,1299.132586947686,108.30863974056344,L,64.82373829758438,34.13151169623162,126.50184117093112,28.743676118801197,0
4,139,No,15,2.0,1,3,26,7,BrownChromis,45.21094364611599,No,,,,,NRL_nr,,1.0,849.9645856518181,231.2813031546969,-336.3905992086786,2621.866824896265,1539.5563675392473,27.092473471529814,R,36.9596036139368,20.984514810374577,33.94315674635083,8.173033463944655,0
4,139,No,15,2.0,1,3,26,11,BicolorDamselfish,32.59022164785627,No,,,,,NRL_nr,,1.0,106.39568527728134,743.8173015698682,-484.59330764435254,2588.8691509284818,1651.241038884928,34.10489656395041,R,41.78434252690485,28.88874874251609,55.714362566695186,46.29579569242987,0
4,139,No,15,2.0,1,3,26,13,BicolorDamselfish,102.3751819110678,No,,,,,NRL_nr,,2.0,395.706123816832,567.9203621708614,-1135.8485253662543,2662.1524913119465,1747.449807904079,32.20413686530599,R,35.13919476883882,18.376702028871584,128.27572616639895,29.75092949509934,0
4,139,No,15,2.0,1,3,26,14,BicolorDamselfish,35.50970372786245,No,,,,,NRL_nr,,1.0,535.3212175639799,171.551240375798,-297.9534147304366,2635.8888517638525,1384.0551037565665,71.5399892780409,L,58.26867258535785,51.4747872080782,63.94932138542837,19.162849381913293,0
4,139,No,15,2.0,1,3,26,15,BicolorDamselfish,82.66912041165949,No,,,,,NRL_nr,,1.0,395.9743541676097,126.85106183031851,-231.9190262318911,2625.249616187288,1131.5189581258098,99.76509424570406,L,54.941413005706536,5.855944930072127,101.35357927542472,24.18812911799634,0
4,140,No,16,0.5,1,3,27,2,BicolorDamselfish,37.77651442349745,No,,,,,NRL_nr,,1.0,276.9387326594635,263.40017726395104,-159.91535645998906,2527.101533244194,1043.4720692501617,55.87043627059472,L,43.63268462573077,18.14239462648903,153.83361739299204,35.25638775909392,0
4,140,No,16,0.5,1,3,27,4,BicolorDamselfish,30.695503314485105,No,,,,,NRL_nr,,1.0,46.760877907813715,435.14560708426467,-457.82431320331017,2591.631494866779,1464.2241040511983,140.48674427858245,R,58.41389040234453,25.443736525814753,57.5663587610693,40.461349247898674,0
4,140,No,16,0.5,1,3,27,5,BicolorDamselfish,26.24406112462464,No,,,,,NRL_nr,,1.0,122.8434663226831,467.8445303945019,-466.25349147196994,2594.8430444867167,1546.325651294475,136.12328337746234,R,57.412488366527704,42.61317469501511,56.04586361863485,38.893589900627106,0
4,140,No,16,0.5,1,3,27,7,BicolorDamselfish,41.8696026012867,No,,,,,NRL_nr,,1.0,327.8329429536798,70.67977290417227,-22.537870982987272,2539.929818213873,726.0226199789852,45.0003534470046,R,46.48731080552975,29.545073016995048,147.02614279918106,34.36211486242245,0
4,140,No,16,0.5,1,3,27,8,BicolorDamselfish,34.80219497352236,No,,,,,NRL_nr,,1.0,266.2223282794996,108.14570562073015,-162.1939199119111,2596.837641968196,1058.97902184625,55.468022580904936,R,49.536260080078314,17.88399594568582,64.60441984139972,30.7187234386426,0
4,140,No,16,0.5,1,3,27,9,BicolorDamselfish,46.97971038100443,No,,,,,NRL_nr,,1.0,747.2196894052263,222.7382732813849,-332.4346960386405,2624.656493075248,1588.5050993392383,22.57161048090321,R,27.838467004323643,16.71933888425523,49.529818075068064,13.953657299460623,0
4,140,No,16,0.5,1,3,27,10,BicolorDamselfish,47.11269599715811,No,,,,,NRL_nr,,1.0,407.5560353158056,613.9810875736928,-482.04229335882405,2596.112003557539,1615.663820279673,35.9529697942088,L,36.584574733815565,34.51202364858328,106.19384530151588,37.09567973722736,0
4,140,No,16,0.5,1,3,27,11,BicolorDamselfish,41.51540858850875,No,,,,,NRL_nr,,1.0,530.7990311065159,136.4286133529788,-267.61980576905194,2639.7971684442377,1159.6532196739372,44.97250662705439,L,41.447577233607085,17.701787474421753,135.13129636030325,16.598386181986875,0
4,140,No,16,0.5,1,3,27,12,BrownChromis,48.4715960100736,No,,,,,NRL_nr,,1.0,705.0470193475591,70.67977290417227,-22.537870982987293,2539.929818213873,335.25202330175085,117.46245132129624,R,56.66397667309961,30.308684491188465,45.37142292140749,30.445040317875247,0
4,140,No,16,0.5,1,3,27,13,BrownChromis,46.74147449854101,No,,,,,NRL_nr,,1.0,799.8098280385677,70.67977290417227,-22.537870982987293,2539.929818213873,301.84573399259006,113.62673308135184,L,52.58465604529534,4.531689593965606,168.75340990275828,24.986065909884086,0
4,140,No,16,0.5,1,3,27,14,BrownChromis,37.89286323879066,No,,,,,NRL_nr,,1.0,676.9920827809668,70.67977290417224,-22.537870982987272,2539.929818213873,580.0701022972975,31.509355738619615,R,35.667719683953074,35.667719683953074,153.67211212084504,26.60216100641094,0
4,140,No,16,0.5,1,3,27,15,BrownChromis,48.22208341282374,No,,,,,NRL_nr,,1.0,694.9084739583561,504.7892538000104,-375.6820433113554,2533.500636948294,1363.849417151988,28.07078397779364,R,34.15940880288517,29.8634474546075,108.2325437142031,29.51527078936669,0
4,141,No,13,4.0,1,3,28,1,BicolorDamselfish,39.53795492455773,No,,,,,NRL_nr,,1.0,261.1432433472358,437.061480647249,-167.60754615522114,2471.519256367469,1118.3468471303745,38.75317920253788,L,40.25921347836963,22.29308782288033,147.19633417021055,41.47009282973258,0
4,141,No,13,4.0,1,3,28,2,BicolorDamselfish,45.733799615296306,No,,,,,NRL_nr,,1.0,333.56963134717137,87.34121442306018,-84.64418792941854,2565.2372457540605,958.378206232325,45.582103144789215,L,42.86186323437347,13.018911878698596,139.79235026951577,27.4325574572719,0
4,141,No,13,4.0,1,3,28,3,BrownChromis,42.226111851656526,No,,,,,NRL_nr,,1.0,633.4371333558751,154.15436816683703,-32.60336164508374,2517.6062000444444,783.0486364782049,36.76554133140747,R,37.25860016747676,16.72204376371522,95.12236957662716,22.22537982040259,0
4,141,No,13,4.0,1,3,28,4,BicolorDamselfish,32.84172280180155,No,,,,,NRL_nr,,1.0,546.6741087916423,98.48590986742096,-206.20288477935227,2642.043145498877,1247.237186354827,24.882736131951255,R,34.157459310257835,34.157459310257835,165.69239995539252,24.77558706854207,0
4,141,No,13,4.0,1,3,28,5,BicolorDamselfish,36.458869770570274,No,,,,,NRL_nr,,1.0,441.6110719115395,70.67977290417227,-22.537870982987293,2539.929818213873,672.2879181075889,34.992614017702266,L,38.24710720694572,12.155688867461777,81.06787831533526,27.93236657634586,0
4,141,No,13,4.0,1,3,28,8,BrownChromis,47.16730105037398,No,,,,,NRL_nr,,1.0,659.5149415097551,211.49279412562748,-33.90304058695353,2501.030625247948,487.9939849846011,32.46332169572129,R,34.285740451760354,0.0,78.3230448839903,48.73484608882385,0
4,141,No,13,4.0,1,3,28,9,BrownChromis,51.60753116141815,No,,,,,NRL_nr,,1.0,463.22391199058853,454.9140086881752,-53.54982725987013,2433.78621336663,808.7126989721727,36.5552451759631,L,34.33273600039124,7.132917734895553,103.16646544502424,54.42645486487691,0
4,141,No,13,4.0,1,3,28,10,BicolorDamselfish,60.530246534915726,No,,,,,NRL_nr,,1.0,384.9097717888872,498.1313807231469,-473.6614997242332,2598.122375545771,1576.1881320333323,30.202483470882704,R,36.2525705471996,33.796233776965465,88.60626375051427,33.478741600544,0
4,141,No,13,4.0,1,3,28,11,BicolorDamselfish,28.37028763773165,No,,,,,NRL_nr,,1.0,306.18697972621914,222.7382732813849,-332.4346960386405,2624.656493075248,1349.3260786640278,38.69495033567436,L,46.212469129025024,19.058223176838982,154.77631553985674,28.309813507539793,0
4,141,No,13,4.0,1,3,28,13,BicolorDamselfish,37.115737995237566,No,,,,,NRL_nr,,1.0,122.36296166817064,436.39278743217955,-458.5605564561231,2591.4375838185206,1526.920578214007,37.64232828661368,L,43.2462452236863,16.745876505155657,137.79136393106344,38.25335723807837,0
4,142,No,14,1.0,1,3,29,2,BicolorDamselfish,40.3351859758449,No,,,,,NRL_nr,,1.0,44.44465146090857,402.7389768472806,-425.311957053542,2620.1289555967405,1468.1185865822804,72.74489194715675,R,72.02299823223555,60.11896712536127,89.17962372911714,41.72399468394258,0
4,142,No,14,1.0,1,3,29,3,BicolorDamselfish,53.03998011294327,No,,,,,NRL_nr,,1.0,106.93321579901776,668.2225319022219,-515.6850848255502,2634.5515814615305,1703.4412208510553,73.0817007286559,L,60.79055270319029,60.79055270319029,108.4849989159804,43.46522414693499,0
4,142,No,14,1.0,1,3,29,5,BicolorDamselfish,55.433943055542834,No,,,,,NRL_nr,,1.0,13.090614472622423,603.7495558847226,-453.2150333780837,2614.022267322435,1557.5654953614785,101.3508368531521,R,70.35425215524977,40.831960848120715,49.33167928641863,46.92788160698609,0
4,142,No,14,1.0,1,3,29,7,BrownChromis,71.11404224600072,No,,,,,NRL_nr,,1.0,1.4568392992037411,913.9847405627776,-425.3690432931443,2680.1697403870726,1767.2185345524945,40.78868091111435,L,58.97812934713283,50.787910960373296,97.12396540185978,54.144383396641615,0
4,142,No,14,1.0,1,3,29,8,BrownChromis,51.05507044017343,No,,,,,NRL_nr,,1.0,193.7596184878776,586.42708849871,-158.4490645611732,2418.3064535362205,1186.6922549777175,45.33118980556726,L,67.88921604013682,34.30587691613767,171.8342201024566,49.493203041743534,0
4,142,No,14,1.0,1,3,29,9,BrownChromis,110.63379435572524,No,,,,,NRL_nr,,1.0,116.68343939261251,273.07510699366685,-77.3008554532432,2492.5166291699784,1017.9150230186953,73.84154888952155,R,64.0912165554456,38.46926710209027,94.91578511398332,44.836349745597424,0
4,142,No,14,1.0,1,3,29,10,BicolorDamselfish,31.845416400817975,No,,,,,NRL_nr,,1.0,0.4965413706946755,165.83150065856125,-123.40856809160968,2563.4039175455523,1101.9428509935722,91.31144552024269,L,59.22522929115324,3.157501908822217,137.58448714761164,46.07891002418984,0
4,142,No,14,1.0,1,3,29,11,BicolorDamselfish,26.15434263267602,No,,,,,NRL_nr,,1.0,49.211220685284886,184.62153272288123,-280.41758865193384,2618.027163246743,1230.856235146082,85.72789219810636,R,67.50096352963405,28.34610529196557,32.107983160640806,39.95206730748112,0
4,143,Yes,14,7.0,1,3,30,2,BicolorDamselfish,60.58854374598205,Yes,2156.0,2396.0,0.0,1.0,FR,1982.956261276889,2.0,284.03725762068353,623.4958828858838,-1180.896159804255,2613.4762318145604,1957.6331160978705,21.934173075637823,L,35.98067103141507,25.211543867682806,150.5781041708141,31.9276774053513,1
4,144,No,15,1.0,1,3,31,1,BrownChromis,51.363736950049685,No,,,,,NRL_nr,,1.0,556.0186429095851,368.5412767246694,-46.578591649639584,2457.646432673753,803.8945634416642,38.85521779699141,R,37.96360559803676,5.144669514746362,64.12900056877574,41.215186558320134,0
4,144,No,15,1.0,1,3,31,2,BicolorDamselfish,69.40744966141695,No,,,,,NRL_nr,,1.0,426.3649497997345,436.39278743217955,-458.5605564561231,2591.4375838185206,1635.4027988982516,33.25421034190168,L,46.85263689855331,44.01055520089571,59.08218711786751,27.806401628984585,0
4,144,No,15,1.0,1,3,31,3,BicolorDamselfish,71.8014068931215,No,,,,,NRL_nr,,1.0,369.40142725814854,909.6843794007018,-574.3252523879921,2642.6835800409713,1955.9131085907711,30.64018664103167,R,38.373555242637345,36.61786469023878,31.48194050853359,43.34016711965347,0
4,144,No,15,1.0,1,3,31,4,BicolorDamselfish,68.7385559324996,No,,,,,NRL_nr,,1.0,144.53200271986452,478.4733321208881,-290.69761411795747,2504.242785947306,1276.3501992524548,67.68699473422845,R,66.02846166055363,30.068269346669577,46.63125678535821,42.86461301872031,0
4,144,No,15,1.0,1,3,31,5,BicolorDamselfish,33.43036942467232,No,,,,,NRL_nr,,1.0,416.49633911936047,138.61395406831116,-275.7657673863893,2643.1165302018144,1272.5359670194046,23.373798080129397,R,46.28905001715033,15.127950032429492,68.05841707618552,26.227614464796087,0
4,144,No,15,1.0,1,3,31,6,BrownChromis,41.6731694179814,No,,,,,NRL_nr,,1.0,636.6955550677043,338.7165962824715,-381.81894467785503,2585.872270625748,1267.7779555728562,61.6849888766871,L,57.861154280309464,49.04532788653381,27.251796406674533,23.089256436934292,0
4,144,No,15,1.0,1,3,31,7,BicolorDamselfish,42.28361252085725,No,,,,,NRL_nr,,1.0,456.5379076483354,232.7848189222077,-232.53781876720893,2564.9515753496835,1077.8631397363042,65.81449064662212,R,61.420288554836,12.070488911654255,43.28356145357242,25.668351921761317,0
4,144,No,15,1.0,1,3,31,8,BrownChromis,41.819380641526394,No,,,,,NRL_nr,,1.0,428.2108148395148,569.2953255234463,-279.89516026074324,2470.882986446716,1283.2353357892027,93.93641089822545,L,74.65815208335292,49.93416855367094,161.67177123404522,38.53538715148673,0
4,144,No,15,1.0,1,3,31,9,BicolorDamselfish,19.82856265240916,No,,,,,NRL_nr,,1.0,42.03437347124213,715.3888335924919,-527.9002803112758,2668.748609174761,1720.4779358712217,341.74742072678083,R,46.20713243354092,27.45623522064417,88.52407566491974,46.354052350185825,0
4,144,No,15,1.0,1,3,31,10,BicolorDamselfish,46.130729460250826,No,,,,,NRL_nr,,1.0,18.48410971468917,726.8019658524195,-529.5931520190693,2622.88185181912,1692.646257106683,505.3687797859728,R,67.42206870478013,37.8625986115108,59.5866213083409,46.832760453767335,0
4,144,No,15,1.0,1,3,31,12,BicolorDamselfish,35.32006922489102,No,,,,,NRL_nr,,1.0,229.39806221699763,702.7571042160196,-261.46918002660027,2434.879236628036,1409.2736271695107,67.79413576213307,L,65.8787969385295,52.41932206249323,169.44632633375508,47.905069675140346,0
4,144,No,15,1.0,1,3,31,15,BrownChromis,47.28274852677908,No,,,,,NRL_nr,,1.0,621.9399987064825,510.67173166311903,-224.42012116301828,2468.265376407622,1172.8232606437368,72.67542437490073,R,66.02478906203474,41.02445125829634,110.21516295276692,34.14620384789936,0
5,145,No,9,8.0,1,4,1,1,BrownChromis,54.42845350512747,No,,,,,NRL_nr,,1.0,597.905003378481,633.6142440666848,-385.9306489138016,2429.0914038052547,1648.2509939727945,21.931757202168725,L,18.83402803242669,11.152572927252802,155.32371089517872,48.94828795806403,0
5,145,No,9,8.0,1,4,1,2,BicolorDamselfish,24.02242656002196,No,,,,,NRL_nr,,1.0,146.18237789127636,530.7764648976901,-437.0454469349714,2434.310274923889,1457.0322167368215,130.60529696197875,L,30.9650975816159,16.38047786761016,125.98342335804482,48.695641328786785,0
5,145,No,9,8.0,1,4,1,3,BicolorDamselfish,31.16670567197587,No,,,,,NRL_nr,,1.0,92.53538802400544,9.425574111101737,-614.2578463497208,2520.3545237730955,1285.402164018078,14.585238146203569,L,16.64522878173092,3.497410976425837,157.6307654410709,34.03609236864843,0
5,145,No,9,8.0,1,4,1,6,BicolorDamselfish,38.67968348120227,No,,,,,NRL_nr,,1.0,131.28739072875013,474.01092716092415,-429.10290686608465,2423.37697895004,1367.3758663339445,129.0958673447399,L,34.404075761765924,15.171063482934429,87.12491821105387,48.11664607491956,0
5,146,No,11,1.0,1,4,2,3,BicolorDamselfish,31.887171120942952,No,,,,,NRL_nr,,1.0,70.59924472264535,389.83468356937954,-528.8078456890173,2457.452940432362,1419.5604198318856,40.47971615324824,L,32.63342914922469,13.398384837461611,101.28267809047408,44.655902754268375,0
5,146,No,11,1.0,1,4,2,4,BicolorDamselfish,18.79154053352012,No,,,,,NRL_nr,,1.0,4.509482110926334,195.65470376279072,-620.987838741132,2551.7153570823375,1413.243316029095,64.46605189638409,L,35.33348622002774,31.439771285316716,44.496591356921414,41.7345994831696,0
5,146,No,11,1.0,1,4,2,8,BicolorDamselfish,38.81772726725288,No,,,,,NRL_nr,,1.0,208.46068277159227,549.0363062437681,-780.3814375413724,2654.888735747164,1876.5823320452976,17.971975340525592,L,19.002174822787016,19.002174822787016,87.83492305715149,39.596796623965645,0
5,146,No,11,1.0,1,4,2,10,BrownChromis,54.40766964688454,No,,,,,NRL_nr,,1.0,714.2956990300436,607.2977020476987,-336.7150447074402,2398.1571655026364,1515.3337086878464,8.877423804449386,L,15.318416042390416,13.675130104067962,116.33316822138488,52.75267411227683,0
5,147,No,20,6.0,1,4,3,1,BicolorDamselfish,48.97418939333882,No,,,,,NRL_nr,,1.0,269.0516041128651,71.40461040864025,-660.7723855691484,2555.2911621026183,1536.0242850079908,157.14683410032606,L,100.43171659763296,93.54738766746738,100.37336598273224,29.838011859794143,0
5,147,No,20,6.0,1,4,3,2,BicolorDamselfish,43.80605494242027,No,,,,,NRL_nr,,1.0,111.7441219996622,371.0210616303178,-660.8805213293962,2525.6211640667043,1527.3346934022206,129.85682488510037,R,75.88368758727414,21.055036883545295,109.30600852992929,40.54731460978322,0
5,147,No,20,6.0,1,4,3,3,BicolorDamselfish,37.024477902734645,No,,,,,NRL_nr,,1.0,167.26664032682842,587.0555205879193,-467.6472992096296,2461.7964070285334,1527.9124559638178,57.71899441566463,L,60.689352983049034,55.132559303037326,154.2406415844106,48.76431029881698,0
5,147,No,20,6.0,1,4,3,10,BicolorDamselfish,37.76208168464879,No,,,,,NRL_nr,,1.0,66.45463663739355,-26.98680092996231,-604.6953227766602,2530.7118738072186,1279.453795018338,141.73015107962215,R,102.31886955820474,32.34774999332118,95.92007913503195,35.0517884002353,0
5,147,No,20,6.0,1,4,3,11,BicolorDamselfish,37.79719668327332,No,,,,,NRL_nr,,1.0,281.8332513099679,-218.35909498727872,-455.3224796278239,2546.2428366420177,1098.4373982893078,85.50091478271264,R,68.4120815168606,47.56218644235717,110.6870373144748,27.346927882436933,0
5,147,No,20,6.0,1,4,3,19,BicolorDamselfish,36.658366697258415,No,,,,,NRL_nr,,1.0,216.98261433709513,318.20349361271246,-726.2564111350471,2605.7580907103625,1682.8617797311854,148.7906632834339,L,85.4459118839471,81.96383443193345,124.32865460150556,35.29418487466257,0
5,147,No,20,6.0,1,4,3,20,BicolorDamselfish,52.51689394767351,No,,,,,NRL_nr,,1.0,113.88371754710178,-170.17936243596546,-455.60327281239535,2517.05406310525,1102.803203546894,106.64309272904246,L,78.397750863754,15.31086426141918,100.0467788018794,34.74627327331848,0
5,149,No,12,0.5,1,4,4,1,BicolorDamselfish,27.484279414306876,No,,,,,NRL_nr,,1.0,1.2334954881191031,263.35584967965667,-661.9507888264776,2506.212546205455,1454.817844588075,998.838087383422,L,113.84348203234184,57.69387127727991,145.57394570341634,40.85531182346934,0
5,149,No,12,0.5,1,4,4,2,BrownChromis,48.46097762070466,No,,,,,NRL_nr,,1.0,149.1830683075797,-4.159515248571992,-186.7108480858622,2506.1909787846,876.4714342305845,127.02866410847147,R,84.20829995243788,25.188405774153576,31.71576843357277,54.04942934695755,0
5,149,No,12,0.5,1,4,4,6,BrownChromis,60.13807242084267,No,,,,,NRL_nr,,1.0,103.12567068041938,218.5268498580545,-666.605893905621,2500.4153160001215,1446.7951791700714,303.78911919737664,L,72.8328831271088,9.449778238738284,159.44571337334767,36.6717853475332,0
5,149,No,12,0.5,1,4,4,7,BicolorDamselfish,36.861520708697206,No,,,,,NRL_nr,,1.0,30.439382382149574,330.4571986360837,-724.3912332519628,2590.8122331690724,1588.4443640164186,515.4955122843872,R,133.60592533231042,101.905464661874,36.61524148623318,40.95189310378435,0
5,149,No,12,0.5,1,4,4,8,BicolorDamselfish,56.04042369442106,No,,,,,NRL_nr,,1.0,14.454588088205789,310.98114100368525,-739.9831453851142,2661.346915386382,1617.6849486940316,362.5409769391639,L,101.18479553080088,87.75195574243415,64.40504101468265,42.063261409670794,0
5,149,No,12,0.5,1,4,4,9,BicolorDamselfish,22.105734137326273,No,,,,,NRL_nr,,1.0,29.03826508123777,128.90628662516366,-614.1090579889831,2511.2426980576956,1379.438842588057,301.57306706892547,R,89.2650043084511,60.60915408914373,118.03991641709032,40.28403169183862,0
5,149,No,12,0.5,1,4,4,10,BicolorDamselfish,18.118105489005625,No,,,,,NRL_nr,,1.0,0.910806188907891,216.41858889842132,-643.038883844947,2524.9876704288204,1425.8134846384844,782.6559794007807,R,109.18089953169688,80.10431077010236,137.8331367204884,40.88173086030018,0
5,149,No,12,0.5,1,4,4,12,BrownChromis,78.76442745181458,No,,,,,NRL_nr,,1.0,4.94355484096668,415.9318784052992,-634.0109750682641,2592.353337739294,1563.6278705310935,203.4365609304459,L,80.29510705211784,74.17294073432866,109.0982272791998,45.7357716099116,0
5,150,No,13,4.0,1,4,5,1,BicolorDamselfish,40.747246079326885,No,,,,,NRL_nr,,1.0,318.9212553269083,607.2977020476987,-336.7150447074402,2398.1571655026364,1462.772030685997,29.73375728650891,L,28.442310520123172,15.427383937026203,107.26978674501892,52.46011378668127,0
5,150,No,13,4.0,1,4,5,2,BicolorDamselfish,34.483200742068526,No,,,,,NRL_nr,,1.0,193.9235743923995,448.6446313826302,-751.1464704911037,2612.421952794994,1750.1406290990642,47.200502936251624,L,33.91564776554785,28.93495967115615,164.66427311978603,37.79202958959413,0
5,150,No,13,4.0,1,4,5,5,BicolorDamselfish,21.03723895437219,No,,,,,NRL_nr,,1.0,25.667921274129423,174.55520156288273,-619.9828207280887,2477.037221396422,1355.1665844849597,111.02194307055473,L,39.94123328729295,34.87806140974295,50.37008150668757,38.92501077538234,0
5,150,No,13,4.0,1,4,5,6,BicolorDamselfish,35.5605112507473,No,,,,,NRL_nr,,1.0,177.08920146330502,65.83242653799121,-377.7379802915025,2442.6815815635614,1052.6807848929204,88.601421642905,L,47.05369213785598,10.969316256227254,104.62156685136657,38.461371194342625,0
5,150,No,13,4.0,1,4,5,7,BrownChromis,52.936405387039045,No,,,,,NRL_nr,,1.0,481.0678675154723,223.16488838531927,-294.43402833235393,2411.293110063711,875.3798250415477,40.75527292270818,L,33.12145527972122,19.19728464754232,164.6689522233235,46.076775295326705,0
5,150,No,13,4.0,1,4,5,8,BrownChromis,46.68623001136456,No,,,,,NRL_nr,,1.0,278.161334509754,204.3282949100108,-338.4620062342671,2421.417177379322,1068.4765003414875,83.60022883765234,R,42.0873142016243,22.765793009036994,29.884495634551637,40.63739792099721,0
5,150,No,13,4.0,1,4,5,10,BicolorDamselfish,33.803395982841785,No,,,,,NRL_nr,,1.0,0.759726765536373,289.21406031655886,-628.678775917642,2585.0126010394483,1485.7521730759756,130.34175696604973,R,49.770284608354224,21.94445495545804,68.47857065307734,43.76127780448961,0
5,150,No,13,4.0,1,4,5,11,BicolorDamselfish,41.38785160609621,No,,,,,NRL_nr,,1.0,12.089370956566434,438.8466224632932,-548.4553619732891,2477.2131213091125,1470.3599872047937,183.53665220837317,L,55.97424497601923,27.118706585291825,132.4346933559214,46.7457406394973,0
5,150,No,13,4.0,1,4,5,12,BicolorDamselfish,36.26080414257075,No,,,,,NRL_nr,,1.0,23.951443969282316,443.5458486632673,-637.4741241977355,2526.3862010441044,1551.771171408071,223.6449064193121,L,57.51122941750888,40.796012113196085,77.0287968484197,44.67140653343142,0
5,150,No,13,4.0,1,4,5,13,BicolorDamselfish,30.91904879117248,No,,,,,NRL_nr,,1.0,135.37677790307998,-52.57097122894038,-525.240527714079,2501.4885526613607,1174.0308795829935,59.31872914680626,R,34.40407108511192,23.19054506821381,96.82471204053624,32.88080548922658,0
5,151,No,13,8.0,1,4,6,1,BicolorDamselfish,35.86540041152698,No,,,,,NRL_nr,,1.0,399.24717357234607,-166.18564588250254,-538.6386696240331,2571.37295418874,1401.4828229016591,8.905267787379149,R,22.227889955237977,0.0,13.794786759370302,26.977413523555818,0
5,151,No,13,8.0,1,4,6,5,BicolorDamselfish,31.971455997666993,No,,,,,NRL_nr,,1.0,70.54732175023634,421.3310469867842,-770.4849947592888,2703.8058556447363,1748.76392494149,405.373896980447,R,50.93441418550678,25.819366364048292,46.718244559654515,42.144765491090865,0
5,151,No,13,8.0,1,4,6,6,BicolorDamselfish,50.01404404256214,No,,,,,NRL_nr,,1.0,479.1863454102238,781.7185963308536,-662.9064452404696,2603.1832477598814,1910.951487090859,47.549910251128026,R,49.6018520947139,43.135425569681146,79.26557616277726,45.73951324659471,0
5,151,No,13,8.0,1,4,6,9,BicolorDamselfish,46.51333555061671,No,,,,,NRL_nr,,1.0,402.7671790903043,721.6956515167726,-760.7409449306537,2710.247157811075,2087.4545429498985,23.864990578492325,R,34.96960271960933,9.668467161730227,29.334865757026066,40.95738737722479,0
5,151,No,13,8.0,1,4,6,11,BicolorDamselfish,45.84841718188817,No,,,,,NRL_nr,,1.0,268.1542672507722,-114.01816781691508,-237.057025817659,2497.4148889142816,731.1963929386751,10.386471518122969,R,23.147098603848423,2.70709883528149,52.34492271041948,48.64802945282662,0
5,151,No,13,8.0,1,4,6,12,BicolorDamselfish,23.209095930259597,No,,,,,NRL_nr,,1.0,24.997774470928995,406.00707825907574,-759.6938244849434,2672.048717155892,1690.8355696868357,640.6244314846016,L,56.277395989610554,6.6495358661369,156.01371712787437,42.888376093251736,0
5,151,No,13,8.0,1,4,6,13,BrownChromis,57.84821959028838,No,,,,,NRL_nr,,1.0,556.82698438075,698.0056433588837,-539.5042925945359,2521.954736448351,1754.98025864213,55.74827169732512,L,44.917256491731315,33.97838941407684,138.65704620541277,44.0709706777663,0
5,152,No,12,6.0,1,4,7,2,BicolorDamselfish,42.985618262140456,No,,,,,NRL_nr,,1.0,510.1746107968577,714.4239409078443,-537.056053341986,2524.0805713578643,1846.6870613347503,39.27340610744961,L,27.553372232886232,21.683556906877847,115.4505897078926,52.9468414788691,0
5,152,No,12,6.0,1,4,7,3,BicolorDamselfish,35.6720049042249,No,,,,,NRL_nr,,1.0,501.8159926421209,615.9559251107819,-621.3519050979867,2549.6484515640745,1738.1528128042485,61.37757957138911,L,35.51332733459174,28.311596266686937,117.7590260565738,40.559458299607066,0
5,152,No,12,6.0,1,4,7,4,BicolorDamselfish,38.72682312316939,No,,,,,NRL_nr,,1.0,428.8353171274332,608.7192749899702,-465.7581482885243,2465.2962096575384,1594.1679950125,63.99641257479954,R,35.87893920054878,12.40446536285275,76.64989510447482,45.27025249076186,0
5,152,No,12,6.0,1,4,7,5,BicolorDamselfish,29.31363017970394,No,,,,,NRL_nr,,1.0,142.7576047968127,571.197942159185,-610.8646075343357,2535.6483035020005,1627.6702461672814,39.28349311099436,R,37.043746112141235,21.212719498050166,95.96832318869038,45.425366556965905,0
5,152,No,12,6.0,1,4,7,6,BicolorDamselfish,23.44345399503052,No,,,,,NRL_nr,,1.0,44.66226402042541,-134.48162230284123,-541.812337690481,2552.1456095145586,1216.247885485878,21.966450574250903,L,26.445309731885597,20.65329205326393,33.2368256520914,37.072508011073275,0
5,152,No,12,6.0,1,4,7,9,BicolorDamselfish,56.57294523799679,No,,,,,NRL_nr,,1.0,392.3262694639428,634.265351551523,-744.4914424010235,2640.151326781884,1935.765959852038,32.50507315411012,R,29.267597580801542,29.267597580801542,106.51291367992305,39.00820075125229,0
5,152,No,12,6.0,1,4,7,10,BrownChromis,34.985835093201885,No,,,,,NRL_nr,,1.0,324.5410014039621,7.178709572218282,-640.6991562333468,2534.240381371494,1310.971644592929,39.65102609447905,L,28.860263114130625,18.40581628511905,105.0127032167004,23.57035920185705,0
5,152,No,12,6.0,1,4,7,11,BrownChromis,39.02337863587718,No,,,,,NRL_nr,,1.0,416.47803180728744,30.993726610782034,-544.1926338794607,2477.3005286228336,1159.226330219725,35.81005842390259,R,26.26862909836209,18.605479978588452,130.03223734709798,21.866806827669368,0
5,153,No,10,2.0,1,4,8,3,BrownChromis,51.53044386415765,No,,,,,NRL_nr,,1.0,515.7062572875748,426.6718122104336,-467.4905528781359,2433.7650288729587,1373.397865163997,28.88977015548708,L,23.41793782437708,7.8625865309945615,174.92002831046378,39.435649194305945,0
5,153,No,10,2.0,1,4,8,4,BicolorDamselfish,49.73444642018064,No,,,,,NRL_nr,,2.0,56.345540084960376,460.8006403049566,-1174.9971790351328,2682.042150107784,2022.0153475317973,7.3435389148768575,L,12.401036168310204,4.653188208026799,170.2485714428854,37.169308841896104,0
5,153,No,10,2.0,1,4,8,5,BicolorDamselfish,36.85280474940147,No,,,,,NRL_nr,,1.0,288.99111097867933,417.77663205395487,-521.1320259214363,2458.4758807933986,1460.4980954828136,31.93584609921052,R,25.963442503418527,23.391367434814494,89.47122441823245,40.89598164006174,0
5,153,No,10,2.0,1,4,8,6,BicolorDamselfish,38.29550807703748,No,,,,,NRL_nr,,1.0,346.7017360331869,-145.123257515511,-283.61579608628756,2474.8618447591625,671.0628360982071,13.891941112807396,L,18.005239504323423,0.0,117.624468664935,40.93088290144367,0
5,153,No,10,2.0,1,4,8,9,BrownChromis,55.442287700118555,No,,,,,NRL_nr,,1.0,612.3243476681213,86.73796120033995,-307.60290200314665,2427.4691089743897,768.1909445953518,16.478730010523314,R,17.500483298175492,9.216987435408956,102.55832656245956,37.45737045419247,0
5,153,No,10,2.0,1,4,8,10,BicolorDamselfish,19.64363974935323,No,,,,,NRL_nr,,1.0,4.726284333660082,275.8172689266442,-462.2465695882939,2495.62358232943,1322.6693603895806,20.086459088515777,L,19.72866569803153,9.846583937948736,103.24768939467906,46.893097036554494,0
5,154,No,13,0.5,1,4,9,2,BicolorDamselfish,42.14060289932359,No,,,,,NRL_nr,,1.0,196.46652792576424,-243.89361457654527,-298.888185310947,2485.4110563602367,838.1179643605053,7.593405525466823,R,16.248440013452807,16.248440013452807,138.72100829027582,41.35820611280395,0
5,154,No,13,0.5,1,4,9,3,BrownChromis,48.00994643451244,No,,,,,NRL_nr,,1.0,487.7265951839915,610.759653459226,-343.1893767199234,2402.226576669157,1537.0575945452983,27.94557461693686,R,27.45646888721811,19.20104521105505,78.21383327990974,48.6167863368661,0
5,154,No,13,0.5,1,4,9,6,BicolorDamselfish,49.8046579798252,No,,,,,NRL_nr,,1.0,282.1829090728911,600.8102898983013,-674.7707811967451,2575.820984568306,1748.6353861968175,32.871037883582744,L,26.00724757444685,26.00724757444685,113.53329531031464,41.51532081632474,0
5,154,No,13,0.5,1,4,9,7,BicolorDamselfish,30.70928733952571,No,,,,,NRL_nr,,1.0,112.42710056643963,334.3521487168985,-624.68518422369,2499.173945875532,1469.7804961153558,39.33601395564035,L,33.91291338254203,25.400535064800515,77.6311951948334,40.305374511383945,0
5,154,No,13,0.5,1,4,9,9,BicolorDamselfish,21.114344479501057,No,,,,,NRL_nr,,1.0,111.1891809218064,616.0462382757617,-467.5309850868914,2467.729202174301,1546.181893748201,47.89228221497716,R,40.91431555139684,13.126198095399303,48.0556545835387,50.422658232695376,0
5,154,No,13,0.5,1,4,9,12,BicolorDamselfish,34.961729403240845,No,,,,,NRL_nr,,1.0,244.61172933589845,344.7364579378217,-420.6219153338053,2422.6616020962983,1229.993246134149,34.240853297871915,L,32.90407375004969,13.35045922159807,95.00839893955715,42.78643723105684,0
5,155,No,13,1.0,1,4,10,2,BicolorDamselfish,52.29157708839852,No,,,,,NRL_nr,,1.0,219.95073902993025,742.689622750404,-589.9168208844213,2557.3059600610195,1781.936754436818,74.46752075131901,L,48.092558601892016,34.79024640306085,69.34276808797996,50.53771375466975,0
5,155,No,13,1.0,1,4,10,3,BicolorDamselfish,44.72421028589514,No,,,,,NRL_nr,,1.0,382.35538143243986,-220.62960996103368,-279.4856581506901,2493.428091745784,596.0541956622646,6.964404353118062,R,26.01348212481675,11.93236989634643,62.68561631359391,48.23562052645346,0
5,155,No,13,1.0,1,4,10,4,BrownChromis,57.22405388809263,No,,,,,NRL_nr,,1.0,283.7800094612689,790.0695983598315,-686.0439566227673,2624.710711588537,2026.0302181107088,40.5105039824126,L,35.68335915884677,35.68335915884677,117.67924341763792,46.617382977694106,0
5,155,No,13,1.0,1,4,10,7,BicolorDamselfish,27.989245968610778,No,,,,,NRL_nr,,1.0,46.734763178984224,618.9588778909299,-490.99262162994023,2480.484592937212,1562.9357506275264,64.47491465919725,L,40.177936458191304,17.77307579868421,132.46489838616404,51.12880432557586,0
5,155,No,13,1.0,1,4,10,8,BicolorDamselfish,17.5440839864136,No,,,,,NRL_nr,,1.0,4.490426899388032,318.66722535424964,-459.9537352109107,2489.601112984766,1348.2178771994188,29.15958776701399,L,35.057526349003034,13.451216726801311,102.12554590223591,47.989758700532015,0
5,155,No,13,1.0,1,4,10,12,BicolorDamselfish,44.58118023273491,No,,,,,NRL_nr,,1.0,196.52714372373163,549.0363062437681,-780.3814375413724,2654.888735747164,1837.6273112359652,33.80600925560921,L,32.22108240283451,12.15662383345694,147.54343343281766,40.21537404786002,0
5,155,No,13,1.0,1,4,10,13,BrownChromis,54.3062620937253,No,,,,,NRL_nr,,1.0,400.06401544061106,668.3483323010374,-450.8882386221095,2469.9201936170184,1663.3393854675714,42.61720428443984,L,42.551880651486634,19.960292568153264,132.9354414676099,50.51000400060495,0
5,157,No,9,2.0,1,4,12,1,BicolorDamselfish,33.50117129463724,No,,,,,NRL_nr,,1.0,155.9943899529256,-73.5864249255981,-408.89830512096825,2462.521639439577,1026.874273848969,24.06647290679725,R,21.92370252026852,10.20342434319028,36.148675757328405,35.01926654836084,0
5,157,No,9,2.0,1,4,12,3,BicolorDamselfish,40.51494802630488,No,,,,,NRL_nr,,1.0,537.7517760949421,-91.31247800598314,-582.7168881679496,2555.3360165440877,1557.4099831778817,7.661257836897576,R,14.183022046566274,12.02193304423822,82.95981563796474,24.23935175138268,0
5,157,No,9,2.0,1,4,12,4,BicolorDamselfish,44.5837525166252,No,,,,,NRL_nr,,1.0,281.14594164834057,-181.64393737376733,-277.3361811473751,2485.4689914704,712.6373007732864,18.07795996259489,L,16.36997858378217,0.0,129.71201217239033,42.73307765295036,0
5,157,No,9,2.0,1,4,12,6,BicolorDamselfish,22.150809096876262,No,,,,,NRL_nr,,1.0,228.72215498379103,647.8931979719599,-412.63428434492727,2445.875849212224,1560.604894481604,23.9445098487852,L,26.788671345325472,8.386687357623217,55.930408593286685,51.586532410603446,0
5,157,No,9,2.0,1,4,12,7,BicolorDamselfish,59.84293857091543,No,,,,,NRL_nr,,1.0,311.40821318605566,617.5237599106721,-682.7697319717397,2585.5110964922833,1785.3052298211906,16.958564112456397,L,17.840735352116184,16.86765644395247,64.2883613767948,40.9779049462087,0
5,157,No,9,2.0,1,4,12,8,BrownChromis,66.1947849580285,No,,,,,NRL_nr,,1.0,594.8289376907236,399.78497697670457,-277.38543182449206,2390.351449794661,1036.3673071342344,12.698046468538148,L,15.671560307068988,11.683629728146755,132.6602605010532,49.17438431693147,0
5,157,No,9,2.0,1,4,12,9,BicolorDamselfish,38.65292955682307,No,,,,,NRL_nr,,1.0,8.353339476476553,265.55733637601116,-485.8100713772183,2531.8353734393695,1344.982650828252,21.039489135326104,R,24.01244776193146,13.868868035399217,112.95138779802154,46.75993847096293,0
5,158,No,12,0.5,1,4,13,3,BicolorDamselfish,33.54799522922272,No,,,,,NRL_nr,,1.0,7.978696876055039,1.0124427845381625,-363.4663743500464,2474.312858430024,1099.0140443594432,33.7183528109009,R,36.00656319437611,9.442277259240404,52.57974638108454,44.784836012797875,0
5,158,No,12,0.5,1,4,13,5,BicolorDamselfish,38.70798928418005,No,,,,,NRL_nr,,1.0,111.02473789966294,249.75233713457408,-693.2272289111913,2528.2883241612026,1527.7051990387656,87.23749157840763,R,49.04332981842589,12.327202397821118,55.233945725397625,36.40663574623739,0
5,158,No,12,0.5,1,4,13,6,BrownChromis,56.508388555087585,No,,,,,NRL_nr,,1.0,263.60280350398983,646.8601334861067,-410.702309664564,2444.661515544666,1583.0205836071575,69.10827669880895,L,49.58355638316387,41.23135480879191,118.8961600364834,52.590178917635214,0
5,158,No,12,0.5,1,4,13,7,BrownChromis,59.85823040811505,No,,,,,NRL_nr,,1.0,324.36377528278865,488.3370101574896,-380.87363653087823,2410.836102885107,1319.083408000322,57.44776041719733,L,57.140221305158086,28.19687963314376,97.90716064888066,46.53473714938492,0
5,158,No,12,0.5,1,4,13,8,BicolorDamselfish,38.645675779385535,No,,,,,NRL_nr,,1.0,123.45611199674327,507.60219568517886,-518.2516445436679,2473.5902066275216,1501.3921035909698,72.48618462766957,L,63.26774005515829,38.895548501189886,111.85854223467518,46.47616664999374,0
5,158,No,12,0.5,1,4,13,10,BicolorDamselfish,35.05438873450467,No,,,,,NRL_nr,,2.0,263.5878639663854,393.3700610716825,-1216.0026174503512,2630.146465252898,1730.472636048111,55.562473220801245,L,34.90633130613212,34.90633130613212,108.49055071367232,33.019204283335995,0
5,158,No,12,0.5,1,4,13,11,BrownChromis,31.738115074402273,No,,,,,NRL_nr,,1.0,387.50323553866576,650.0899596135428,-464.76951426715857,2473.336360645493,1615.7787945538075,77.01178342792532,L,61.32222018828309,31.391102518611717,154.5758793053833,46.7741219420882,0
5,158,No,12,0.5,1,4,13,12,BrownChromis,45.93339581363952,No,,,,,NRL_nr,,1.0,4.909549118355656,334.6340915174917,-739.4403711583112,2643.824343043426,1616.3043684759195,74.55709369261315,L,47.954612315202645,28.21133981110924,148.96954389918793,42.425512754991864,0
5,159,No,12,5.0,1,4,14,2,BicolorDamselfish,36.784216369662666,No,,,,,NRL_nr,,1.0,210.20522290492707,-26.126009172253475,-318.49731558035444,2440.8512725946734,885.2721988351889,18.09135038548509,L,21.39645536343695,6.252743169580434,93.61355474875516,40.07664154839927,0
5,159,No,12,5.0,1,4,14,3,BicolorDamselfish,46.874253962877106,No,,,,,NRL_nr,,1.0,50.038128789035866,532.1832140035998,-735.5422023384555,2614.3525756873314,1716.7754226141074,148.4515920064486,R,35.93177059188074,20.729965148398133,40.97612902611535,44.15432639050165,0
5,159,No,12,5.0,1,4,14,4,BicolorDamselfish,25.518891257907228,No,,,,,NRL_nr,,1.0,49.3969612069457,448.7535361012683,-751.1781845337812,2612.4680206891226,1689.7783790682493,105.9625871936882,R,48.27502293063144,48.27502293063144,97.53626345735312,42.06217941221386,0
5,159,No,12,5.0,1,4,14,8,BicolorDamselfish,45.575041198127245,No,,,,,NRL_nr,,1.0,272.18943330595476,285.2142301140475,-586.6802217480316,2469.4298247096235,1405.9640083539514,24.90936709575935,L,26.932627815765123,23.58777536329366,71.70829886388307,36.103676001349186,0
5,159,No,12,5.0,1,4,14,9,BicolorDamselfish,41.50329704375592,No,,,,,NRL_nr,,1.0,273.7870663783998,-237.99863859384632,-325.1232594495094,2491.9568857529102,916.6731842898926,13.842659791528952,L,17.473194718347568,0.0,166.0419106220953,30.781334216048045,0
5,160,No,12,8.0,1,4,15,2,BicolorDamselfish,38.24037935386563,No,,,,,NRL_nr,,1.0,18.838436206686712,577.8327770068144,-522.2485327803963,2488.798021502051,1553.8648186054857,38.39138120478107,L,25.10571010163092,9.855746918732423,86.24425991679543,50.09650569573994,0
5,160,No,12,8.0,1,4,15,3,BicolorDamselfish,18.509579662838593,No,,,,,NRL_nr,,1.0,6.085899696508958,347.94131894659245,-527.9379865444273,2450.883537227551,1387.4917048095654,54.935672323209,L,34.37868372217894,21.64614331898396,78.85404441371347,45.331520769300546,0
5,160,No,12,8.0,1,4,15,5,BicolorDamselfish,50.51554242086805,No,,,,,NRL_nr,,1.0,298.461217720956,251.21414567243215,-693.6529208273507,2528.9066852551946,1614.28115817829,22.458051251700205,R,22.231219063529423,22.231219063529423,134.72024197925083,30.74785022117247,0
5,160,No,12,8.0,1,4,15,6,BicolorDamselfish,29.524100649474654,No,,,,,NRL_nr,,1.0,209.52787822469523,208.6798567605336,-583.8201159915118,2466.8466553204976,1283.1498727611977,39.25667607296528,R,25.24274543582315,10.967218313806482,76.0846942439103,35.30674503860936,0
5,160,No,12,8.0,1,4,15,7,BicolorDamselfish,28.49524031681331,No,,,,,NRL_nr,,1.0,56.20102395910468,-119.9151324990634,-328.9801828641473,2452.239015820196,986.747919802198,16.655975576439484,R,18.032734492899955,0.0,14.28824628966693,41.16588378674712,0
5,160,No,12,8.0,1,4,15,8,BicolorDamselfish,64.87299452541527,No,,,,,NRL_nr,,1.0,313.63323171338743,805.9884937075091,-673.9949664640772,2633.5432663248503,2010.9205761950743,15.375593817260055,R,19.037716008201823,13.667755703747972,112.1012386548181,52.13851338572007,0
5,160,No,12,8.0,1,4,15,12,BrownChromis,70.60160843157034,No,,,,,NRL_nr,,1.0,731.6976221514838,607.2977020476987,-336.7150447074402,2398.1571655026364,1545.35213112451,11.66691245399198,L,14.99015234299192,8.988523037139855,142.814876110712,50.655754905288255,0
5,162,No,14,4.0,1,4,17,3,BicolorDamselfish,38.03477331418633,No,,,,,NRL_nr,,1.0,250.531577008175,697.9246251072592,-477.1505762735289,2499.5779959547185,1695.0733449536513,85.41529815571498,L,49.65965784235933,31.162828788176295,157.24181281777678,54.0593059636532,0
5,162,No,14,4.0,1,4,17,6,BrownChromis,45.507300559775,No,,,,,NRL_nr,,1.0,384.29293501540906,607.2977020476987,-336.7150447074402,2398.1571655026364,1460.915990036712,57.45026966784006,L,39.60020862485904,19.883501874386656,142.08820401086518,53.46305862855728,0
5,162,No,14,4.0,1,4,17,9,BicolorDamselfish,37.16780152963254,No,,,,,NRL_nr,,1.0,225.6126140685024,-13.845258365942442,-499.9214029615029,2473.5319336563534,1127.4770634840736,29.573195468952058,R,28.054958654692104,4.365438313838224,12.169672695922385,29.595263664150742,0
5,162,No,14,4.0,1,4,17,10,BicolorDamselfish,45.86917549446222,No,,,,,NRL_nr,,1.0,290.497736687556,-243.89361457654527,-298.888185310947,2485.4110563602367,824.5505606395914,12.363570618950854,L,19.489484842025277,2.746310376832747,113.20372018187297,46.55838597192596,0
5,162,No,14,4.0,1,4,17,11,BicolorDamselfish,28.491015547566427,No,,,,,NRL_nr,,1.0,44.00750626991986,198.816582357468,-523.3063894453433,2456.525799658616,1282.8800148430576,47.167199977511665,L,36.866475576349146,12.72395650574865,159.88384399631076,41.41642342688902,0
5,162,No,14,4.0,1,4,17,12,BicolorDamselfish,47.92594645184827,No,,,,,NRL_nr,,1.0,88.90478335986212,509.6368865349425,-571.289770523297,2502.7458816231233,1544.6066989140224,106.0767727368721,R,52.57316950193576,33.55611798936447,116.09832649177493,46.043834620276165,0
5,162,No,14,4.0,1,4,17,13,BicolorDamselfish,40.09613700763256,No,,,,,NRL_nr,,1.0,16.615836958956383,456.471769763833,-744.2571477673574,2608.062315798271,1669.3603748955763,54.99579141715574,R,43.33661315474638,38.42733296358052,127.12259471453592,43.39721629165046,0
5,162,No,14,4.0,1,4,17,14,BicolorDamselfish,18.962657842005708,No,,,,,NRL_nr,,1.0,61.201810927578265,581.515271234075,-460.4262710733774,2456.9105705045354,1509.772537534045,103.4405310953372,L,64.50537759690872,35.68009178191063,122.89560105045857,50.869158334420206,0
5,163,No,14,1.0,1,4,18,4,BicolorDamselfish,51.93796362535174,No,,,,,NRL_nr,,1.0,319.5702981221773,-52.30960526999803,-232.55821298356847,2485.589361552865,709.5838658724355,20.40358405652344,L,29.523045248408135,6.149952805680774,73.6304496515159,49.058301442542955,0
5,163,No,14,1.0,1,4,18,5,BrownChromis,51.98320015078953,No,,,,,NRL_nr,,1.0,805.6837190505942,199.51361681018977,-296.71701317965017,2414.097416743702,999.0102185055651,17.005218646046167,L,23.841858232295383,14.791164767583306,81.55757288090875,36.933407003406195,0
5,163,No,14,1.0,1,4,18,7,BicolorDamselfish,50.796514838834945,No,,,,,NRL_nr,,1.0,405.81593460751986,620.9910176525387,-675.201805275499,2579.801646844288,1808.2273465378164,27.57181758711839,L,34.73760369961116,16.740007609186698,40.57551428397059,39.51008931106701,0
5,163,No,14,1.0,1,4,18,8,BicolorDamselfish,33.24862517032049,No,,,,,NRL_nr,,1.0,98.72134434910276,69.48283676610295,-651.1344926516675,2514.3916999921175,1343.9048356817343,58.45438361258727,L,43.03202630037321,43.03202630037321,58.35007604609919,33.651188472093814,0
5,163,No,14,1.0,1,4,18,9,BicolorDamselfish,38.02848024851509,No,,,,,NRL_nr,,1.0,51.936836294526515,209.1990787302019,-716.4266064285691,2656.54547897631,1568.239379300433,45.1665489548314,R,30.907030544029045,21.707294591181057,65.91078840470202,39.92066517783178,0
5,163,No,14,1.0,1,4,18,10,BicolorDamselfish,25.460709115449653,No,,,,,NRL_nr,,1.0,222.61665172817405,36.97374160151314,-512.0998468971646,2470.7000090002775,1138.3236613671477,61.590134964979114,L,43.204738932760215,33.42682150038161,61.126632827643945,32.223598708578336,0
5,163,No,14,1.0,1,4,18,11,BicolorDamselfish,58.37557425291558,No,,,,,NRL_nr,,1.0,171.16848593370395,279.5277522388563,-527.1053599961308,2450.7296938039326,1304.333249916028,63.95149547128385,R,34.29482725247268,16.046225740044278,114.27207655221314,39.71846477597226,0
5,163,No,14,1.0,1,4,18,12,BicolorDamselfish,55.964482429368054,No,,,,,NRL_nr,,1.0,332.42605848997476,382.6963421218138,-298.9791051445621,2396.105965918519,1148.8478934833702,38.404066234924755,L,32.32945456633281,13.451331880061526,122.05371848064642,46.29870890975427,0
5,163,No,14,1.0,1,4,18,14,BicolorDamselfish,27.85260535879573,No,,,,,NRL_nr,,1.0,122.4618416018291,520.5644772340671,-772.090182473551,2642.844838835605,1787.803211540022,37.18714063886869,L,35.44159046929934,26.44031941996122,48.90904831684679,41.06776235215959,0
5,164,No,15,2.0,1,4,19,2,BicolorDamselfish,33.40008893998483,No,,,,,NRL_nr,,1.0,134.0442875023807,-116.1877664309698,-568.072678090612,2560.664006005174,1326.011366123828,85.91538248796866,L,34.28463407442835,3.453944974059055,156.11275499922803,34.96913862157059,0
5,164,No,15,2.0,1,4,19,5,BrownChromis,51.82794703168717,No,,,,,NRL_nr,,1.0,703.2558315589878,607.2977020476987,-336.7150447074402,2398.1571655026364,1562.1049879452617,26.22373015461016,L,37.53673264042865,19.02653187572835,101.79721777766454,52.23337693863481,0
5,164,No,15,2.0,1,4,19,9,BicolorDamselfish,43.45889628692554,No,,,,,NRL_nr,,1.0,249.25597995313217,-187.40561396381827,-251.77634948426976,2504.877451215966,727.8566736836768,19.488160557046584,L,27.559602902733022,0.0,131.6052858701079,48.07706672735314,0
5,164,No,15,2.0,1,4,19,10,BicolorDamselfish,51.50780318729281,No,,,,,NRL_nr,,1.0,401.3768521121578,780.1254608266732,-683.069674808144,2614.9298770478613,1932.0643354444633,29.33825142418788,L,38.19133954026161,34.00994209212841,56.41986800470715,42.743184264359385,0
5,164,No,15,2.0,1,4,19,11,BicolorDamselfish,23.350334213441513,No,,,,,NRL_nr,,1.0,73.8266051667971,19.882138050371253,-640.4024924227268,2561.318061513547,1398.4020308985037,249.26244765553164,L,55.28314774973503,25.149036514181333,63.04542318164763,36.701075265020584,0
5,164,No,15,2.0,1,4,19,12,BicolorDamselfish,29.48091282038075,No,,,,,NRL_nr,,1.0,136.02296730037662,27.383624986353993,-648.2729802596068,2546.4726338028836,1432.8641432303489,184.87062419321637,R,48.36946811241072,31.803544436907412,67.75807187300286,33.645105271134504,0
5,164,No,15,2.0,1,4,19,13,BicolorDamselfish,39.75449980510149,No,,,,,NRL_nr,,1.0,173.5128466369716,117.93994338846824,-339.94840147631953,2430.3791744624123,1050.8483904539128,33.878321581333836,L,37.46942006609601,14.16290905190762,155.53813337802936,41.237991143337766,0
5,164,No,15,2.0,1,4,19,14,BicolorDamselfish,43.175334610623175,No,,,,,NRL_nr,,1.0,362.3660037360673,494.24004173024304,-446.5852376604468,2433.4371001419618,1448.881382280902,40.349105059990364,L,39.16316506310722,24.28674151450099,75.77223371427961,43.65920691640828,0
5,164,No,15,2.0,1,4,19,15,BicolorDamselfish,42.52594128797487,No,,,,,NRL_nr,,1.0,64.87757341207846,702.7355702114257,-520.4409467602337,2513.057582934841,1654.268773972318,57.01383388070701,L,45.514600484994254,20.718123433055695,122.14972278975598,51.6531729344451,0
5,165,No,14,0.5,1,4,20,1,BicolorDamselfish,36.09557781535749,No,,,,,NRL_nr,,1.0,183.9814986729915,333.7915305823865,-677.4206554189559,2530.139496750961,1553.36588859014,33.2893449090635,L,28.936457132970844,25.863452712241333,104.8075764635992,37.19755016191262,0
5,165,No,14,0.5,1,4,20,5,BicolorDamselfish,50.2726911834049,No,,,,,NRL_nr,,1.0,401.56808611817695,520.5489447910068,-488.9518420553594,2460.096171162992,1535.9965063918112,33.39302420876846,R,29.955788908805225,14.9268731361084,47.848199799237214,42.52232076670111,0
5,165,No,14,0.5,1,4,20,6,BicolorDamselfish,32.874788094922586,No,,,,,NRL_nr,,1.0,265.17536753785413,750.1160923698294,-507.8872461387695,2549.1689276021107,1772.916327146726,54.02198523842522,R,40.95722329523283,31.632293998759195,32.2445613308535,54.32437208252144,0
5,165,No,14,0.5,1,4,20,11,BicolorDamselfish,36.577444692939096,No,,,,,NRL_nr,,1.0,109.65878549978724,47.629663032709374,-647.4742982153292,2521.3536253427847,1380.347572991613,22.329732893534032,L,26.816235300788964,26.816235300788964,35.860671491273564,33.22465364308953,0
5,165,No,14,0.5,1,4,20,12,BicolorDamselfish,48.102321544907454,No,,,,,NRL_nr,,1.0,302.3280062468288,109.21196012585617,-271.2783352662303,2434.550531962254,840.3600922964033,16.16699431058328,R,26.407607824820037,12.032441898935335,102.64765797139763,47.73647262446204,0
5,165,No,14,0.5,1,4,20,13,BicolorDamselfish,98.38567361090004,No,,,,,NRL_nr,,1.0,295.66660196274694,631.7173484056594,-791.2101808043664,2832.1790589482534,2052.920743169246,12.481089107014824,L,22.76559160473276,6.6289654379293115,110.087667589476,49.737255059883736,0
5,165,No,14,0.5,1,4,20,14,BicolorDamselfish,19.015753465730295,No,,,,,NRL_nr,,1.0,79.2967566597488,711.1933566026834,-611.2816825319173,2561.8664257136475,1731.252026280832,44.9684689371217,R,36.29913477222926,15.523746915409262,1.4926891058518652,49.397427667699226,0
5,166,No,14,1.0,1,4,21,1,BicolorDamselfish,47.37379035244907,No,,,,,NRL_nr,,1.0,187.51215316756551,459.7628770025025,-704.9258115356486,2575.7476369690767,1664.2682706674852,67.57564970146257,L,36.635395867131614,14.437605745331188,138.08047721865418,39.771558222392294,0
5,166,No,14,1.0,1,4,21,2,BicolorDamselfish,30.191197532805695,No,,,,,NRL_nr,,1.0,2.7689068492993556,225.15070857354385,-713.7035140899826,2627.4245340294037,1534.110017278255,298.3769897636198,L,43.39147026642373,10.710561751125944,105.9331167141268,41.12787812344274,0
5,166,No,14,1.0,1,4,21,4,BicolorDamselfish,44.360300549127274,No,,,,,NRL_nr,,1.0,236.6920276009728,-243.89361457654527,-298.888185310947,2485.4110563602367,778.6685506642746,10.807315133387538,L,20.432307662738616,17.544257974253988,36.50134681387448,49.23913941207202,0
5,166,No,14,1.0,1,4,21,5,BicolorDamselfish,22.401009619172555,No,,,,,NRL_nr,,1.0,106.91516786474024,673.4394538919375,-579.6974919177827,2537.719724135459,1678.0541625367375,53.685222683393384,R,41.64825263553243,24.630838585501262,27.116098108592,48.86711564412557,0
5,166,No,14,1.0,1,4,21,6,BicolorDamselfish,33.648808859998184,No,,,,,NRL_nr,,1.0,332.202795026175,-3.689601321080957,-566.610239479408,2502.211906433309,1202.667885224294,19.748574468634665,R,21.612778219556485,5.100269379260167,76.11274650606767,23.643268737023433,0
5,166,No,14,1.0,1,4,21,7,BrownChromis,54.43432593904418,No,,,,,NRL_nr,,1.0,515.7513125030819,698.6961153614902,-656.6218843965555,2584.1472639341164,1830.5688798217736,31.063672666608984,R,28.132053489906113,28.132053489906113,88.88051691834542,41.539698407070674,0
5,166,No,14,1.0,1,4,21,9,BicolorDamselfish,22.2731097542703,No,,,,,NRL_nr,,1.0,114.19363892599554,492.5603268093808,-775.7563720184252,2674.7920335119557,1794.7912722640478,72.32558657765134,R,37.97330619242119,12.956406868623816,34.58477100676396,41.35474085673766,0
5,166,No,14,1.0,1,4,21,13,BrownChromis,54.33753396569681,No,,,,,NRL_nr,,1.0,624.0875237122584,607.2977020476987,-336.7150447074402,2398.1571655026364,1614.3612913595862,24.381632873005273,R,31.434395214464264,22.005553605469103,47.20548985740094,50.19490737069192,0
5,166,No,14,1.0,1,4,21,14,BicolorDamselfish,27.507986227072863,No,,,,,NRL_nr,,1.0,7.413888037572895,297.334513541304,-700.7772135777305,2661.4762919688555,1579.8611052201793,185.95133645640036,L,36.51774297234438,12.174965378823408,122.2990106280072,43.28262125147474,0
5,167,No,12,4.0,1,4,22,1,BicolorDamselfish,35.832518438558274,No,,,,,NRL_nr,,1.0,62.486926878246166,55.3073808801605,-648.7602414147865,2518.907678627239,1357.478141725047,113.56213384323958,R,45.950634862540745,28.19781711158211,98.6627581068448,35.04353834413063,0
5,167,No,12,4.0,1,4,22,2,BicolorDamselfish,26.896586359481343,No,,,,,NRL_nr,,1.0,161.18339550464913,499.62854162350425,-774.5822819026232,2665.80708130204,1809.461522947499,37.12595760212408,R,30.916441235922413,5.253618403879344,33.10612236415904,39.93289619875888,0
5,167,No,12,4.0,1,4,22,3,BicolorDamselfish,44.56422583184065,No,,,,,NRL_nr,,1.0,293.32101765134877,726.9758766524362,-532.8169830150938,2533.961814029775,1772.875347479363,35.08880929086112,L,35.03653497568836,26.86950361615977,156.19579483813965,53.24320383272862,0
5,167,No,12,4.0,1,4,22,7,BrownChromis,52.37839790758768,No,,,,,NRL_nr,,1.0,605.8026666308463,459.7643376520653,-470.4222163064436,2439.712291303297,1504.979385790603,43.292609081118584,R,43.467905804088275,10.472489085595942,32.54219178726286,39.21148615739541,0
5,167,No,12,4.0,1,4,22,9,BicolorDamselfish,42.4288026974589,No,,,,,NRL_nr,,1.0,206.232389636596,535.3441084908467,-673.3725412088559,2562.907735757122,1682.607099415383,50.614921593431504,L,35.7039469102681,30.94751475150154,92.585289152028,41.62258875378939,0
5,167,No,12,4.0,1,4,22,10,BicolorDamselfish,22.677059729540876,No,,,,,NRL_nr,,1.0,116.93668300174808,-37.63719139731898,-614.315805118357,2543.839411701327,1313.1864234234065,86.63183793484407,R,32.0524838774464,1.84624035597125,17.491857151820007,32.958035182542645,0
5,167,No,12,4.0,1,4,22,11,BicolorDamselfish,40.35134190127528,No,,,,,NRL_nr,,1.0,165.4000422962079,148.13545628675448,-659.8511075783186,2487.1459730067963,1341.8829607868308,75.71055835227298,L,43.60913015871336,24.322427055141496,56.53461852008691,32.311119419269666,0
5,167,No,12,4.0,1,4,22,12,BrownChromis,93.464018705335,No,,,,,NRL_nr,,1.0,422.22591347587826,525.1070322746916,-429.6395825157987,2429.8575417482507,1471.7396457813938,69.12951792414223,L,36.45013382180892,11.819080710177412,108.52481999476386,44.05542556199436,0
5,168,Yes,14,8.0,1,4,23,1,BicolorDamselfish,41.564836744429456,Yes,2393.0,2387.0,0.0,1.0,FR,1140.2187365546447,1.0,314.1769965511504,-20.598678923520907,-248.58945101801336,2470.4306266858166,739.7843262569992,28.98691730265115,L,30.296986629075633,0.0,160.62447841798476,47.51579788850329,1
5,169,No,13,2.0,1,4,24,1,BrownChromis,50.98335706555307,No,,,,,NRL_nr,,1.0,503.8170217250172,686.4970568196525,-484.8288848557235,2491.253428384047,1769.6233297762867,43.610662906237366,R,46.543023143445694,41.2927293262785,33.08403999014392,52.17931622095638,0
5,169,No,13,2.0,1,4,24,5,BicolorDamselfish,62.99854417586736,No,,,,,NRL_nr,,1.0,66.17970320079527,392.29921142921313,-478.2353170334859,2436.9114446647527,1360.8385302496376,40.88464075513539,L,38.66240713211562,8.369340138770813,119.38207215716687,46.24287715811429,0
5,169,No,13,2.0,1,4,24,6,BicolorDamselfish,28.557122386832443,No,,,,,NRL_nr,,1.0,136.87214736495557,401.0324306979311,-747.3808471556782,2629.6962189866103,1709.6416256591,50.18942783209933,L,42.85170524925274,5.516986846158943,169.22799187764306,39.01700947204765,0
5,169,No,13,2.0,1,4,24,7,BicolorDamselfish,56.6136037328913,No,,,,,NRL_nr,,1.0,131.26154292510162,523.0226387589687,-689.895950815394,2574.521156907941,1679.235172865992,73.97265338401907,L,52.776881746399425,21.58393693005962,148.10275552996097,42.67174498457313,0
5,169,No,13,2.0,1,4,24,10,BicolorDamselfish,45.851346349073985,No,,,,,NRL_nr,,1.0,340.2052247862181,-139.3174841388094,-262.68197027689143,2485.508384248663,668.0702492199348,18.69591457882049,L,31.322759944922,22.456076027179968,37.65841868474295,43.5808155327365,0
5,169,No,13,2.0,1,4,24,11,BicolorDamselfish,42.32633973224586,No,,,,,NRL_nr,,1.0,233.23100206593045,795.9667704141468,-555.02865412903,2596.276323706178,1841.6968134188453,71.13581047552415,L,64.70753088109497,48.873538774658634,106.19512257621396,54.04867963639509,0
5,169,No,13,2.0,1,4,24,12,BicolorDamselfish,48.7347827487614,No,,,,,NRL_nr,,1.0,256.71084352072074,667.3786405559017,-665.8093420066849,2583.3178150218173,1758.6847264247715,66.45171930726899,R,55.992390959404545,31.7756311124732,8.439323314787254,44.29925183365251,0
5,170,No,14,6.0,1,4,25,1,BicolorDamselfish,38.793083689816925,No,,,,,NRL_nr,,1.0,29.480267157848058,21.294711355064297,-313.919938585302,2435.228647065965,1042.676462806918,40.62206879662897,R,39.30195608440805,11.436686041573616,118.31128319392184,45.21033538037649,0
5,170,No,14,6.0,1,4,25,2,BrownChromis,49.93765749312342,No,,,,,NRL_nr,,1.0,661.4121041751952,481.224804937111,-427.9934721856003,2423.010670717526,1397.162056169633,29.80075709395155,L,33.20686905647919,22.506999666372135,157.91870300068726,41.1107639816895,0
5,170,No,14,6.0,1,4,25,4,BrownChromis,44.63984795383955,No,,,,,NRL_nr,,1.0,680.3250045415749,75.38398513642134,-343.3331618305566,2435.2898268008344,974.0461916017488,26.663637670297565,R,32.00345681594626,3.4601091954449608,67.82471331709452,27.688668950147576,0
5,170,No,14,6.0,1,4,25,6,BicolorDamselfish,43.36539816402875,No,,,,,NRL_nr,,1.0,321.4783193531523,42.158438164250185,-555.2159771503343,2478.238892320951,1177.9876847248654,56.457135000641934,R,47.6233010065307,47.6233010065307,129.20213696919072,25.9894389095016,0
5,170,No,14,6.0,1,4,25,7,BicolorDamselfish,52.610638787976264,No,,,,,NRL_nr,,1.0,163.5653698240097,187.21350442452663,-675.0153531140255,2501.8337098871284,1479.4508076980337,72.28849775098753,R,50.39447959810264,50.39447959810264,111.16863018305632,33.47116026813641,0
5,170,No,14,6.0,1,4,25,8,BicolorDamselfish,60.18765010262574,No,,,,,NRL_nr,,1.0,247.9563909456974,536.0415594522292,-673.3874375080263,2563.045308433644,1680.6800860709675,53.9527733774482,L,33.56400203344555,23.690443218950374,146.25554315879168,41.07129495341554,0
5,170,No,14,6.0,1,4,25,11,BicolorDamselfish,30.3080636999498,No,,,,,NRL_nr,,1.0,55.34312650532941,274.8636826053123,-729.0201837760361,2644.419425296497,1601.6672927955567,155.4186236837296,L,58.19733278695678,32.86101877673715,75.37152515456025,40.14937687909566,0
5,170,No,14,6.0,1,4,25,12,BicolorDamselfish,24.6208498020394,No,,,,,NRL_nr,,1.0,91.1526842140112,352.9587608734521,-753.6057235141747,2684.2841342634715,1694.2347989680018,148.8189221711017,R,49.19403157736691,40.34114027259245,73.92198265024962,40.42105572378857,0
5,170,No,14,6.0,1,4,25,13,BicolorDamselfish,51.270688097673656,No,,,,,NRL_nr,,1.0,222.5329093560991,152.694071570201,-477.4685547248475,2452.5933714690905,1163.4958912510665,70.52833872247722,R,54.809726301174166,19.865181864551367,99.37149071780718,36.2876511459205,0
5,170,No,14,6.0,1,4,25,14,BicolorDamselfish,21.97903765284935,No,,,,,NRL_nr,,1.0,3.321043165696975,546.2026296862749,-582.7174857372679,2565.3176847342665,1601.7655951694564,56.97336228772444,L,45.06752990102559,38.910914076576255,163.26019424683793,49.02226250588128,0
5,172,No,10,2.0,1,4,26,1,BicolorDamselfish,56.49385946029916,No,,,,,NRL_nr,,1.0,83.2384037203762,378.2946838484429,-767.0105324618469,2719.320605160967,1738.8454844246703,12.01100965451921,R,15.649565203229162,8.865640635723679,87.46186427825867,41.50741614055494,0
5,172,No,10,2.0,1,4,26,8,BicolorDamselfish,44.98356780629206,No,,,,,NRL_nr,,1.0,345.76133779848556,857.6529559928676,-658.1920316970574,2700.2763581200406,2121.072420370299,21.282029777462448,R,21.453673830388645,21.453673830388645,60.61630526903567,52.05460608005549,0
5,172,No,10,2.0,1,4,26,9,BicolorDamselfish,49.85272606294562,No,,,,,NRL_nr,,1.0,397.9303738853458,774.1868514609604,-685.5704262891238,2615.956753678845,1942.055068451093,19.254363809254997,R,15.206677770084188,10.033252328382693,108.79327286449012,42.601886374219795,0
5,172,No,10,2.0,1,4,26,10,BicolorDamselfish,23.81181033333233,No,,,,,NRL_nr,,1.0,208.33672468526515,381.5007444408796,-500.194997116437,2442.669871976453,1351.2333835731467,16.951729564442765,R,15.457939570503845,0.3208302032487556,12.527470726457834,42.19357691790755,0
5,173,No,13,4.0,1,4,27,2,BicolorDamselfish,61.37432934078903,No,,,,,NRL_nr,,1.0,207.88752632036204,744.9529202970559,-677.8494087484071,2604.253216456903,1842.3985264797373,20.991789994313887,L,23.75935017708758,23.75935017708758,87.24308193903893,45.78799689290692,0
5,173,No,13,4.0,1,4,27,3,BicolorDamselfish,17.12427873586964,No,,,,,NRL_nr,,1.0,46.663243517052464,18.206504586737548,-642.5462048336855,2530.727176076456,1344.5894507098817,11532.363529838103,R,163.51884131352736,24.13781642416056,127.3747885406132,35.57666924370482,0
5,173,No,13,4.0,1,4,27,5,BicolorDamselfish,60.28904120912766,No,,,,,NRL_nr,,1.0,54.12512000275393,11.206301993171408,-641.4396810933944,2539.6267629124973,1372.2663959684437,380.2697050373953,R,41.538117896713146,14.597803134141143,81.54020931894638,36.39801922888598,0
5,173,No,13,4.0,1,4,27,6,BicolorDamselfish,40.26619230507238,No,,,,,NRL_nr,,1.0,9.765568292305412,-89.77028918374235,-317.63798924387237,2479.0136835655494,1045.8714161744513,26.40587645918751,L,27.115381180800515,11.868665681451455,57.826245528544035,45.355631313926935,0
5,173,No,13,4.0,1,4,27,7,BrownChromis,51.976399483289526,No,,,,,NRL_nr,,1.0,442.98009975262545,461.53016101007154,-271.5365063605204,2383.075779843952,1200.6057759794844,21.953953011541785,L,26.11745247490553,16.472143496607675,61.237265821955674,54.36687849047941,0
5,173,No,13,4.0,1,4,27,8,BicolorDamselfish,39.171745554022806,No,,,,,NRL_nr,,1.0,5.5205651469236265,295.8748255687496,-619.6389815801265,2674.015978794707,1532.6626428334762,33.00462233186593,L,33.83777121626061,15.730517941218285,82.69440973284105,45.89811986060127,0
5,174,No,12,1.0,1,4,28,2,BicolorDamselfish,51.52584743221059,No,,,,,NRL_nr,,1.0,237.8252539458694,7.178709572218282,-640.6991562333468,2534.240381371494,1361.176341256017,22.40154502361911,L,23.88131774330324,15.905457714669184,102.39503244400385,27.470065197585377,0
5,174,No,12,1.0,1,4,28,3,BicolorDamselfish,22.585658975289427,No,,,,,NRL_nr,,1.0,4.460854704336333,213.6197183201659,-383.2075110569136,2492.8299050843693,1242.2387213135955,83.46984949660853,L,49.445619554406896,18.519261447039412,177.72752894533235,48.74806064106041,0
5,174,No,12,1.0,1,4,28,4,BicolorDamselfish,37.71841806386755,No,,,,,NRL_nr,,1.0,184.58524711696347,343.0228277272937,-449.6781039192308,2430.1387753807085,1281.823122884195,75.28357454904678,R,32.55158405244061,8.304345143244891,17.899233114896184,43.23482292816515,0
5,174,No,12,1.0,1,4,28,5,BicolorDamselfish,26.629163489346297,No,,,,,NRL_nr,,1.0,135.0164129347225,406.21453567778246,-632.4793783146137,2516.745101827141,1527.2163575040895,58.61632271123007,R,36.71783361008249,33.936340317898924,114.1720518732146,41.39763323607201,0
5,174,No,12,1.0,1,4,28,6,BicolorDamselfish,34.15076899161336,No,,,,,NRL_nr,,1.0,35.144623383714226,681.264966513218,-475.04414621081946,2485.103276580543,1602.4247731793257,56.461903579830114,L,42.75354136001397,17.00934204204708,78.45722142282905,52.9779410127986,0
5,174,No,12,1.0,1,4,28,7,BicolorDamselfish,35.92885187415183,No,,,,,NRL_nr,,1.0,76.78299950074211,186.77550664938943,-388.4286988087571,2432.5223663710394,1161.1561371132786,95.28902518336956,L,44.427170901755574,20.153833300303155,66.57416740292388,44.32760631731952,0
5,174,No,12,1.0,1,4,28,11,BrownChromis,55.00764900066238,No,,,,,NRL_nr,,1.0,448.4204022853136,539.0823200233665,-476.3068097211645,2456.6760567584824,1553.1204407906823,37.18480369499881,L,27.088511699303396,12.565661985030252,143.79620908045226,42.65337032001796,0
5,175,Yes,10,7.0,1,4,29,9,BicolorDamselfish,43.08591061952132,Yes,2396.0,2393.0,0.0,1.0,FR,1470.8394295101757,1.0,403.9391391740759,140.21735230038863,-241.64043806089072,2443.179465755151,763.710190973136,13.875223042832271,R,20.8863012088197,10.96837145784824,103.58067752555142,53.082140988310165,1
5,176,No,9,1.0,1,4,30,1,BicolorDamselfish,28.478890399896876,No,,,,,NRL_nr,,1.0,4.090192112467097,272.5757461895402,-606.833834384619,2658.0824706760063,1500.781597145071,308.3243391966348,R,88.17692120877216,7.644330583234863,44.78510093590121,45.42049147351262,0
5,176,No,9,1.0,1,4,30,2,BicolorDamselfish,87.60215681676505,No,,,,,NRL_nr,,1.0,1.5845543312867614,338.0290894725833,-639.214939381582,2606.571523091622,1529.9603933219637,145.17518917550782,L,34.01102083733382,23.993157779628177,87.1295527503008,44.63890889800128,0
5,176,No,9,1.0,1,4,30,5,BicolorDamselfish,31.19605890047209,No,,,,,NRL_nr,,1.0,252.2546008487669,7.178709572218282,-640.6991562333468,2534.240381371494,1336.294101281194,16.89906620761916,R,24.71144297872901,20.66273315125137,101.92203933918246,26.697800452105856,0
5,176,No,9,1.0,1,4,30,7,BrownChromis,54.96284670073003,No,,,,,NRL_nr,,1.0,509.12625904910385,-99.6069427592804,-325.5902051703063,2449.5638304905774,857.2724131324729,11.431547137759932,L,17.22221367552659,2.862542044533691,162.80175318648878,21.543773430735484,0
5,176,No,9,1.0,1,4,30,9,BicolorDamselfish,40.978988177611456,No,,,,,NRL_nr,,1.0,66.42832103985484,792.7231631441983,-706.5679421855776,2662.9933707446708,1928.579780390888,17.876414087796537,R,22.975934256810618,22.975934256810618,63.08884380757522,49.98803473779088,0
5,178,No,8,0.5,1,4,31,1,BicolorDamselfish,36.08125461739424,No,,,,,NRL_nr,,1.0,352.75307023251816,205.62028761833275,-296.1275549393974,2413.373355135201,934.191606535458,17.99694179698218,L,17.849073603732283,6.760610537531253,130.8629979521043,44.98453911221638,0
5,178,No,8,0.5,1,4,31,2,BicolorDamselfish,40.23287346825355,No,,,,,NRL_nr,,1.0,1.2840244951618125,414.8257283620006,-692.9206531134241,2668.376657089947,1640.1306270082148,124.18558869949358,R,27.516426719051925,8.306612890195396,102.36024792029384,45.44356419483829,0
5,178,No,8,0.5,1,4,31,3,BicolorDamselfish,31.583579253513456,No,,,,,NRL_nr,,1.0,5.146458872331903,110.13117103045998,-316.86949356087285,2458.12642363572,1117.3108149099864,25.831478274252333,L,15.41484466153864,6.459266067078528,67.45279955218992,48.321979904369854,0
5,178,No,8,0.5,1,4,31,4,BicolorDamselfish,28.548666425542987,No,,,,,NRL_nr,,1.0,72.83937232563974,7.178709572218282,-640.6991562333468,2534.240381371494,1372.2155893549716,22.71616920197475,R,14.575429404884853,0.0,47.39910777341548,35.2077976746141,0
5,178,No,8,0.5,1,4,31,5,BicolorDamselfish,34.35864183842698,No,,,,,NRL_nr,,1.0,5.642155080317212,504.60881670802064,-723.7820916728116,2645.3783313653635,1702.3543417627918,296.06660119982996,R,28.033944932769774,20.511224373996814,109.1368930502013,45.82745956353577,0
5,178,No,8,0.5,1,4,31,8,BicolorDamselfish,43.3522914336404,No,,,,,NRL_nr,,1.0,342.00422392257786,227.73541692625616,-619.6959416587902,2476.77277991332,1409.710435567103,21.16403659292393,R,18.957847296120992,2.902520020989901,36.612514762392,32.34304264524848,0
6,182,No,29,1.0,3,1,1,1,BicolorDamselfish,28.18404935447371,No,,,,,NRL_nr,,1.0,42.76605165162228,-360.2470079810457,-347.0457413526492,2365.3881634378477,1639.3950376377957,216.9357232906669,R,85.73448869226465,50.07793002518298,146.2324484859678,51.94980430731811,0
6,182,No,29,1.0,3,1,1,7,BicolorDamselfish,31.353565480685923,No,,,,,NRL_nr,,1.0,27.860064368462915,-276.2649609688247,-382.5442534812217,2346.1393894762405,1600.576953872755,224.33711064072276,R,90.01488977953281,83.52612225002541,93.5946729129213,48.93462926019109,0
6,182,No,29,1.0,3,1,1,9,BrownChromis,38.66966681163736,No,,,,,NRL_nr,,1.0,309.89874077642196,317.0899919300387,-195.25792072846227,2309.9467805467234,999.881004866804,91.17669113584996,L,75.32451428389004,58.72906280777368,124.92618901689632,25.4018802980585,0
6,182,No,29,1.0,3,1,1,10,BrownChromis,26.645228280039987,No,,,,,NRL_nr,,1.0,348.3849729292182,315.6680456884786,8.36641583867771,2273.352464279677,804.6226464168747,96.12204624873104,R,92.77415299910427,27.725291483376676,163.02889478083816,39.60813938886025,0
6,182,No,29,1.0,3,1,1,14,BrownChromis,51.87871635547837,No,,,,,NRL_nr,,1.0,449.4705471389155,265.69551339079663,-257.4219674144816,2314.341000436628,1095.075011664564,88.48634078799121,L,74.11421544408275,69.31531979331835,110.5599001267891,31.428968841337667,0
6,182,No,29,1.0,3,1,1,15,BrownChromis,63.82972448263695,No,,,,,NRL_nr,,1.0,589.8817969073766,224.01590173834393,-76.5158696717693,2287.868591511021,978.0818804683267,73.43365334171904,L,79.8935903330377,43.53667616116399,69.93057969945332,42.05636902223995,0
6,182,No,29,1.0,3,1,1,19,BrownChromis,41.842656554196566,No,,,,,NRL_nr,,1.0,209.26369540353107,-386.69834538568057,-497.5730598643287,2406.4582691933324,1812.7906410409985,71.78112917618756,R,68.1409129595696,31.455899092740843,139.05302678718888,47.07706549527721,0
6,182,No,29,1.0,3,1,1,20,BrownChromis,55.25072008804486,No,,,,,NRL_nr,,1.0,134.23676859832796,-73.46337215183178,-771.6394972346163,2569.080600542813,1898.691702074661,29.95526162538984,L,54.957992862071606,53.660770721048834,124.69258364222794,34.3928114448663,0
6,182,No,29,1.0,3,1,1,21,BrownChromis,47.351325667124456,No,,,,,NRL_nr,,1.0,391.0970783184828,446.34742520773375,-294.38098858267983,2410.0174094401254,1070.34285338728,53.0268380621211,R,61.02957552143404,59.12801830238197,86.59688047637654,13.06631317196076,0
6,182,No,29,1.0,3,1,1,22,BrownChromis,49.354825274643936,No,,,,,NRL_nr,,1.0,507.5084342734936,488.2732762643899,84.68140385916189,2387.57294843165,654.1560449626371,63.41136870708281,R,62.03107943233391,0.0,155.52276490106888,12.946108693690269,0
6,182,No,29,1.0,3,1,1,23,BrownChromis,49.78894992067987,No,,,,,NRL_nr,,1.0,581.9288363645231,346.0938650135544,-20.21925519363031,2299.033469583932,733.8022346205996,75.41475740224567,L,69.09148267745763,47.146982988539825,97.29222723871824,12.82187531442238,0
6,182,No,29,1.0,3,1,1,28,BrownChromis,53.08452183360439,No,,,,,NRL_nr,,1.0,260.0567535944734,426.332304340644,161.74607429850468,2354.4132552175925,667.3566524765815,102.65193706765432,L,79.42973924756961,36.70179641281047,77.06137043208494,51.49857106228857,0
6,183,Yes,27,7.0,3,1,2,1,BrownChromis,33.212702760536494,Yes,2388.0,2390.0,0.0,1.0,FR,1558.5729070674754,1.0,551.2658657252383,315.6680456884786,8.36641583867771,2273.352464279677,695.6030610958863,117.21334192611484,R,68.05354259787757,1.75685528579737,150.63799538890837,40.49047011971888,1
6,183,Yes,27,7.0,3,1,2,2,BrownChromis,38.38089314733968,Yes,2390.0,2392.0,2.0,1.0,FR,2253.670863665667,1.0,471.5476553352232,366.2686128502581,65.16408800897494,2303.314175289476,560.6269951173996,93.42917762930244,R,73.22006795811545,0.0,133.79983228753997,44.87284654385951,1
6,184,No,33,4.0,3,1,3,9,BrownChromis,35.67474418367644,No,,,,,NRL_nr,,1.0,528.0532232658601,156.0936668457693,-135.20377321142666,2297.9908795023707,1061.5555977972658,81.60916349477932,L,93.0674070170454,84.4925320943985,99.11053863988866,42.16436735468575,0
6,184,No,33,4.0,3,1,3,12,BicolorDamselfish,35.41235792166349,No,,,,,NRL_nr,,1.0,381.19857413455975,-309.89997263150053,-390.15787832656326,2351.70725873447,1553.0630388079987,129.63499505195054,R,113.52815241604492,63.763364227059746,153.02660258355374,53.07741462103097,0
6,184,No,33,4.0,3,1,3,15,BrownChromis,21.96281343909389,No,,,,,NRL_nr,,1.0,294.8764362865452,-457.8974459863499,-419.3189288313821,2416.586032938933,1860.3917505293332,261.8219668565907,R,120.718702331581,61.45754509570606,166.09265571325687,54.62820091981077,0
6,184,No,33,4.0,3,1,3,17,BrownChromis,27.157704682628673,No,,,,,NRL_nr,,1.0,232.4788698106268,-408.4502411224494,-458.9364477663195,2389.7275615416015,1810.9955418411864,146.1265607310174,L,95.93128808644384,95.93128808644384,85.46416953890456,49.25853842846047,0
6,184,No,33,4.0,3,1,3,18,BrownChromis,44.55366667034011,No,,,,,NRL_nr,,1.0,590.1338961149802,-90.95424667178574,-267.7199974891419,2322.6117152224892,1305.5335443498998,97.33092362821976,L,96.15703026254204,30.32931747013433,13.43485849080944,51.89784969631157,0
6,184,No,33,4.0,3,1,3,19,BicolorDamselfish,29.4605111058399,No,,,,,NRL_nr,,1.0,152.214541518203,-248.6366191359854,-522.2304340617173,2399.143449427045,1727.0313568865977,92.9951994372068,L,83.80499009757986,83.80499009757986,80.08792683550831,43.29502249573513,0
6,184,No,33,4.0,3,1,3,20,BrownChromis,57.68965399565922,No,,,,,NRL_nr,,1.0,782.7262342788516,315.6680456884786,8.36641583867771,2273.352464279677,808.210928930451,106.66344750669028,L,90.8950809428179,8.848548950242616,45.67065429011956,52.561940435732865,0
6,184,No,33,4.0,3,1,3,21,BicolorDamselfish,33.19855862099132,No,,,,,NRL_nr,,1.0,9.293921044207172,-225.91432809897668,-399.0561815034936,2353.3111569449857,1596.0249033299624,85.17739004065453,L,88.05674795670002,29.21816666889279,26.339008266587076,47.018589281433904,0
6,184,No,33,4.0,3,1,3,30,BrownChromis,52.80573803269145,No,,,,,NRL_nr,,1.0,696.3187219586489,-326.64056332516867,-427.7451388988163,2351.163350570435,1685.4444917832632,69.24190920464248,L,89.05736902959673,84.53750295328864,116.87351204268846,52.57944707964763,0
6,184,No,33,4.0,3,1,3,32,BrownChromis,53.02623985183369,No,,,,,NRL_nr,,1.0,656.5442144955014,306.00373510906644,1.8045895559415044,2274.523223259115,870.703987135076,101.86948781150768,L,85.78759102024587,27.304188748504107,51.78726426763321,43.65521278163621,0
6,186,Yes,31,6.0,3,1,4,20,BrownChromis,31.0085654654699,Yes,2390.0,2390.0,0.0,1.0,FR,1013.4224299295032,1.0,311.782614908459,315.76992250060067,8.480769611791828,2273.4127877854125,731.9364155213045,160.18506639418987,R,113.49209062833748,99.2476886819938,61.444255009009495,44.943100052489605,1
6,187,Yes,35,4.0,3,1,5,22,BrownChromis,65.73805425923129,Yes,2372.0,2370.0,0.0,1.0,FR,544.2961945844069,1.0,764.809680759159,337.034577117893,32.34972898345379,2286.004058439148,539.6718203350158,85.00268421841247,R,83.84384996058728,69.92175261796856,67.28493479523262,29.947106055980836,1
6,188,No,27,1.0,3,1,6,3,BrownChromis,51.3270375196596,No,,,,,NRL_nr,,1.0,285.1572856688118,450.6071787241851,159.83168729704323,2353.252898893432,622.4118077626918,144.90342681008838,L,128.7955112734982,58.85568139769373,3.618370144858599,45.75564608541093,0
6,188,No,27,1.0,3,1,6,5,BrownChromis,43.182787040058194,No,,,,,NRL_nr,,1.0,244.23395653443143,554.4453360344339,188.0881248253044,2438.6969459260863,714.4116239588884,124.23638934285889,R,100.3495949748742,40.03005593966005,123.74840298011958,40.11919353677606,0
6,188,No,27,1.0,3,1,6,6,BrownChromis,47.099083421046366,No,,,,,NRL_nr,,1.0,241.94272791983252,522.4996135631866,-191.04195549023277,2455.350885800255,1041.8239621525329,43.751394871284994,R,69.61294053111018,65.65172891495406,96.61105960590938,22.6128407642814,0
6,188,No,27,1.0,3,1,6,10,BicolorDamselfish,26.61906701460235,No,,,,,NRL_nr,,1.0,94.5287752473852,-436.8060420618474,-358.5292610144768,2389.646447347304,1719.7351133836105,83.67785102645252,R,69.54049856319806,63.474506402171095,139.41730736229172,53.63675996043567,0
6,188,No,27,1.0,3,1,6,12,BrownChromis,51.30634719893611,No,,,,,NRL_nr,,1.0,307.5803112870549,315.6680456884786,8.36641583867771,2273.352464279677,817.0551910031538,82.08362059719555,L,96.27503632225746,85.22450130379191,89.24901970990494,34.0531988603863,0
6,188,No,27,1.0,3,1,6,13,BrownChromis,68.17495553193814,No,,,,,NRL_nr,,1.0,365.8504644138806,503.40198985802215,210.1840525244864,2397.6773083639428,514.0495577255018,182.2152166047817,R,118.64908669276149,35.84349144081265,118.50653839770024,54.27265956094177,0
6,188,No,27,1.0,3,1,6,16,BrownChromis,58.18964369099268,No,,,,,NRL_nr,,1.0,517.8605255677859,518.8273671304797,224.10143700311264,2411.8308642226693,359.29274866463703,146.07424212904112,R,107.03288426731685,23.13511259612576,129.81951445056774,54.037262631704166,0
6,188,No,27,1.0,3,1,6,17,BrownChromis,50.36654689751852,No,,,,,NRL_nr,,1.0,573.8073605410826,446.7408832828788,155.4918825615204,2350.963580152783,399.4642399071403,101.06230771919704,R,96.53103291072124,72.49463095849428,70.40813190362522,33.600724073391554,0
6,188,No,27,1.0,3,1,6,18,BrownChromis,54.6741592328359,No,,,,,NRL_nr,,1.0,437.0423376950102,601.6954180537078,298.86826476506303,2487.8664494099357,565.0530397729584,99.25858684444076,L,91.46297819013768,87.09063875536928,138.147816249624,43.11579838034094,0
6,188,No,27,1.0,3,1,6,23,BrownChromis,50.10304105606615,No,,,,,NRL_nr,,1.0,432.7767616904655,285.2625709875343,-1.1433547158445236,2278.1280317298633,810.597412449017,115.397944385013,L,107.87692929864424,44.01281151358361,26.60116821614621,52.74693514072817,0
6,188,No,27,1.0,3,1,6,25,BicolorDamselfish,36.648915335334344,No,,,,,NRL_nr,,1.0,161.08273469365193,-329.50797215865094,-375.95380224128394,2356.7817060331945,1599.0806339578885,89.34793845472662,R,71.63386978017331,71.02283219461263,97.01346459374504,51.44091932570937,0
6,189,Yes,32,7.0,3,1,7,12,BrownChromis,49.20160688979065,Yes,2390.0,2395.0,0.0,1.0,FR,2646.729199553015,1.0,955.5748138622704,331.6414914410585,-93.49838391704122,2298.629864949879,850.8391718882308,56.40060759483797,R,86.57769822026526,75.06715937789592,50.11682088785068,25.815831312447617,1
6,189,Yes,32,7.0,3,1,7,13,BrownChromis,50.53239239734248,Yes,2393.0,2398.0,3.0,1.0,FR,1368.1248495956213,1.0,927.9927189871872,461.0872804354809,-410.0530627472148,2443.2552005030357,1195.46498941243,27.721431807884013,R,62.02431227152235,62.02431227152235,48.14024823709026,14.41275291562478,1
6,189,Yes,32,7.0,3,1,7,14,BrownChromis,59.3257554828453,Yes,2393.0,2398.0,3.0,1.0,FR,1925.6214674688272,1.0,755.0686883079421,378.0446587351448,-68.34958750121638,2328.46117554749,779.8138455695164,65.19095387332574,R,85.94764021658699,65.22211236986001,16.97170259762102,12.11876012165025,1
6,189,Yes,32,7.0,3,1,7,25,BrownChromis,51.93599950641078,Yes,2392.0,2397.0,2.0,1.0,FR,1535.2489706945878,1.0,683.3415435573535,315.3593009038421,-15.24557851117033,2277.3795645987543,830.7510895767713,68.04765903158274,L,96.37727562070415,39.87844568917082,1.2118867710350951,34.01753986948556,1
6,190,No,37,0.5,3,1,8,4,BrownChromis,46.72073025212296,No,,,,,NRL_nr,,1.0,471.50799971277667,-249.74773186742863,-418.3289507800633,2348.295969208819,1543.8363229007389,76.0462513703193,L,79.15605383438148,22.89971471394704,33.64288084934092,47.11745569033412,0
6,190,No,37,0.5,3,1,8,20,BicolorDamselfish,34.35415037182391,No,,,,,NRL_nr,,1.0,126.31716876490002,-236.5525084505361,-289.20673150362217,2347.8388857231525,1485.9277722969512,168.5987803549631,R,113.92373898840576,71.22557000818443,94.81448445052426,51.249586192883065,0
6,190,No,37,0.5,3,1,8,21,BrownChromis,18.46115954023548,No,,,,,NRL_nr,,1.0,271.4587000282168,-597.0570526968338,-512.215888836499,2607.9325591858055,2278.962875253899,85.75371469371075,R,79.34078890968611,70.28361270122244,84.73991370549426,54.47455724370016,0
6,190,No,37,0.5,3,1,8,25,BicolorDamselfish,45.24419870188815,No,,,,,NRL_nr,,1.0,104.34437798295988,-359.25600627107497,-325.17318649162115,2367.3475122873388,1608.4133577702275,173.5611375789681,R,112.52009776985324,42.42545588581924,104.5908512671676,52.99046335348015,0
6,190,No,37,0.5,3,1,8,31,BrownChromis,23.193484040885252,No,,,,,NRL_nr,,1.0,321.4830565438492,-539.62562748467,-500.76215900708746,2496.744905689606,2006.1984193966025,132.51053568474526,L,107.51053812691195,42.76006173202351,20.794871441410383,54.1979691005531,0
6,190,No,37,0.5,3,1,8,35,BrownChromis,31.79818564778613,No,,,,,NRL_nr,,1.0,215.730065500401,-126.45236618610753,-563.3807772722444,2405.174149606404,1701.185399700783,58.3557233490281,L,76.64254650043691,76.64254650043691,100.26924125781152,38.76608363102105,0
6,190,No,37,0.5,3,1,8,36,BrownChromis,17.963404592128843,No,,,,,NRL_nr,,1.0,171.7193137832148,-450.4205510841439,-437.4736636828702,2415.076191412671,1830.934537470424,152.5647446645685,L,117.10709536998836,45.545209641153974,25.026162164999835,52.76313762986661,0
6,191,Yes,36,5.0,3,1,9,9,BrownChromis,43.68075852239313,Yes,2397.0,2396.0,0.0,1.0,FR,1854.0759009795056,1.0,289.5012270125933,481.3577800310339,190.2948959566596,2377.450642290443,620.1804563773737,32.641391591628015,L,67.71393526891339,7.031445155383393,38.77479352571471,39.3583448993302,1
6,192,No,39,2.0,3,1,10,2,BrownChromis,17.27028242204351,No,,,,,NRL_nr,,1.0,425.0956028558244,-392.6531262757466,-462.159937886387,2387.5975805151184,1847.8034761532112,121.54025093459964,L,89.80515229914855,23.13897096451605,34.221502075181725,47.76976661473115,0
6,192,No,39,2.0,3,1,10,6,BicolorDamselfish,36.52323762428127,No,,,,,NRL_nr,,1.0,109.12143133351536,256.2185397200362,-741.0849897216107,2678.6336138095144,1823.6712430488644,19.523883150476713,R,51.902247610873765,18.39581573029394,158.90453483406074,27.30045440118322,0
6,192,No,39,2.0,3,1,10,12,BicolorDamselfish,32.47863160300527,No,,,,,NRL_nr,,1.0,139.757407776324,-239.1926804953148,-413.1434229307885,2347.315799919379,1569.35447328314,69.5930003767003,L,81.10674729768802,61.666362536636534,122.77063669892036,46.56451534981224,0
6,192,No,39,2.0,3,1,10,13,BrownChromis,20.16341440559948,No,,,,,NRL_nr,,1.0,491.4974051882042,-423.6926853399493,-464.4565880620699,2401.5652712889055,1947.6572528838335,158.8907504922852,L,93.83329348034896,54.79710740824565,26.998972706567184,53.34514754461366,0
6,192,No,39,2.0,3,1,10,14,BrownChromis,44.5542495508479,No,,,,,NRL_nr,,1.0,801.7137887382081,124.90746053910536,-564.5418809038885,2372.7710906490356,1510.2506661317118,42.19852082046379,R,65.17051087912463,58.220962596999655,86.6747232792597,35.667756217406556,0
6,192,No,39,2.0,3,1,10,16,BrownChromis,51.61849838343189,No,,,,,NRL_nr,,1.0,667.5483967017993,-464.5611928156876,-582.6050277044922,2476.727430736534,2181.517614458827,84.45990723715103,R,71.73108683415866,35.5059379325101,147.2977910256057,50.67673959252637,0
6,192,No,39,2.0,3,1,10,19,BrownChromis,43.8306518761025,No,,,,,NRL_nr,,1.0,998.6325212240312,254.39082328279684,-317.5481040906216,2323.6133482231007,1254.4670758633365,43.581630871034065,L,71.18544098244107,50.61251569051552,144.74795756615475,41.17803277968757,0
6,192,No,39,2.0,3,1,10,20,BrownChromis,52.35789901404116,No,,,,,NRL_nr,,1.0,724.0023285285835,311.157186242543,-336.6123272865797,2332.1896800578365,1106.1955019223246,53.51382142120289,R,68.00962097383102,32.795728522975025,122.73297263454366,22.66227098276135,0
6,192,No,39,2.0,3,1,10,21,BrownChromis,53.33669895772331,No,,,,,NRL_nr,,1.0,762.0551073583378,314.3059819024241,-95.80066331802166,2291.1184891013804,879.4127616184438,54.22475285290192,R,70.88521414588791,47.37863595025205,59.86323711658922,28.020082012626087,0
6,192,No,39,2.0,3,1,10,22,BrownChromis,56.93474639884943,No,,,,,NRL_nr,,2.0,1014.7289202617052,1115.237156329345,-1263.1385316123828,3033.872962064375,1879.1085574452056,9.392490027594262,R,34.103086464377,34.103086464377,36.744358987227336,26.053857220455008,0
6,192,No,39,2.0,3,1,10,27,BrownChromis,20.92310403805458,No,,,,,NRL_nr,,1.0,481.4687890346904,-337.7870585056178,-414.7353891079521,2354.5320815190225,1707.8919438726994,148.1714147312392,R,101.91094387836483,62.260426177430006,128.14604697611475,54.1363729327436,0
6,192,No,39,2.0,3,1,10,28,BrownChromis,36.96612810709959,No,,,,,NRL_nr,,1.0,334.4401591295426,-362.5049243307987,-385.8856704704923,2362.002397366319,1674.6501254611535,141.98445586717122,R,95.40040768934412,40.05064424713788,150.52822070655088,53.63900315535356,0
6,192,No,39,2.0,3,1,10,31,BrownChromis,56.08825128573531,No,,,,,NRL_nr,,1.0,921.8586052327254,315.6680456884786,8.36641583867771,2273.352464279677,773.4152587772783,40.575132539228065,L,63.31338460875536,37.62328521399789,102.847491427361,51.127721824583894,0
6,192,No,39,2.0,3,1,10,32,BrownChromis,48.3933059691439,No,,,,,NRL_nr,,1.0,860.276741108357,582.9523605620701,-482.3260586226032,2558.6508619500732,1294.169467156201,23.61458608872196,R,52.28600581563867,20.354607256659293,111.68263045670888,11.851034992205667,0
6,192,No,39,2.0,3,1,10,36,BrownChromis,48.11394109352738,No,,,,,NRL_nr,,1.0,746.6688134543052,-355.83252621466295,-436.8495017965945,2363.759448905788,1880.221561241608,77.76023917688008,R,80.6011970938069,56.92319769582517,53.5867933228857,52.292364918784315,0
6,192,No,39,2.0,3,1,10,37,BrownChromis,42.64886569710579,No,,,,,NRL_nr,,1.0,1057.6408750603273,383.6438255192464,-425.12422280963256,2380.9216794175113,1201.4196147453104,30.24439784461185,R,56.31788106785441,27.379845245465095,119.00930494525656,22.986039908107006,0
6,193,No,23,1.0,3,1,11,1,BrownChromis,55.068234364372,No,,,,,NRL_nr,,1.0,1098.4631788882518,613.7681048296319,95.64591012620838,2496.466582388296,1017.499782018768,16.332756388846736,L,38.83737987514749,38.83737987514749,126.56683079682954,44.8370621948616,0
6,193,No,23,1.0,3,1,11,4,BicolorDamselfish,33.32293800263997,No,,,,,NRL_nr,,1.0,162.6924344928632,227.5549240307194,-143.31210509790017,2297.866294569303,1074.930395362835,42.559393172289504,R,57.52058455597016,19.092095286713473,52.98144700711034,38.69037056671762,0
6,193,No,23,1.0,3,1,11,5,BicolorDamselfish,22.039714405082226,No,,,,,NRL_nr,,1.0,46.36493723805768,-232.2000646140284,-488.8057761942156,2374.7500746750343,1668.0536345274277,59.607330017269035,L,70.51312325908984,65.71913712748956,27.244621305180807,44.57550679938217,0
6,193,No,23,1.0,3,1,11,10,BrownChromis,68.45838157439489,No,,,,,NRL_nr,,1.0,1001.1705721904054,532.6499282502206,164.5106992992556,2418.532862856664,582.4479575488665,36.40127298106162,L,49.672461481846405,43.45539510107267,104.88928404156331,40.96655048463401,0
6,193,No,23,1.0,3,1,11,11,BrownChromis,48.221940259044054,No,,,,,NRL_nr,,1.0,952.1896066140498,462.952374711624,173.68881250140754,2360.5627615151766,298.07562081200416,59.34822812690994,R,63.25371902389391,13.524461345253634,123.45242160791776,47.56734280070314,0
6,193,No,23,1.0,3,1,11,13,BrownChromis,40.55818670864559,No,,,,,NRL_nr,,1.0,749.1124283821623,462.952374711624,173.68881250140754,2360.5627615151766,253.839050998322,72.15550746025062,L,65.46152658118316,18.51138141823634,26.86811713581529,49.057773945146174,0
6,193,No,23,1.0,3,1,11,18,BrownChromis,37.90223700052654,No,,,,,NRL_nr,,1.0,699.9615537790362,337.75043728108795,33.153261298396586,2286.427935018723,631.0999426519812,86.80619910775967,L,76.22226384487287,49.78872413836691,113.44670980489796,16.411588359159083,0
6,193,No,23,1.0,3,1,11,19,BrownChromis,28.827957159337817,No,,,,,NRL_nr,,1.0,170.0461724258323,-489.25498688743846,-485.0113304603232,2455.396723998877,1900.6471586962537,23.308555195247617,L,50.46828881071846,50.46828881071846,82.04028881487547,52.34529471750939,0
6,193,No,23,1.0,3,1,11,20,BrownChromis,46.99730640813866,No,,,,,NRL_nr,,1.0,658.6303872949208,315.6680456884786,8.36641583867771,2273.352464279677,703.4406746915473,134.6261240850529,R,71.31531850768324,39.22942504717404,136.7448511301842,28.52137802667038,0
6,193,No,23,1.0,3,1,11,21,BrownChromis,27.639062940911145,No,,,,,NRL_nr,,1.0,491.3249472345316,337.95900370761944,-334.7826428693954,2344.108103779623,1091.6197177123547,40.31045094890541,R,63.13880824008858,49.61301050717873,103.63220704040204,17.630658131808193,0
6,193,No,23,1.0,3,1,11,22,BrownChromis,26.99213202983529,No,,,,,NRL_nr,,1.0,519.9227394805852,315.6680456884786,8.36641583867771,2273.352464279677,783.2702217514959,91.06252371672473,R,75.34735011325198,32.08645401186975,65.94273546229198,32.044942614180506,0
6,193,No,23,1.0,3,1,11,23,BicolorDamselfish,33.80493638313587,No,,,,,NRL_nr,,1.0,81.45130621844521,-31.05377326580973,-518.3179015652718,2365.5130041032153,1544.3268840038656,71.91775627336305,L,80.63572447873806,36.058182030024696,72.34076314096434,38.36199332474384,0
6,194,Yes,27,4.0,3,1,12,3,BrownChromis,47.851172631127326,Yes,2375.0,2388.0,0.0,1.0,FR,941.3648023375682,1.0,635.7726180212544,439.07711384956673,146.88952317550175,2346.4256933683823,383.9105612971362,145.44529395566843,R,94.21751865300828,23.59218663243895,96.63182548395152,27.65235517091328,1
6,195,Yes,34,8.0,3,1,13,1,BrownChromis,90.40579847043988,Yes,2381.0,2387.0,0.0,1.0,FR,882.3901387824943,1.0,690.5939502365569,334.8465757194844,29.893760738322527,2284.708494589467,613.1744960425193,199.5130551176,R,103.35070739122908,23.54804138390626,126.20007195405222,18.685422470024665,1
6,195,Yes,34,8.0,3,1,13,2,BrownChromis,44.79823244689778,Yes,2382.0,2388.0,1.0,1.0,FR,861.5664602709014,1.0,662.6609053446989,380.8742902379051,62.126756557733344,2313.951067929652,627.7424329091539,258.8443252887949,L,127.92544133176872,127.92544133176872,135.63925583303677,8.982812678540565,1
6,195,Yes,34,8.0,3,1,13,3,BrownChromis,48.43949741119525,Yes,2383.0,2389.0,2.0,1.0,FR,1406.4005502539844,1.0,685.6171453581346,420.9103016672651,126.49780228014563,2335.6687234942074,368.3066018925234,111.88386208179044,L,91.88215623117593,0.0,45.61499622460829,41.99719324616995,1
6,195,Yes,34,8.0,3,1,13,6,BrownChromis,53.48572588822388,Yes,2383.0,2389.0,2.0,1.0,FR,1246.6422707549873,1.0,557.681532917427,432.0186068506474,138.9665533547368,2342.2461958108524,482.13114464350787,139.2118007541691,L,101.02378090702712,56.653344050371416,126.53510681501,18.63772951433648,1
6,196,No,28,2.0,3,1,14,1,BrownChromis,44.69267554942977,No,,,,,NRL_nr,,1.0,348.7862182632178,423.8280643977735,-591.8659208360299,2474.078923078056,1576.4141971923336,26.87985875957329,L,47.60957077197413,43.832014898784266,63.32075645836967,13.377135482173632,0
6,196,No,28,2.0,3,1,14,4,BrownChromis,56.10433572676736,No,,,,,NRL_nr,,1.0,283.99356149632615,-241.35837628488787,-243.5159727038735,2353.2227851891275,1426.2157188360543,100.9142897238239,L,90.7852701717704,64.18198841368826,53.84065676766472,54.3443608965538,0
6,196,No,28,2.0,3,1,14,6,BrownChromis,148.8136766828668,No,,,,,NRL_nr,,1.0,16.17704167731673,-98.28833318730916,-53.13559892259171,2360.0420374468085,1298.920676784517,53.08057505867328,L,64.67907375408318,32.07028459113549,77.01128159517043,54.63746013845152,0
6,196,No,28,2.0,3,1,14,8,BrownChromis,45.93432223693788,No,,,,,NRL_nr,,1.0,731.0539663787151,578.3577611821995,-357.0334090049363,2532.2002183745117,1152.9997747382774,699.3482212287378,L,53.9242854825446,30.78182873796147,86.48178332023285,8.57672637244967,0
6,196,No,28,2.0,3,1,14,9,BrownChromis,57.41627722609809,No,,,,,NRL_nr,,1.0,705.3865453747852,571.4207258856624,-384.76117085817384,2531.3727838870345,1175.781315261217,700.5980644464821,L,111.15726836569496,111.15726836569496,129.08679314314276,7.240237078740145,0
6,196,No,28,2.0,3,1,14,10,BrownChromis,49.01563263234106,No,,,,,NRL_nr,,1.0,764.0475324459251,315.6680456884786,8.36641583867771,2273.352464279677,693.1449361239645,33.32668009616242,R,58.87396719631526,32.95975620793561,78.48855092258029,39.19340609899361,0
6,196,No,28,2.0,3,1,14,13,BrownChromis,39.41388518486123,No,,,,,NRL_nr,,1.0,581.0871078867061,382.8456257414682,-420.03399608035613,2379.6585571137653,1156.0788653985132,56.144166921943665,L,67.81705465216719,13.428348068715318,33.450536923436495,12.367168602031134,0
6,196,No,28,2.0,3,1,14,14,BrownChromis,50.8827600971055,No,,,,,NRL_nr,,1.0,533.414306341318,301.4476435413776,-503.07481808726857,2361.148833976629,1303.1819994537082,58.6964217424578,L,69.6901150233204,28.862656225320393,35.497850433633026,21.563424203583025,0
6,196,No,28,2.0,3,1,14,17,BrownChromis,45.92404646173077,No,,,,,NRL_nr,,1.0,673.069050801251,43.157769625413536,-421.25719504051625,2345.138346170993,1399.8893263314835,66.23432515330757,R,71.63673585705628,36.414033172784286,155.22631067768293,39.31232280144945,0
6,196,No,28,2.0,3,1,14,18,BrownChromis,53.224569077923555,No,,,,,NRL_nr,,1.0,830.5525233514694,251.74661460998945,-397.0863957266769,2337.634676347502,1315.4924721038008,55.94283034259819,L,65.72338174840446,50.48969156269472,99.05146474562264,35.992090534967595,0
6,196,No,28,2.0,3,1,14,21,BicolorDamselfish,33.01553035890423,No,,,,,NRL_nr,,1.0,494.6200994713153,91.3333004554228,-61.79765742630253,2308.587096128642,1024.3589750950568,69.8968519660577,L,77.6793535827538,29.468682022930125,34.722721004102695,54.56239235299038,0
6,196,No,28,2.0,3,1,14,23,BrownChromis,45.210197899656094,No,,,,,NRL_nr,,1.0,738.1685604946747,-264.1769628431315,-449.5186756484286,2354.722836829034,1765.3564156616665,94.16131170810736,L,58.494959471139325,58.494959471139325,68.44413103281241,45.55394676115928,0
6,196,No,28,2.0,3,1,14,24,BrownChromis,33.41202839905877,No,,,,,NRL_nr,,1.0,593.8177161311581,-326.64056332516867,-427.7451388988163,2351.163350570435,1720.3287541087832,88.95372092554241,R,77.34678886279461,57.191685250892235,124.68548202239,47.95510180562037,0
6,197,No,24,4.0,3,1,15,1,BicolorDamselfish,40.53959591285224,No,,,,,NRL_nr,,1.0,280.02220654034517,-381.4550924701782,-359.8647949234782,2368.1124102734557,1606.3564294000753,125.4392846623889,R,103.72042647222072,39.790434428034686,116.06476324366903,54.264712084444795,0
6,197,No,24,4.0,3,1,15,2,BrownChromis,22.283050748033403,No,,,,,NRL_nr,,1.0,264.20324259674993,-420.0232331019838,-486.76416224490777,2408.646572230062,1870.4411416392184,147.66102357047728,R,86.93953230168901,86.93953230168901,96.7740707123134,50.413199589404435,0
6,197,No,24,4.0,3,1,15,3,BrownChromis,23.46325995661227,No,,,,,NRL_nr,,1.0,316.43959523006083,-502.93656706096,-451.9833465499818,2457.7294178721804,1937.095743150437,141.2378378348521,R,76.38011994118496,44.5309781208086,168.4758907090296,54.684522465760566,0
6,197,No,24,4.0,3,1,15,10,BrownChromis,44.8219452794047,No,,,,,NRL_nr,,1.0,640.8110704566428,315.6680456884786,8.36641583867771,2273.352464279677,797.358772381883,34.22343574606152,R,43.19544317846322,0.0,164.65628162953743,43.266089801201566,0
6,197,No,24,4.0,3,1,15,12,BrownChromis,69.0300439739492,No,,,,,NRL_nr,,1.0,219.70094729629415,-376.8240182091771,-443.3963092725879,2372.8171096862434,1727.3957357073086,161.3471426209838,R,89.84709138809993,76.29597926785063,84.72699688453999,51.08894241023214,0
6,198,Yes,39,6.0,3,1,16,2,BrownChromis,63.17972421839437,Yes,2399.0,2394.0,0.0,1.0,FR,798.9077509754374,1.0,117.18292166033662,462.40808723422913,-392.06751045204055,2441.121712614292,1258.628977685035,87.78983603826464,L,119.3751161262132,16.49097290906773,44.01670683178809,24.09939691318233,1
6,199,No,25,1.0,3,1,17,2,BrownChromis,55.61536810112864,No,,,,,NRL_nr,,1.0,356.1412516913162,485.8757957769751,28.756578770988583,2392.5321471827283,771.092987662225,36.72775817399917,R,47.353972387437544,47.353972387437544,55.84817224244973,22.081591342469775,0
6,199,No,25,1.0,3,1,17,6,BrownChromis,58.521894520448384,No,,,,,NRL_nr,,1.0,290.49509583794537,365.4196324269354,-137.88973094163137,2328.859066420147,932.5400957620102,50.07722460379385,R,43.89754226865722,4.652511680378254,154.10734186253177,23.727196230742557,0
6,199,No,25,1.0,3,1,17,13,BrownChromis,57.42638013534794,No,,,,,NRL_nr,,1.0,152.82952901160772,-628.8453431336574,-488.1343384761245,2560.317089022895,2057.6642299579476,68.8228854711859,R,74.7219537247377,44.68146034046542,117.3571206326289,54.68162950721438,0
6,199,No,25,1.0,3,1,17,25,BicolorDamselfish,33.65008565659778,No,,,,,NRL_nr,,1.0,104.09932036724436,310.04982666789095,-112.55640259351397,2293.599199721984,1025.6611580710935,41.67316124045439,L,56.68505448683084,29.36893329667191,61.7499935111606,36.565570909059375,0
6,200,No,25,0.5,3,1,18,1,BrownChromis,52.1404207980772,No,,,,,NRL_nr,,1.0,333.77439490078535,202.27034355471815,-362.9754522736277,2331.439934907477,1244.1695853291474,72.09126079154416,L,82.10539898269599,58.20732564165407,102.55868302711735,32.72402988186945,0
6,200,No,25,0.5,3,1,18,2,BrownChromis,50.04628916057647,No,,,,,NRL_nr,,1.0,897.8943909744917,-410.64452901245915,-464.21269931777607,2393.3146854347196,2140.9047582533317,42.95420786893643,L,59.56453218993943,33.97291152217437,26.4407444885189,54.45145775964657,0
6,200,No,25,0.5,3,1,18,7,BrownChromis,40.55206027442127,No,,,,,NRL_nr,,1.0,240.4015686519606,-488.0334369194818,-405.738735248839,2435.846751773606,1863.7049107732264,105.9900462725398,R,86.5489645834411,55.035739348606135,143.11248771434975,54.93086675655188,0
6,200,No,25,0.5,3,1,18,13,BrownChromis,37.89624164681776,No,,,,,NRL_nr,,1.0,746.3284718950313,-568.3761245729488,-578.5853387237594,2539.8672842366886,2274.8022145410037,56.37440909209436,L,59.80321849335906,59.80321849335906,72.02840965228387,53.89251652817556,0
6,200,No,25,0.5,3,1,18,14,BrownChromis,46.66352176408838,No,,,,,NRL_nr,,1.0,720.3310312864547,-0.1057986510132309,-541.5684959226131,2369.7709236024566,1642.638806282181,39.282772633623246,L,68.98459263517972,68.98459263517972,94.61132820970472,37.380621974507314,0
6,200,No,25,0.5,3,1,18,15,BrownChromis,49.43723538332515,No,,,,,NRL_nr,,1.0,349.58881021123216,271.9493621102963,-561.2582362291462,2370.2345108091986,1395.2838127625494,53.750773040915,L,72.31442529372275,55.96206401492638,85.6102910767318,25.44179405045116,0
6,200,No,25,0.5,3,1,18,18,BrownChromis,43.71464315466214,No,,,,,NRL_nr,,1.0,574.807244209952,102.00365453375952,-349.725331360336,2331.332470257088,1272.6860918121731,55.143887335481786,L,77.33826088041461,53.869285782317455,93.15249239154714,38.70720646104016,0
6,200,No,25,0.5,3,1,18,19,BicolorDamselfish,32.04436021081982,No,,,,,NRL_nr,,1.0,188.79026727156352,-289.65478233160474,-440.6376275716084,2353.270984107314,1680.6458340226256,140.84712945670665,L,92.70461173676084,71.88587397100034,103.29545649476933,45.998887874893704,0
6,200,No,25,0.5,3,1,18,20,BicolorDamselfish,25.60261988613776,No,,,,,NRL_nr,,1.0,87.12526947506855,-342.8953818737316,-432.8146769584482,2358.177174671133,1701.4100711773335,156.16307966574308,R,97.36025977051796,44.6437063964043,126.73052649538336,48.53757212031809,0
6,200,No,25,0.5,3,1,18,21,BrownChromis,22.307735041183392,No,,,,,NRL_nr,,1.0,228.53168355831727,-471.5389786434773,-582.4400286224665,2481.015486018483,2008.1010952543145,112.81078473377012,L,78.16286045228941,52.360555247188024,32.85194319120166,48.05979560948928,0
6,200,No,25,0.5,3,1,18,22,BrownChromis,29.80132374913918,No,,,,,NRL_nr,,1.0,123.8998655596785,-439.608610788352,-659.9813787950416,2543.7220083729185,2013.2067718556705,86.49461124097418,R,71.9731891981914,20.377174469988717,141.7860729692268,44.95820337126707,0
6,200,No,25,0.5,3,1,18,23,BrownChromis,38.278768797543734,No,,,,,NRL_nr,,1.0,645.2361613667913,639.5970975775493,-425.9209783088755,2627.673748068873,1578.1243887327237,8.128037325057306,R,31.070939192907243,0.0,151.10986267661488,24.801559469478704,0
6,200,No,25,0.5,3,1,18,25,BicolorDamselfish,31.47798174524616,No,,,,,NRL_nr,,1.0,53.000322736759976,252.9516107608366,-35.56485601314031,2281.1532548048453,1017.5879916261912,45.98612480689265,L,79.27657863700705,56.01256069890103,118.81542519125918,42.9783574115503,0
6,201,No,25,6.0,3,1,19,1,BrownChromis,25.099670215305135,No,,,,,NRL_nr,,1.0,167.83776775319222,-276.1316628495588,-684.6617769045147,2529.87798198369,1930.4834960115636,195.8389759543623,L,80.09328689065428,61.02372697815622,92.81755356368969,40.29913320567753,0
6,201,No,25,6.0,3,1,19,3,BrownChromis,26.235929103143224,No,,,,,NRL_nr,,1.0,120.5170637592177,-505.1728624998231,-581.6447104372684,2501.6845000699436,1988.2837095666475,72.22278515203342,R,69.32715816609493,61.117816118419974,152.88386745086189,49.06730412636684,0
6,201,No,25,6.0,3,1,19,4,BrownChromis,27.238107003782492,No,,,,,NRL_nr,,1.0,140.06698361105433,-209.96241330015383,-728.5363904639854,2556.3949249634384,1929.639885676674,191.0180555228171,R,78.51918231574838,72.51441365636444,99.1642158507,38.30550221607181,0
6,201,No,25,6.0,3,1,19,5,BrownChromis,60.51735552985447,No,,,,,NRL_nr,,1.0,198.0999936870577,-9.261742329427705,-93.26027345895288,2324.3868301139987,1176.4447875552005,271.3916606027288,R,146.65142286296884,28.07592779245871,70.62505449063366,52.05744425776,0
6,201,No,25,6.0,3,1,19,6,BrownChromis,83.8563889688512,No,,,,,NRL_nr,,1.0,198.11843502589505,-70.28394781877185,-185.3782461901292,2326.8076640885774,1277.5816946214254,284.02716166411955,R,141.41845904264548,88.81340446542318,123.14205659693783,50.54646881861006,0
6,201,No,25,6.0,3,1,19,11,BrownChromis,52.73983103537668,No,,,,,NRL_nr,,1.0,448.2100629184149,-403.8754019298216,-451.8330702815036,2384.4895652433593,1811.573959399604,83.28035426956546,R,98.09672317612817,87.64525379199674,93.49262379241291,51.70092207249387,0
6,201,No,25,6.0,3,1,19,13,BrownChromis,35.97653355634083,No,,,,,NRL_nr,,1.0,337.20764086844446,-15.755870442094498,-100.23676879608732,2324.9217432606506,1152.8735041337677,192.8077206578007,R,120.90926682367378,92.2852909363563,129.47472959953205,53.59215794243299,0
6,201,No,25,6.0,3,1,19,14,BrownChromis,34.65581708386653,No,,,,,NRL_nr,,1.0,351.5919356692149,-5.609395775862708,-818.4342509815175,2597.8707584695185,1996.800981245556,46.53875082061883,R,52.5284874106097,52.5284874106097,69.10276574950058,29.4347963747206,0
6,201,No,25,6.0,3,1,19,15,BicolorDamselfish,32.832404808622485,No,,,,,NRL_nr,,1.0,51.923511236922714,-121.66714477532754,-553.5550021891554,2398.0111341522374,1659.2825141987096,102.461749033292,R,89.05686091929715,72.38651574825673,88.3158546125716,40.243435544863054,0
6,201,No,25,6.0,3,1,19,16,BicolorDamselfish,33.54583513021233,No,,,,,NRL_nr,,1.0,84.88593731660167,298.8081437181482,-408.836853982243,2343.4426855900565,1291.8271890206274,297.58724290604135,R,100.5084515215576,33.394716474061994,156.02084692373444,29.63606817500643,0
6,201,No,25,6.0,3,1,19,17,BrownChromis,40.567566124901006,No,,,,,NRL_nr,,1.0,154.2255993535566,310.1262903015822,-415.452555023232,2345.6361302631944,1272.4223972710397,296.6130889233144,L,98.19414861223234,90.93122425871844,130.31381879304303,27.83034168715941,0
6,201,No,25,6.0,3,1,19,18,BrownChromis,39.70443371357041,No,,,,,NRL_nr,,1.0,218.99313248851405,312.94506541418434,-199.88000013584116,2308.8695491896665,1041.7191557294948,105.60952142362032,R,79.01049633042652,3.628509873804511,174.3657879919487,29.260378343749423,0
6,201,No,25,6.0,3,1,19,19,BrownChromis,41.810338214146675,No,,,,,NRL_nr,,1.0,195.18007196356487,19.254931994993388,-207.0703207828965,2311.3971790298147,1237.450437353224,263.5084510104086,R,170.2440366913156,60.567416718438054,172.64392364227194,44.359395413668,0
6,201,No,25,6.0,3,1,19,20,BrownChromis,27.1235994557932,No,,,,,NRL_nr,,1.0,32.89775120438229,48.85215703557935,-230.46428465181407,2314.364418081166,1309.1406514169223,285.60785523961425,R,132.63351317388862,53.03502462960196,151.54716905340342,44.444934153292515,0
6,201,No,25,6.0,3,1,19,21,BrownChromis,57.66024947121479,No,,,,,NRL_nr,,1.0,80.59403937823895,99.66893557415418,-214.1377197875966,2310.94708909111,1226.7401335627883,309.47104773468516,L,146.3717375399359,101.50590346509054,112.3475113700613,42.13249337911916,0
6,201,No,25,6.0,3,1,19,22,BrownChromis,37.87075379024904,No,,,,,NRL_nr,,1.0,117.20514635357526,164.54483637822358,-94.24248095070776,2291.65991133942,1082.1873644973325,203.51161879261497,R,120.95185195146507,18.822304948785646,171.8606047069945,44.229770664861306,0
6,201,No,25,6.0,3,1,19,25,BrownChromis,54.01865949543723,No,,,,,NRL_nr,,1.0,456.7236907099228,-206.38587964782897,-346.09520251772716,2336.5953946280138,1452.367821346687,96.33232933645408,L,101.0013115074455,68.95902960406232,76.28823088197156,49.15322519082305,0
6,202,Yes,28,4.0,3,1,20,16,BrownChromis,32.04337714509399,Yes,2389.0,2384.0,0.0,1.0,FR,1263.5789163988625,1.0,618.0897121025926,315.6680456884786,8.36641583867771,2273.352464279677,631.1450597448772,46.24174382056674,L,71.55716657978209,0.0,10.340265764088144,22.517550801427472,1
6,204,Yes,27,6.0,3,1,22,4,BrownChromis,39.39228207729504,Yes,2395.0,2391.0,0.0,1.0,FR,827.3544078064309,1.0,815.0945870420996,373.90016893062295,73.73028883862109,2307.832987837642,464.8223620455197,45.18931992213825,L,62.1956846954818,17.61505206911978,28.273844030479317,34.113311592854444,1
6,205,No,24,1.0,3,1,23,1,BrownChromis,65.30702017249877,No,,,,,NRL_nr,,1.0,366.3725784122988,462.952374711624,173.68881250140754,2360.5627615151766,564.7112353286795,104.21162711804364,L,91.24059902795454,27.65062593447163,76.76177929126305,33.37436666288003,0
6,205,No,24,1.0,3,1,23,2,BicolorDamselfish,39.10169754737642,No,,,,,NRL_nr,,1.0,150.8723097334115,383.47152643718465,-730.0367489868944,2802.952507008571,1874.6722610830252,14.544883090845362,R,44.357282040983016,32.885877169742514,134.3902553400864,25.99646341450408,0
6,205,No,24,1.0,3,1,23,3,BicolorDamselfish,27.07765404633246,No,,,,,NRL_nr,,1.0,155.47250928470166,-289.994653277183,-381.3919055678264,2348.8300418810018,1573.2346900919665,45.80117019588077,L,68.69471249449728,57.34804866948158,78.66046157559634,50.299118092448495,0
6,205,No,24,1.0,3,1,23,10,BrownChromis,44.99378396956678,No,,,,,NRL_nr,,1.0,267.93558175315695,327.95343589735296,146.81946049517015,2347.03203148487,722.2403365790142,87.43518971365263,L,92.17409923688749,45.74088847773763,63.16371741848132,54.90574898042883,0
6,205,No,24,1.0,3,1,23,11,BicolorDamselfish,46.90261143416102,No,,,,,NRL_nr,,1.0,1.3753090250866555,382.04526182156025,-217.2549204477663,2353.242222264892,1153.3321936721225,36.25278586545754,L,63.02339296124614,46.2029846069085,65.06513299796579,34.24249233226999,0
6,205,No,24,1.0,3,1,23,13,BrownChromis,41.76639517582424,No,,,,,NRL_nr,,1.0,528.6904358977176,390.9193299740418,92.83380454560994,2317.910408179233,593.3027127077037,121.9857822314888,L,84.54777286588646,65.87839413748615,118.31721122019466,15.973321684741236,0
6,205,No,24,1.0,3,1,23,14,BrownChromis,54.67726782993106,No,,,,,NRL_nr,,1.0,720.788751717367,365.03340701801096,63.77760521129193,2302.5827826933205,537.1372092599131,104.59769591154146,R,88.04683630585983,75.54236202379738,50.49167169812592,20.83243618533742,0
6,205,No,24,1.0,3,1,23,15,BrownChromis,41.64124694570194,No,,,,,NRL_nr,,1.0,599.3399586204088,462.952374711624,173.68881250140754,2360.5627615151766,454.3672710510114,115.397996596118,L,91.92457225993726,13.432286568879334,42.20955440343312,9.160730946704296,0
6,205,No,24,1.0,3,1,23,24,BrownChromis,54.635740273097134,No,,,,,NRL_nr,,1.0,876.1683810126469,315.6680456884786,8.36641583867771,2273.352464279677,749.799982017732,51.65571069196965,R,64.91713706244978,63.70374495291797,37.14609885420453,35.024451668071066,0
6,206,Yes,29,6.0,3,1,24,10,BrownChromis,36.88540101021825,Yes,2399.0,2393.0,0.0,1.0,FR,960.6199638233392,1.0,543.925573812316,393.1347696918684,95.32057151017514,2319.2222188625583,481.2201966365069,57.38203405730924,L,66.3689621902525,8.400141650604136,41.32610940282349,38.18310104760636,1
6,208,No,22,4.0,3,1,25,10,BrownChromis,50.82649733133822,No,,,,,NRL_nr,,1.0,110.13836251957144,557.3054784629257,21.38413870609519,2446.284994118645,935.391177521969,17.303656915728702,L,33.994008102355174,33.994008102355174,132.7604354841381,35.80947257235065,0
6,208,No,22,4.0,3,1,25,12,BrownChromis,27.371847683703276,No,,,,,NRL_nr,,1.0,200.1400074662754,-398.774646689548,-511.613921582341,2417.5768632364848,1831.56092305272,64.19409817523973,R,46.53640356105976,44.40404463951695,99.28425146363412,46.98629011026008,0
6,208,No,22,4.0,3,1,25,13,BicolorDamselfish,33.921350957249345,No,,,,,NRL_nr,,1.0,160.8778504552849,-35.21148153747785,-261.7645321343662,2320.664226074044,1320.9441330469776,47.86233437390523,L,54.129884443526024,42.97478084278433,93.95856174335648,44.67167956156517,0
6,208,No,22,4.0,3,1,25,14,BicolorDamselfish,33.344633927154874,No,,,,,NRL_nr,,1.0,277.3617632332915,-433.18855167468945,-380.152659325503,2390.074029735009,1792.078333732494,105.81145040608531,R,65.67802499146437,32.02013159278938,148.4727837828109,54.92407079016246,0
6,208,No,22,4.0,3,1,25,17,BrownChromis,48.18497280815885,No,,,,,NRL_nr,,1.0,367.1102151371044,49.746238120293185,-74.80463806822664,2315.1188744741494,1076.2398224090502,74.61112477890697,L,55.122553349208694,33.963876174290725,89.21068961355031,53.48470527056219,0
6,210,No,27,0.5,3,1,27,1,BrownChromis,53.333414427728634,No,,,,,NRL_nr,,1.0,433.2091160287053,-279.02219236589553,-384.8380667890833,2346.43204226973,1520.6398841254843,83.17518286112872,L,67.89400492448424,43.67986879312235,93.96908536413348,53.2187916228386,0
6,210,No,27,0.5,3,1,27,2,BrownChromis,69.5462048311325,No,,,,,NRL_nr,,1.0,387.50441086684066,-405.73762649721647,-452.41385918983775,2385.293100239009,1793.124643300605,182.60854369835363,R,107.64779256466468,47.5218145050539,136.72771027124222,53.13630287190068,0
6,210,No,27,0.5,3,1,27,11,BrownChromis,58.51367364018027,No,,,,,NRL_nr,,1.0,141.55772899070163,-363.88108271196046,-692.4545352114224,2553.188706153681,1988.346170574564,55.940059219543365,L,70.47724544646465,70.47724544646465,70.80567007755029,42.42918208107012,0
6,210,No,27,0.5,3,1,27,15,BrownChromis,52.8256758373557,No,,,,,NRL_nr,,1.0,398.9791986058113,-373.3632895427254,-442.31698035629023,2371.323832966222,1806.3519918316897,133.91643114333365,L,102.78523544516852,97.20149008193414,107.38727200964118,48.06786735360506,0
6,210,No,27,0.5,3,1,27,16,BrownChromis,21.89612091191489,No,,,,,NRL_nr,,1.0,173.72674448300083,-426.76685550247646,-502.9794675906798,2419.670745105968,1852.646705619508,150.90936232519363,R,103.49023181809174,31.816018234741534,120.62956266987028,49.159734175214986,0
6,210,No,27,0.5,3,1,27,22,BicolorDamselfish,27.808048123192908,No,,,,,NRL_nr,,1.0,92.27927827048812,-343.8665307012551,-370.3586875380517,2360.0261972755156,1625.1202137731389,93.66836238495014,L,78.91355625041751,58.66330704512596,123.81716939327082,51.33350718724887,0
6,210,No,27,0.5,3,1,27,23,BicolorDamselfish,40.12064129805136,No,,,,,NRL_nr,,1.0,78.22414114110686,463.8385543070579,33.558580969274885,2376.0910466059368,915.6815588886226,17.916245676683047,L,34.92670180210482,8.337607795433346,57.26360162989303,38.25275569993203,0
6,210,No,27,0.5,3,1,27,27,BrownChromis,18.0703298935479,No,,,,,NRL_nr,,1.0,251.8164537276701,-543.8086580561938,-545.0201832758859,2510.423040621947,2021.0108495393067,148.35667870914207,R,104.07312735745435,38.66150241748392,124.99012424315823,52.03896382831391,0
6,211,No,38,1.0,3,1,28,7,BicolorDamselfish,53.7679200356779,No,,,,,NRL_nr,,1.0,138.73568159329565,-202.24870423035867,-173.47283807841742,2352.7505852020545,1391.5309864283918,84.75243005088699,R,114.0032545579966,3.219755449895648,97.71452352088912,54.00253356843726,0
6,211,No,38,1.0,3,1,28,26,BicolorDamselfish,34.68785999365907,No,,,,,NRL_nr,,1.0,93.31747060797136,-136.99319801415416,-446.2449357426683,2352.4420509013426,1543.8888543410746,53.97059349210658,L,98.98269118266973,46.52265306916237,37.58508769218779,42.98598781032316,0
6,212,No,35,2.0,3,1,29,5,BrownChromis,31.396838365122782,No,,,,,NRL_nr,,1.0,179.15447945214177,608.7108495618452,-529.5916006193928,2588.8098406403383,1535.646564709575,138.424274517777,R,80.1708521063848,41.19802496856977,154.65023454937156,21.68848007118528,0
6,212,No,35,2.0,3,1,29,6,BicolorDamselfish,27.353879210168635,No,,,,,NRL_nr,,1.0,131.8679472598211,-345.3640728981301,-606.0838799658026,2473.1756953979357,1883.517648139663,44.00533354427232,L,79.61022567641889,73.98581555157499,117.53434138736918,43.71825813206427,0
6,212,No,35,2.0,3,1,29,7,BrownChromis,40.441552312962,No,,,,,NRL_nr,,1.0,167.99050458636788,290.08591241724554,-674.9434431370795,2509.183191958392,1706.129779993392,28.991509734150817,L,62.719597214450424,62.719597214450424,77.06170176777597,23.48410826100389,0
6,212,No,35,2.0,3,1,29,20,BrownChromis,31.126071359825957,No,,,,,NRL_nr,,1.0,249.8106355821512,610.3460952087228,-505.3406922244803,2676.469494872225,1578.0511920483575,116.3409507641272,R,74.12948095985327,18.815559653082865,112.27892136070191,25.328596491574658,0
6,212,No,35,2.0,3,1,29,21,BrownChromis,40.239660834444024,No,,,,,NRL_nr,,1.0,255.13490385609748,626.8819033980926,-468.5999107811234,2611.674325630933,1425.6503150041842,148.7113341883219,R,70.92023372763667,48.86458693021908,96.50486853128292,22.218407774890863,0
6,212,No,35,2.0,3,1,29,22,BrownChromis,42.69156482791104,No,,,,,NRL_nr,,1.0,221.37102143416513,604.5171613688443,-470.7124314603718,2574.670838387213,1342.61362613222,85.65145003430823,R,59.40391300576692,43.99144015300119,93.39812439255734,19.173790980397975,0
6,212,No,35,2.0,3,1,29,23,BicolorDamselfish,36.81334553517357,No,,,,,NRL_nr,,1.0,180.92822721261825,166.23587609241457,-88.08201102665599,2291.946692616252,1050.071046250978,37.94042040704668,L,70.88216508978316,56.62515605024319,131.9327651241962,45.7196945792168,0
6,213,No,30,4.0,3,1,30,1,BrownChromis,65.92218763390913,No,,,,,NRL_nr,,1.0,567.9265196451939,598.6025510929747,-415.92799519393026,2559.8246088028573,1219.2563659059076,69.78171846694676,L,67.8616539218344,65.01748901141816,86.27924292789962,8.063950253276882,0
6,213,No,30,4.0,3,1,30,2,BrownChromis,46.772965418506445,No,,,,,NRL_nr,,1.0,398.366828122648,517.8470674910521,223.21697195923113,2410.931390228623,542.4898894231006,63.01958205413431,L,94.08489563758344,19.329772795641627,97.88943229065276,36.1526596666728,0
6,213,No,30,4.0,3,1,30,7,BrownChromis,50.85869036210656,No,,,,,NRL_nr,,1.0,984.0002663348992,523.665159407695,228.4662842260037,2416.2697808221833,461.6483911973014,3647.1128767144537,L,175.26339178326384,63.75436324225419,163.31094836287767,47.96707606825075,0
6,213,No,30,4.0,3,1,30,10,BicolorDamselfish,31.397588108271577,No,,,,,NRL_nr,,1.0,121.25678187770907,-69.88755134447855,-438.9920568855893,2350.1327357752757,1492.3581626128664,71.2070794929034,L,75.15488677384158,34.09179765849014,5.870062973435792,41.06172896853311,0
6,213,No,30,4.0,3,1,30,11,BicolorDamselfish,39.66548119392695,No,,,,,NRL_nr,,1.0,33.34316827622564,-248.6796236481889,-456.06046157939704,2356.3432788489513,1647.327520846913,81.02815191007201,R,75.66375890849771,38.1325664639658,135.53531358518623,45.878916838076584,0
6,213,No,30,4.0,3,1,30,12,BicolorDamselfish,31.761144227339297,No,,,,,NRL_nr,,1.0,359.921874698931,345.4156029388513,41.75718790595269,2290.966648538393,660.8848588851698,102.95511147138664,R,104.83934935711068,41.55356126646877,138.70642228073962,42.8674071502437,0
6,213,No,30,4.0,3,1,30,15,BrownChromis,59.258358898044435,No,,,,,NRL_nr,,1.0,565.5356687816649,345.5275643543307,41.882861354469355,2291.0329433600323,570.2109072820947,91.45703254443735,L,101.22805549525124,47.46184472902023,39.71584313348403,26.299773054658033,0
6,213,No,30,4.0,3,1,30,16,BrownChromis,53.908657263225805,No,,,,,NRL_nr,,1.0,710.1626842346286,315.6680456884786,8.36641583867771,2273.352464279677,774.5688241589825,66.35097051924583,R,89.72466505423354,47.83976897881423,147.14912142913627,40.99809214737723,0
6,213,No,30,4.0,3,1,30,17,BrownChromis,43.68947762795203,No,,,,,NRL_nr,,1.0,439.4589189044193,313.66375880831544,-144.91620736611733,2299.495300487032,935.6658209486686,72.00192580369075,L,81.73624873920326,53.18649130563461,141.7587954047205,26.178698855517883,0
6,213,No,30,4.0,3,1,30,18,BicolorDamselfish,35.291014446975446,No,,,,,NRL_nr,,2.0,218.0181673720036,866.1492237200817,-1114.568029461044,2995.783178662401,2050.702224971998,12.597622742876846,R,41.076802441078925,41.076802441078925,90.6883539639718,17.79758930538021,0
6,213,No,30,4.0,3,1,30,21,BrownChromis,41.78934037838629,No,,,,,NRL_nr,,1.0,362.9500575464595,-102.56939245007838,-159.9240361876304,2335.365669630322,1252.8377781530978,82.44127613024624,R,83.09088579115422,45.30030024468997,137.6489390337181,54.42629964526844,0
6,213,No,30,4.0,3,1,30,22,BrownChromis,47.02211323425217,No,,,,,NRL_nr,,1.0,623.6747996394403,-85.36154432249484,-263.9226918287386,2321.934201142105,1314.4775785504685,58.60902305534742,R,72.1594852307386,46.18391531524898,168.89314860960357,49.40815197117253,0
6,213,No,30,4.0,3,1,30,23,BrownChromis,32.70862795970285,No,,,,,NRL_nr,,1.0,80.12861084787437,-418.7675221958788,-540.5131457721817,2439.6419123465016,1850.756899888125,62.83737570482213,L,64.53586725484517,54.313021683075945,114.89944332103484,47.49698588481424,0
6,213,No,30,4.0,3,1,30,25,BrownChromis,64.89940109010354,No,,,,,NRL_nr,,1.0,994.0065925767178,515.4828855272605,221.08391363680863,2408.762134923311,466.37915152280885,3645.2248418466497,L,133.44541418852234,133.44541418852234,136.5836493181016,47.99699419290979,0
6,213,No,30,4.0,3,1,30,26,BrownChromis,47.898630991782824,No,,,,,NRL_nr,,1.0,785.6022894072676,537.8440724838898,167.65747089337208,2422.9992065176875,517.0707937184643,100.18655260136528,R,94.52921712106402,64.81147113505288,27.246686267175004,25.42954049998629,0
6,213,No,30,4.0,3,1,30,28,BrownChromis,42.18350387912014,No,,,,,NRL_nr,,1.0,828.7018930903445,613.0841325088822,11.085189221267456,2508.9556163222837,914.0722445022558,48.26425940980287,R,62.40033618160171,62.40033618160171,31.80721767907263,30.014347984988717,0
6,213,No,30,4.0,3,1,30,29,BrownChromis,45.05738937116701,No,,,,,NRL_nr,,1.0,724.2418159254306,527.4261676619581,-253.0221524066442,2470.664621143571,1028.2398044907438,64.20111200741577,L,81.01632365665189,59.129659259049895,82.01311003439919,7.042419269517472,0
6,213,No,30,4.0,3,1,30,30,BrownChromis,45.228143379956606,No,,,,,NRL_nr,,1.0,606.3029225093987,610.7876358397898,-272.8347999406231,2550.888636065178,1136.397643393119,59.77116038254425,L,68.6858937295621,57.47087991007342,110.4555229586807,18.457172624047995,0
6,214,Yes,35,8.0,3,1,31,28,BrownChromis,27.2529206480898,Yes,2350.0,2350.0,0.0,1.0,FR,699.8559458208439,1.0,781.7214010913407,475.4960435162645,185.0062058100587,2372.072205593205,190.00780159339604,216.22093740386765,L,91.77213630226304,32.96969523417772,108.79957189130336,8.831315963241382,1
6,215,No,34,6.0,3,1,32,5,BicolorDamselfish,46.074674343468466,No,,,,,NRL_nr,,1.0,145.3362004285113,167.3103303962729,-92.36477936162146,2291.3248924130717,1068.40860785756,109.07296903347137,L,87.56819757999133,51.91446225782795,103.26251067794584,44.24592360986698,0
6,215,No,34,6.0,3,1,32,19,BrownChromis,42.43257138057108,No,,,,,NRL_nr,,1.0,292.6384460621706,459.5864783556591,169.91069125675688,2358.569740101327,616.5597513196703,65.74687937083421,R,81.84518376462982,0.0,138.39534230673382,39.7830124128838,0
6,215,No,34,6.0,3,1,32,21,BrownChromis,41.18331844175711,No,,,,,NRL_nr,,1.0,279.6776060097781,-241.54985377025235,-249.70239305392255,2352.651929589673,1430.685290568728,201.84047519038293,R,120.61141122095982,68.15130512596565,76.94625063551014,54.11098814781831,0
6,215,No,34,6.0,3,1,32,22,BrownChromis,41.94127777027523,No,,,,,NRL_nr,,1.0,413.5906150469942,-36.91522903640373,-231.02884985896503,2316.0652922141658,1251.5428062130827,125.55383575587769,L,109.5607303888526,46.46875967218177,17.020234939044318,47.371533999589694,0
6,215,No,34,6.0,3,1,32,23,BrownChromis,31.94794334671713,No,,,,,NRL_nr,,1.0,421.16286666578515,-243.1483630785908,-339.4906094156012,2344.145031654966,1465.3939434155948,158.779846899071,L,125.8915953476784,89.78316511538043,16.338000118805287,53.42779889838012,0
6,215,No,34,6.0,3,1,32,24,BrownChromis,47.92017547455536,No,,,,,NRL_nr,,1.0,95.40559126949702,-631.8290054517113,-480.0214255937132,2560.6086979067195,2055.2896403775812,243.7943263378018,L,113.30597559652333,84.15439621546332,69.16783363304882,54.57610894687371,0
6,215,No,34,6.0,3,1,32,28,BicolorDamselfish,30.87762750456183,No,,,,,NRL_nr,,1.0,33.85376273082456,-371.8599581208383,-376.63381882045746,2364.9754011645987,1676.577501137672,147.44147271046853,R,102.04659568772745,26.589073704940056,144.245665937501,51.359758154011075,0
6,215,No,34,6.0,3,1,32,29,BrownChromis,45.4096464457415,No,,,,,NRL_nr,,1.0,331.00804322284677,315.6680456884786,8.36641583867771,2273.352464279677,770.5752804650322,107.58921391523252,R,87.82512232643396,81.26552139045373,58.0069136980401,33.0721530524015,0
6,215,No,34,6.0,3,1,32,30,BrownChromis,60.064438250028694,No,,,,,NRL_nr,,1.0,430.273138313929,297.87107705324007,-3.717282794985522,2275.5084339854593,841.019390474746,121.30679991506382,R,101.47826854137683,75.3731257540508,63.96466080102877,45.78825136936526,0
6,215,No,34,6.0,3,1,32,31,BrownChromis,36.8865850921521,No,,,,,NRL_nr,,1.0,339.73595076126975,312.7464402748097,-215.070331769051,2311.460308295425,1036.143574881085,81.291327742243,L,78.3488177905879,22.205525839803485,29.378271061628297,28.383986323808188,0
6,215,No,34,6.0,3,1,32,32,BrownChromis,42.07464615016298,No,,,,,NRL_nr,,1.0,244.50990744609467,62.243857839571795,-422.1377540101512,2345.0706411938495,1383.2833831333703,79.06115017479108,R,78.72102700581672,73.30363847418954,49.244229635261014,36.60364061456731,0
6,215,No,34,6.0,3,1,32,33,BrownChromis,15.320517267359724,No,,,,,NRL_nr,,1.0,1.598740079745417,-525.3965997971408,-639.9222711544229,2576.785344317076,2031.466090087754,86.48471660174745,L,78.97822614548852,50.913906208916096,74.70610993192918,48.42285561699375,0
6,216,No,35,2.0,3,1,33,1,BrownChromis,55.5611535162396,No,,,,,NRL_nr,,1.0,821.5605345001983,387.24841332420016,88.71330684890275,2315.736777526992,529.2881565989437,42.50529705070702,R,60.574240236577396,0.0,138.6293084978655,23.59992950994871,0
6,216,No,35,2.0,3,1,33,13,BrownChromis,59.026848485699446,No,,,,,NRL_nr,,1.0,799.5587440757904,315.6680456884786,8.36641583867771,2273.352464279677,693.1782996185285,52.34331187135242,L,72.19547105059593,57.87495094831758,146.43575930065893,43.36499934729058,0
6,216,No,35,2.0,3,1,33,20,BrownChromis,52.76022807113397,No,,,,,NRL_nr,,1.0,610.7321977394969,486.2822767015965,1.9181633989273763,2396.467950639822,728.7939845789332,35.36191817499694,L,64.2417462732278,64.2417462732278,117.35197980667438,3.100895558263901,0
6,216,No,35,2.0,3,1,33,21,BicolorDamselfish,34.97105087822983,No,,,,,NRL_nr,,1.0,224.14387793852876,315.6680456884786,8.366415838677717,2273.352464279677,827.2430121063284,56.53070306585614,R,90.21018084209848,23.79862679331861,115.94938061292744,40.63918887413159,0
6,216,No,35,2.0,3,1,33,22,BicolorDamselfish,37.909421320598646,No,,,,,NRL_nr,,1.0,52.543686701035426,281.6108014038286,-639.7691551374769,2385.824534969333,1548.102979486368,31.005404729291,R,60.38175314958354,10.237370442359705,169.18277046253337,26.431420983793043,0
6,216,No,35,2.0,3,1,33,26,BrownChromis,34.44280974140369,No,,,,,NRL_nr,,1.0,302.6849276841735,-405.73762649721647,-452.41385918983775,2385.293100239009,1812.3309882799567,172.91981700047742,L,107.58806261991708,88.36374383763513,122.646506164785,52.18003509625054,0
6,216,No,35,2.0,3,1,33,27,BrownChromis,23.193329001112648,No,,,,,NRL_nr,,1.0,281.13557326381573,-477.5330330895788,-484.27422739188006,2446.472885369927,1922.2565908931613,225.01437394334175,R,93.99321892712842,24.323570204800603,106.1597494811228,53.17298104577204,0
6,216,No,35,2.0,3,1,33,29,BicolorDamselfish,29.117015714160743,No,,,,,NRL_nr,,1.0,108.18728413492796,-296.8691480547007,-407.5310891131882,2347.556766171881,1609.375542995536,143.2124619797243,L,92.69463690146284,80.92379199201267,103.05421307676308,48.62982279517158,0
6,216,No,35,2.0,3,1,33,30,BicolorDamselfish,23.82318823927651,No,,,,,NRL_nr,,1.0,169.2341516732418,-181.85993909436988,-460.5370498797365,2355.87598782342,1567.7475222097871,107.58814909248484,L,90.87644512038032,59.799863503766765,56.233540782211854,43.55304356608072,0
6,216,No,35,2.0,3,1,33,31,BrownChromis,54.51018082354943,No,,,,,NRL_nr,,1.0,538.7631712134206,216.7674981036863,-39.62209420674419,2287.21310694597,912.359026691381,86.0146795420406,R,103.7419101722856,23.19345139738966,137.11637938346848,51.91779681942763,0
6,216,No,35,2.0,3,1,33,32,BrownChromis,47.34781050741828,No,,,,,NRL_nr,,1.0,593.5751715887978,-135.17273524715156,-297.74325037743563,2327.968454550288,1363.8237733527626,87.89965411082234,L,107.81734563628784,54.30731170716638,25.71472912525651,51.03934254777836,0
7,217,Yes,32,6.0,3,3,1,12,BrownChromis,48.60739238283439,Yes,2380.0,2379.0,0.0,1.0,FR,1959.240330505491,1.0,792.8730422380132,638.2188561209721,-354.17487067250596,2489.201838618124,267.9843733554548,102.2993425351806,L,67.88477472600242,50.22577292961516,143.2995420708859,18.389454437286503,1
7,218,No,30,6.0,3,3,2,1,BrownChromis,55.56096448374775,No,,,,,NRL_nr,,1.0,917.3996532670404,697.826169018491,-525.0978341846785,2490.6311382570157,901.2864512559534,26.03790779028803,L,57.58371337673183,22.35099388419817,31.97607623455502,25.58938988944059,0
7,218,No,30,6.0,3,3,2,10,BicolorDamselfish,49.47798950973884,No,,,,,NRL_nr,,1.0,179.28060777847062,475.82947589320366,-444.1202657005456,2418.960601831395,1039.0511078899256,36.1044471872676,L,76.53864596227409,56.768296974275415,76.87224937441292,36.75350992917075,0
7,218,No,30,6.0,3,3,2,11,BrownChromis,50.58485597875486,No,,,,,NRL_nr,,1.0,832.2389817102883,349.9116007748531,-557.1813562581974,2431.251402716234,1195.8100503772946,38.62688766831255,L,74.80955017000213,69.04513987251691,74.1090988900274,48.405990985627355,0
7,218,No,30,6.0,3,3,2,12,BrownChromis,37.03143804407874,No,,,,,NRL_nr,,1.0,577.7938966182448,427.3411546499751,-439.5006999350399,2449.7673667154227,1001.4288619967584,53.6682385107291,L,85.30757696611361,57.369147847820145,56.30219355592223,52.788485281267334,0
7,218,No,30,6.0,3,3,2,13,BrownChromis,66.95431907978396,No,,,,,NRL_nr,,1.0,303.29257077758706,682.4647293550987,-280.9110432693442,2618.21425588415,781.4250029173576,35.67316261093265,L,78.31985727920161,25.01659331344173,55.38033069672048,48.9297488154005,0
7,218,No,30,6.0,3,3,2,21,BrownChromis,70.92039468745762,No,,,,,NRL_nr,,1.0,5.612960215529133,89.40467454315842,-1017.9186995707784,2674.3933498377264,1863.9163242144512,15.453419897670576,L,63.61117726112772,49.540920979506055,67.35101801553016,35.8161744840467,0
7,218,No,30,6.0,3,3,2,24,BrownChromis,144.92244428404905,No,,,,,NRL_nr,,1.0,72.02154972909368,-472.3776594881611,-1196.0940754453263,2837.625927709284,2383.677638905917,10.787212266564753,R,52.76834012044926,25.337297549968117,131.78887282762616,45.05821410653311,0
7,218,No,30,6.0,3,3,2,28,BrownChromis,52.6396378814019,No,,,,,NRL_nr,,1.0,1095.988853170735,591.9334539097634,-395.0151685987496,2416.3880829033697,511.642503266145,27.53462796465024,R,64.40596399930408,17.656140628594088,116.8675507208421,48.226349439766075,0
7,218,No,30,6.0,3,3,2,29,BrownChromis,62.92538266900168,No,,,,,NRL_nr,,1.0,1008.2402176074596,878.2074579432526,-356.9799551750516,2778.0978719936275,914.9048277897508,37.76200521044625,R,69.93947250504254,60.131295133196005,32.992848885368375,49.73022070684197,0
7,218,No,30,6.0,3,3,2,30,BrownChromis,80.30645808661195,No,,,,,NRL_nr,,1.0,728.8358220173039,810.592233503821,-228.3426867409961,2749.5206012371723,757.2047229150113,36.37637803463482,R,73.42963995533657,52.06460648812049,65.9785966302377,44.35127806377331,0
7,220,No,30,8.0,3,3,3,2,BicolorDamselfish,36.15917884205842,No,,,,,NRL_nr,,1.0,129.23587947584556,-167.71860795465207,-1021.9591794984328,2481.7771110121566,1953.4539682881325,27.662863361810647,R,47.8733839956346,47.8733839956346,105.3911073383346,39.836576760825075,0
7,220,No,30,8.0,3,3,3,3,BrownChromis,41.96016153221028,No,,,,,NRL_nr,,1.0,307.0123227730656,561.9889252612248,-704.8572571085034,2412.1884114728255,1236.684134515244,50.88736523702289,R,81.69405558643652,72.94863678846073,109.3746235188772,21.671426672023287,0
7,220,No,30,8.0,3,3,3,9,BrownChromis,62.88069713651051,No,,,,,NRL_nr,,1.0,764.8549944787073,623.8487939139987,-732.9165886893575,2409.795071434352,1131.190385427292,32.713325733341854,R,65.16015745431568,65.16015745431568,71.338546884215,12.846800334057544,0
7,220,No,30,8.0,3,3,3,10,BrownChromis,62.08936828903027,No,,,,,NRL_nr,,1.0,996.2180433744,797.9438300947452,-556.37976789554,2598.7118134812526,958.5830074653336,32.85353055763508,R,52.66763697459067,15.349941831552163,109.17401264853386,36.62728865024587,0
7,220,No,30,8.0,3,3,3,11,BrownChromis,104.84133117084596,No,,,,,NRL_nr,,1.0,65.17544107880924,687.5381307348002,-490.7880190195332,2492.37119977772,1094.499901053723,39.653460867790464,R,69.54272602723653,49.94773075847092,49.521458409964005,28.04430904556792,0
7,220,No,30,8.0,3,3,3,12,BrownChromis,97.16388452145527,No,,,,,NRL_nr,,1.0,378.4092525409097,944.7387327344264,-639.9862919075264,2979.7928750562687,1753.405272511974,12.427695139607744,R,47.67516295096095,44.26984748221912,82.86830003449192,47.68298388679513,0
7,220,No,30,8.0,3,3,3,13,BrownChromis,72.67732246512307,No,,,,,NRL_nr,,1.0,290.0739912731173,455.13945809254653,-462.6977391053411,2420.980147418966,1062.1163083565004,66.62042191689781,R,81.11775359120578,44.95459299014186,52.467778479168395,32.972426564200084,0
7,220,No,30,8.0,3,3,3,14,BrownChromis,43.44879327681715,No,,,,,NRL_nr,,1.0,503.8944353529335,591.9334539097634,-395.0151685987496,2416.3880829033697,638.85340560464,52.99211540513252,L,73.47537739162013,31.013289984484594,54.92841654519825,14.835525063065312,0
7,220,No,30,8.0,3,3,3,15,BrownChromis,62.59106636904252,No,,,,,NRL_nr,,1.0,722.5785798657556,684.6304161109199,-508.8876660832409,2481.379387439748,880.1699909884928,46.4064675815641,R,64.60433933063872,33.86887491996295,109.30981110137412,13.53235556864075,0
7,220,No,30,8.0,3,3,3,16,BrownChromis,53.834808601164305,No,,,,,NRL_nr,,1.0,603.5130257090099,982.0972695799228,-523.712432590227,2834.7790735387675,1108.0073509646825,27.690249028959258,R,61.632220642613945,34.22408069825007,85.96690687238006,36.740656538796415,0
7,220,No,30,8.0,3,3,3,17,BrownChromis,48.16503587630681,No,,,,,NRL_nr,,1.0,919.7196787032716,591.9334539097633,-395.0151685987496,2416.3880829033697,749.0807060917439,30.336812689158887,R,66.162685019677,23.179361600134698,96.03672344611124,54.74364227927316,0
7,220,No,30,8.0,3,3,3,19,BrownChromis,48.35509694738819,No,,,,,NRL_nr,,1.0,626.0728546823035,591.9334539097633,-395.0151685987496,2416.3880829033697,505.5812190421428,43.6775034833649,R,71.45845435269143,23.62902905127116,96.92152282704087,48.1253887227846,0
7,220,No,30,8.0,3,3,3,21,BrownChromis,25.427161760009003,No,,,,,NRL_nr,,1.0,381.970749424094,64.04345532507341,-589.1796180839374,2576.0205276268034,1413.8133654211836,89.61780946391937,R,79.784020514079,52.26101606042179,114.18119465890392,52.33770364649437,0
7,220,No,30,8.0,3,3,3,23,BrownChromis,44.76697304492592,No,,,,,NRL_nr,,1.0,288.0387742239307,142.59078383083812,-669.3508388474467,2488.7371946707544,1407.9085336009923,99.64159006294788,R,76.00026698545561,61.75328142458112,117.2832201745289,44.92952224804574,0
7,220,No,30,8.0,3,3,3,24,BicolorDamselfish,39.85728953229122,No,,,,,NRL_nr,,1.0,438.8312362801728,274.14783008341044,-625.2093032917953,2438.6466785575544,1261.7270761499517,71.85038691038885,L,82.22399792893498,49.83928610548292,116.39414561599428,40.83686362698064,0
7,220,No,30,8.0,3,3,3,25,BicolorDamselfish,41.81153841149602,No,,,,,NRL_nr,,1.0,434.63119452286935,-101.15523624695489,-842.8536978599648,2535.365005436757,1685.5810245952243,58.68171111382409,R,64.33154002315007,55.95816908859961,141.58064390931008,49.65010448756743,0
7,220,No,30,8.0,3,3,3,26,BrownChromis,33.81617549276404,No,,,,,NRL_nr,,1.0,704.5353749265112,47.671690301680485,-828.5612048779901,2460.7529373917987,1555.804397352153,51.453166840788086,R,63.70387015175473,48.894334586956106,151.1839577511499,52.95730257453414,0
7,221,No,34,2.0,3,3,4,3,BicolorDamselfish,46.28270885462813,No,,,,,NRL_nr,,1.0,122.02974703395628,48.44078225616053,-487.6231957189424,2642.7128327931196,1449.475402320146,37.93656728380109,R,62.69427973116717,40.29563593306999,123.30173504500262,51.04149257821253,0
7,221,No,34,2.0,3,3,4,19,BrownChromis,75.65042264782853,No,,,,,NRL_nr,,1.0,417.979133637106,753.7862084854198,-252.2030852794808,2671.006307449726,677.8672936135462,35.71698154860462,R,69.44615292151472,64.51417672755238,68.87842915492561,54.413659689232176,0
7,221,No,34,2.0,3,3,4,22,BrownChromis,21.8301217814561,No,,,,,NRL_nr,,1.0,347.5896772925475,-358.20793717637025,-882.0877802535907,2656.9095883767477,1992.91853815582,67.65454146677429,L,63.55710013046118,52.473176585601664,19.409986995079812,51.996389340256606,0
7,221,No,34,2.0,3,3,4,23,BrownChromis,28.154981631007,No,,,,,NRL_nr,,1.0,510.598939243843,-172.4022365598469,-860.7730434947558,2565.506387822397,1750.7689540024132,78.91976861692413,L,69.86967173265255,27.20575502308817,23.026796231325516,52.26525358016976,0
7,221,No,34,2.0,3,3,4,24,BicolorDamselfish,35.81948669243662,No,,,,,NRL_nr,,1.0,242.1936363325009,-343.34396540991014,-810.225255216003,2687.409317599981,1943.5494059761736,61.65252113577577,R,63.33296654655087,57.24769846016539,90.8758989695493,53.948072981856754,0
7,222,No,30,3.0,3,3,5,9,BrownChromis,43.69126508132459,No,,,,,NRL_nr,,1.0,294.51207241895366,988.7113956675272,-1001.3177429614932,2683.0451149247688,1546.8355962740654,86.49907361660709,R,57.22185904470013,30.404219516335413,126.27210283906666,16.515676785074387,0
7,222,No,30,3.0,3,3,5,10,BrownChromis,40.223539814267895,No,,,,,NRL_nr,,1.0,256.9364678382033,1061.607225159151,-949.1304355668394,2755.123774662378,1533.943297072481,112.89321609658752,R,62.50874653242159,26.86936736052092,84.19071766180906,23.457852884535725,0
7,222,No,30,3.0,3,3,5,11,BrownChromis,28.31741699168168,No,,,,,NRL_nr,,1.0,142.28801580763974,1103.8024567396849,-964.6021313452964,2799.729944325341,1620.2498483041927,103.34589902075292,L,53.93130482474225,5.814092170392973,32.331918806007145,25.41920382445671,0
7,222,No,30,3.0,3,3,5,12,BrownChromis,42.98393932262887,No,,,,,NRL_nr,,1.0,104.98746939724477,982.7031516798188,-1006.9578522784803,2677.5697945373195,1608.245241435631,74.066695800774,R,54.252452548010055,40.11379709346843,120.65299118032506,19.64324405049553,0
7,223,Yes,29,7.0,3,3,6,15,BrownChromis,51.948305564046386,Yes,2383.0,2385.0,0.0,1.0,FR,829.2794760643926,1.0,421.5304206037793,628.4490072610823,-362.7953756064708,2473.832427221245,623.1004381288349,78.37783598868437,R,144.8019284485183,45.15559775839518,94.70286495044915,36.04484140335295,1
7,224,No,20,8.0,3,3,7,2,BrownChromis,44.45874789122751,No,,,,,NRL_nr,,1.0,7.731870531909135,235.09916432778496,-720.2586552354046,2655.9752131397568,1566.3113738766824,15.529711471873112,L,33.19632255649908,26.961691533173937,130.7087404865154,38.83725610349414,0
7,224,No,20,8.0,3,3,7,19,BicolorDamselfish,46.83459222657168,No,,,,,NRL_nr,,1.0,516.9652686597456,280.8272853264418,-540.5397578109267,2477.6048928501273,1185.098658289457,17.911478609950496,L,38.35550648591987,20.75685110490094,9.125960659142237,51.34392077518402,0
7,224,No,20,8.0,3,3,7,20,BrownChromis,84.8552604736617,No,,,,,NRL_nr,,1.0,9.189225889338466,-196.4090488347001,-853.9571636881465,3204.4480172238627,2173.1126708539105,12.093303853404963,R,27.42795852093295,7.663397010451352,131.40457770656442,49.760740820299105,0
7,228,No,33,5.0,3,3,10,1,BrownChromis,32.52359399838662,No,,,,,NRL_nr,,1.0,344.29744673247654,-138.25668690237663,-637.9608232169546,2665.936780747056,1627.000268423981,184.4549750459826,L,104.43938110198448,62.10839765639845,97.60351766866133,54.87325395489156,0
7,228,No,33,5.0,3,3,10,11,BrownChromis,47.003959736961704,No,,,,,NRL_nr,,1.0,331.72858079891074,603.0222048553677,-512.416540197909,2414.0973893951145,1006.7730472798658,22.949410762891187,L,57.6265742771184,15.240386315031545,19.198681158348172,19.71212757724506,0
7,228,No,33,5.0,3,3,10,19,BrownChromis,26.7520413667766,No,,,,,NRL_nr,,1.0,501.5297951504835,-15.515127690365516,-675.4128331109498,2573.338569253171,1513.342824063927,217.90620409054495,L,108.0178257013834,63.843873820118986,66.69097944629745,54.37590683289746,0
7,228,No,33,5.0,3,3,10,20,BrownChromis,48.00059890105716,No,,,,,NRL_nr,,1.0,344.95908890859204,-108.63066159082877,-710.85801448119,2607.354001995059,1630.424549145582,208.00356122270676,L,107.7904343895273,80.2446426992109,85.45054184530828,52.06280907768323,0
7,228,No,33,5.0,3,3,10,21,BrownChromis,33.029358481114905,No,,,,,NRL_nr,,1.0,441.936115986196,75.14682240741126,-634.2768461117157,2543.9783117554716,1417.605484402941,153.9144522870227,L,99.9009319688985,56.712315320694174,106.31659612221765,52.0021958232827,0
7,228,No,33,5.0,3,3,10,22,BicolorDamselfish,45.650919605524294,No,,,,,NRL_nr,,1.0,230.8685865999081,-118.02683732156912,-936.7022236024562,2497.387797893344,1782.8180757499842,93.75799813692907,L,95.07040900528791,88.34272691013057,109.22774175883498,43.96420748369451,0
7,228,No,33,5.0,3,3,10,23,BicolorDamselfish,44.13614015021127,No,,,,,NRL_nr,,1.0,113.76795879113249,-255.05952639850184,-925.5547560596287,2578.325365875778,1912.49159399233,87.45505031309763,L,87.03945444118746,75.05374730389626,58.57178693813437,45.67039013079205,0
7,228,No,33,5.0,3,3,10,24,BicolorDamselfish,40.34002281055726,No,,,,,NRL_nr,,1.0,91.81934638465214,-205.31767196078928,-1062.2381729407407,2525.5273329592487,2029.0983432599896,47.80348780875697,L,71.3158137228715,71.3158137228715,76.09413444308612,39.03883087927976,0
7,228,No,33,5.0,3,3,10,25,BrownChromis,37.45205335742537,No,,,,,NRL_nr,,1.0,317.88137751636805,126.38524266947516,-757.8846622186966,2453.069734366163,1470.3885079017064,69.33563192173764,L,84.61796878380632,26.68499024473913,30.519070318589595,41.37574433563617,0
7,228,No,33,5.0,3,3,10,31,BrownChromis,53.81255015704376,No,,,,,NRL_nr,,1.0,686.3657050825404,772.5795776728693,-235.6206044110861,2700.5710455247636,533.1308993741922,29.44385044555508,R,53.70987423877515,34.810093485494164,31.373586432998433,46.52784836049853,0
7,229,No,30,6.0,3,3,11,12,BrownChromis,62.82267454794916,No,,,,,NRL_nr,,1.0,605.318891405164,591.9334539097633,-395.0151685987496,2416.3880829033697,573.1559408194786,25.050489697093127,L,66.98930211560797,7.991029597227605,54.90469383187173,52.05214778159802,0
7,229,No,30,6.0,3,3,11,13,BrownChromis,45.28148082891911,No,,,,,NRL_nr,,1.0,568.6582449119309,339.2055146395611,-454.6182629695723,2492.4218523518703,1086.572419372529,47.53913253829893,L,91.3413328989254,49.622963686602425,81.30020820635478,54.644001672593674,0
7,229,No,30,6.0,3,3,11,14,BrownChromis,62.66302532801807,No,,,,,NRL_nr,,1.0,759.5751027469803,-328.90265970021875,-936.3839636840894,2627.6206726756873,2221.8112209053656,41.67406500912476,R,72.42351894520276,29.47250997308995,131.71705861846235,54.70361446267676,0
7,229,No,30,6.0,3,3,11,17,BrownChromis,41.96169748068234,No,,,,,NRL_nr,,1.0,201.922984685347,-536.1765772868222,-1204.1070721845508,2923.297662663408,2551.8329818333327,19.360156123709164,L,66.38967637770713,53.938187171128355,50.11302963336568,47.58985655051737,0
7,229,No,30,6.0,3,3,11,18,BicolorDamselfish,40.40509366521493,No,,,,,NRL_nr,,1.0,359.9936039434025,-21.878052654753475,-643.3295639182611,2595.241163159124,1519.2483837362538,57.12182336736567,R,87.3666388910161,51.72579560332456,77.47099770397303,52.313112486300206,0
7,229,No,30,6.0,3,3,11,19,BicolorDamselfish,37.92071246385471,No,,,,,NRL_nr,,1.0,442.205676196293,-379.0220685037064,-866.804500687669,2676.045727909821,2113.9860297736673,48.50149697022019,R,84.85654571038262,48.71321784174388,167.9850559975538,53.4789744469752,0
7,229,No,30,6.0,3,3,11,20,BicolorDamselfish,35.563696560229175,No,,,,,NRL_nr,,1.0,153.86730040323738,-198.043813534608,-1042.412193654514,2506.599774282473,2001.748059394823,33.80076329312956,L,74.96977891499192,71.4375058126733,103.50613684387773,41.326379685503056,0
7,229,No,30,6.0,3,3,11,22,BrownChromis,42.993075849297234,No,,,,,NRL_nr,,1.0,749.2894521169598,143.49558099237075,-742.5213668265316,2451.3996000726697,1436.0365591022403,46.62122488384168,L,80.3195831713965,43.013595235712195,36.20663274998133,50.96278763965471,0
7,229,No,30,6.0,3,3,11,23,BrownChromis,35.29186397436054,No,,,,,NRL_nr,,1.0,314.5323255538878,-207.38615840972415,-781.9385449203721,2624.4285320641648,1758.2527069635412,59.06397985963507,L,85.12015601337467,53.2756032834849,68.05618382344326,51.44851861285644,0
7,229,No,30,6.0,3,3,11,25,BrownChromis,71.01836527730883,No,,,,,NRL_nr,,1.0,580.0207913534543,403.7027462624321,-555.474963178306,2426.226568211871,1161.3734890792505,28.583998909764578,R,64.24539259361416,13.7495710210797,133.02565222131437,33.718223316285346,0
7,230,No,25,4.0,3,3,12,3,BicolorDamselfish,45.82520815229072,No,,,,,NRL_nr,,1.0,326.5937597596029,391.2060222705768,-507.3209289521736,2433.6563872480046,1108.6345118141303,51.995218897810986,R,86.75232472331689,16.5671638581685,165.2328335015885,42.41198106134956,0
7,230,No,25,4.0,3,3,12,13,BrownChromis,71.14815459956634,No,,,,,NRL_nr,,1.0,934.7777907647156,1103.0026845277075,-939.3188628553236,2809.208579335817,1643.7149681843528,11.24789345020842,L,48.17360437520682,17.108334106877592,81.26247399876371,41.33362245266297,0
7,230,No,25,4.0,3,3,12,14,BrownChromis,59.23144057395336,No,,,,,NRL_nr,,1.0,745.0611012950126,418.5730399793258,-495.530560543775,2424.5493830312967,1100.8633231034298,49.43639834835781,R,76.56384683897731,46.45288066141186,39.74493933939667,43.04217091901359,0
7,230,No,25,4.0,3,3,12,15,BrownChromis,67.53986383304839,No,,,,,NRL_nr,,1.0,488.1324906855666,356.4933352048125,-551.271646681915,2430.608961861197,1150.6985700682374,63.303970150639934,R,91.72872869652998,41.64083775920925,99.75386662325155,40.32760564082679,0
7,230,No,25,4.0,3,3,12,16,BrownChromis,74.03498492190293,No,,,,,NRL_nr,,1.0,376.7621377510149,93.20849078068136,-771.2914297691653,2464.5564375327235,1492.6652441190863,59.036993800593514,R,87.71314043892644,27.569626645516436,120.51872042613132,45.38963893540165,0
7,230,No,25,4.0,3,3,12,17,BrownChromis,61.39251982414567,No,,,,,NRL_nr,,1.0,437.03759465406273,85.16099541391978,-837.6940807459184,2457.300921491891,1569.0123518446674,45.77769914356328,R,80.66916919290018,41.71734560355402,124.8144667539311,36.88139293376312,0
7,230,No,25,4.0,3,3,12,18,BrownChromis,57.54191726958101,No,,,,,NRL_nr,,1.0,195.83115000602905,742.5456714248653,-580.032983129765,2521.9846878296653,1107.6732629140463,20.848512890975048,L,61.12989480691045,42.52111039821262,106.14910266497252,20.79110550526,0
7,230,No,25,4.0,3,3,12,19,BrownChromis,59.90047703148372,No,,,,,NRL_nr,,1.0,1069.3703995185422,775.8935636765932,-549.5661829145807,2574.8763228641933,955.4440992127664,15.35386085625049,L,46.883806914610865,36.70943806214563,137.80890317623695,39.50796156263494,0
7,230,No,25,4.0,3,3,12,20,BrownChromis,62.45959992019232,No,,,,,NRL_nr,,1.0,941.3837929598088,1045.7247426972356,-952.4697621894207,2734.548324029096,1442.710757524377,18.00316008874807,L,49.293417327206306,42.52581209742971,108.19355346948302,31.37522674768752,0
7,230,No,25,4.0,3,3,12,21,BrownChromis,51.14416607729317,No,,,,,NRL_nr,,1.0,624.0042680971142,758.2531643349446,-604.8733575631032,2532.459700406276,1033.4396084573889,22.545153873565052,R,52.2368534805053,25.688894875212497,82.81639085680315,10.141845346858936,0
7,230,No,25,4.0,3,3,12,23,BrownChromis,54.85777200282257,No,,,,,NRL_nr,,1.0,473.79296987728503,-163.4862151666098,-778.0141757668343,2602.2731954113137,1701.3317530164911,34.42414162736298,R,69.79495917020849,47.789914638332235,127.1630357384978,53.4724983215244,0
7,231,Yes,29,8.0,3,3,13,19,BrownChromis,44.9875671735408,Yes,2389.0,2389.0,0.0,1.0,FR,1348.8370956333983,1.0,649.2060936369443,591.9334539097633,-395.0151685987496,2416.3880829033697,714.4393147886486,25.82281557669057,L,53.95010280886199,17.303789245137203,69.96943242363899,42.10489840249414,1
7,233,No,29,5.0,3,3,15,9,BrownChromis,48.966629121691795,No,,,,,NRL_nr,,1.0,767.2834754265256,708.7000717571829,-538.4557526412862,2498.2550032425333,888.8708039210919,13.892046742630814,L,44.5423365347839,19.885805480814614,60.05481848751933,18.78109475677564,0
7,233,No,29,5.0,3,3,15,10,BrownChromis,57.327857242660365,No,,,,,NRL_nr,,1.0,855.2866514864271,541.5514435000152,-416.32377107403704,2417.504398447636,793.2821321908849,25.77410197786462,R,56.624925456768295,24.33948047951963,120.78983697883064,54.9747797422168,0
7,233,No,29,5.0,3,3,15,11,BrownChromis,44.749228508177616,No,,,,,NRL_nr,,1.0,988.3320732334452,591.9334539097633,-395.0151685987496,2416.3880829033697,558.8888383262497,22.867103586293,R,51.91679763002783,17.368885425134266,155.2383569082506,48.44448899479269,0
7,233,No,29,5.0,3,3,15,12,BicolorDamselfish,92.7323471757308,No,,,,,NRL_nr,,1.0,584.0953166055872,100.434796277994,-819.1365367482694,2455.7865894659253,1547.6932814752715,62.65812386462215,R,65.51872597170835,53.95659045877051,62.94605977162201,37.964782753126705,0
7,233,No,29,5.0,3,3,15,18,BrownChromis,34.58582908966143,No,,,,,NRL_nr,,1.0,213.86435503793027,-384.4225165124463,-869.5977490777778,2683.538879379332,2093.393072827944,39.54151693515008,R,47.85884139528384,43.83118735737731,159.044793249063,51.334386136556994,0
7,233,No,29,5.0,3,3,15,23,BrownChromis,42.25758563529838,No,,,,,NRL_nr,,1.0,448.6534660062334,33.767202548525745,-871.4209729342136,2462.257290811118,1626.2254975779886,62.70885437048789,L,54.15180474300193,51.75026044187395,74.81978284001968,37.74250500047408,0
7,233,No,29,5.0,3,3,15,24,BrownChromis,41.18393384721873,No,,,,,NRL_nr,,1.0,600.5187210273397,160.68590201939588,-666.7737277229405,2480.0880924777407,1361.5826526598964,34.92862440726133,L,72.78518609450826,35.998160240916405,69.06818091038714,52.187384826504896,0
7,233,No,29,5.0,3,3,15,26,BicolorDamselfish,77.91639981098683,No,,,,,NRL_nr,,1.0,198.8936148581155,391.731357434757,-682.7115023703786,2427.959374595209,1305.3773154685682,25.64166043461414,R,58.173567876043315,43.37822594551795,80.2927013645503,29.5527554690399,0
7,234,Yes,29,3.0,3,3,16,5,BrownChromis,27.86570466088636,Yes,2385.0,2387.0,0.0,1.0,FR,1334.955422220541,1.0,799.015592319957,595.6016558996513,-391.7785009894449,2422.158704975211,282.83489786735146,48.21659141040068,L,82.91701512234982,34.88241320516394,86.48423253964813,45.872817714623984,1
7,236,Yes,36,4.0,3,3,18,8,BrownChromis,67.13197959017833,Yes,2384.0,2385.0,0.0,1.0,FR,818.6621414282027,1.0,744.2134786894799,606.6785930953439,-382.00467612090296,2439.5843588639773,383.4835206726575,37.31982125687355,L,80.89600203029143,30.438608375779495,75.07796169708932,4.883325052498024,1
7,237,No,26,2.0,3,3,19,2,BicolorDamselfish,47.484746241513825,No,,,,,NRL_nr,,1.0,346.38835833125086,-297.71290335905326,-841.0619310515399,2644.312185037404,1863.2353453607511,79.34921942419935,R,67.6704276595357,49.3421665217483,169.16287163009642,52.26507602793651,0
7,237,No,26,2.0,3,3,19,4,BicolorDamselfish,41.2999913584229,No,,,,,NRL_nr,,1.0,420.94675255051703,92.35368167104798,-633.731168060468,2534.285798997856,1406.9730712026246,50.80608213792622,R,73.08773900628809,43.59745472048303,125.5794910529874,50.702158442575296,0
7,237,No,26,2.0,3,3,19,10,BrownChromis,47.45392869222319,No,,,,,NRL_nr,,1.0,731.4027408356336,828.406525673069,-349.96924871921834,2720.803823086894,835.0329953562672,16.511643230224195,L,49.16140633865944,14.124660625840924,53.42763393894327,37.9236414707233,0
7,237,No,26,2.0,3,3,19,18,BrownChromis,42.83187863281185,No,,,,,NRL_nr,,1.0,237.56473592536804,748.5274481949164,-788.6365665328298,2506.659595675958,1287.9750567840151,15.69481549594026,R,49.523480313289625,36.153382904364165,27.788686345949863,13.728564781847032,0
7,237,No,26,2.0,3,3,19,23,BrownChromis,33.912000479015916,No,,,,,NRL_nr,,1.0,341.7067414091377,-175.38464557430652,-749.1361606343921,2624.4383897472076,1708.5443098667756,90.06547328817923,R,75.82829341900471,36.05292420281299,144.3632039267393,52.42736756014829,0
7,237,No,26,2.0,3,3,19,24,BrownChromis,31.07041987607962,No,,,,,NRL_nr,,1.0,575.197705079437,-123.02299455057768,-783.9377806561131,2577.0486739484177,1665.7811189005502,77.20093777645397,L,74.28567101454706,33.76375534059861,112.42583395286653,54.58210322127596,0
7,238,No,31,6.0,3,3,20,1,BrownChromis,56.781793227012734,No,,,,,NRL_nr,,1.0,798.820390842791,591.9334539097633,-395.0151685987496,2416.3880829033697,509.74634194410174,22.578092482866317,L,49.92780642752578,16.437519782110407,75.06364187493622,41.381336254888595,0
7,238,No,31,6.0,3,3,20,10,BicolorDamselfish,40.37058919528058,No,,,,,NRL_nr,,1.0,278.1459217159192,-186.20667761614544,-1034.4285673648444,2496.9104998531784,2004.4588390556116,42.88360411161166,R,67.75266512840832,6.966366859870783,141.7148613646938,43.40960592399529,0
7,238,No,31,6.0,3,3,20,12,BicolorDamselfish,78.56386962154777,No,,,,,NRL_nr,,1.0,256.2742248441585,240.238342047519,-655.6564792307643,2441.9565721303634,1331.1376911177267,43.29461546251124,L,61.21682562145399,60.18677961601951,111.81016291915024,40.62900850904013,0
7,238,No,31,6.0,3,3,20,13,BrownChromis,33.66846577645279,No,,,,,NRL_nr,,1.0,437.2942173118446,-65.78702349368552,-789.5834443496592,2542.7443408574295,1625.936221863748,110.6645030128693,L,92.26099029707296,57.37027424786281,42.48558381842744,50.27303657408555,0
7,238,No,31,6.0,3,3,20,21,BrownChromis,32.999627886818196,No,,,,,NRL_nr,,1.0,302.14032807313504,-142.11926093751694,-706.407043907564,2629.3459594415735,1665.7523912028216,112.32144496795422,L,94.70226745511394,30.840401370869817,32.406406939644086,52.12809584110797,0
7,238,No,31,6.0,3,3,20,29,BrownChromis,56.91319800778043,No,,,,,NRL_nr,,1.0,780.6991852246848,26.390517479181256,-844.7282743409012,2464.311034245341,1590.4309986184503,76.96529739390749,R,80.17407964120073,44.260015495434104,121.08092465267048,54.9575937546857,0
7,238,No,31,6.0,3,3,20,31,BrownChromis,42.8854476001728,No,,,,,NRL_nr,,1.0,455.6224664265824,-299.9179319335208,-890.9585644337643,2620.402068394396,1879.65522143712,100.05696558175688,L,97.80340767667624,46.76680948304452,27.66547057900548,52.99302302572439,0
7,240,Yes,35,3.0,3,3,22,27,BrownChromis,42.64342530455112,Yes,2355.0,2363.0,0.0,1.0,FR,395.78908025409726,1.0,864.6660356198047,591.9334539097633,-395.0151685987496,2416.3880829033697,516.7952571171265,27.03997581533622,L,60.9183258631526,40.58041200506116,123.15202910121218,36.56482356899915,1
7,241,No,36,8.0,3,3,23,7,BicolorDamselfish,59.58944285003467,No,,,,,NRL_nr,,1.0,353.559407709401,-379.0220685037064,-866.804500687669,2676.045727909821,2092.5006373311567,71.9081344790805,L,85.57702452136238,49.63680471947895,20.725837461086297,52.63072823187196,0
7,241,No,36,8.0,3,3,23,8,BrownChromis,37.49446322277036,No,,,,,NRL_nr,,1.0,318.52053491522247,-363.8119691690535,-1016.3892544973636,2674.993379081731,2229.183531656284,67.0978157179684,L,79.14280616534144,66.90191590877056,65.80333792855008,48.23940506295384,0
7,241,No,36,8.0,3,3,23,14,BrownChromis,69.22250854164123,No,,,,,NRL_nr,,1.0,245.42292478325004,-5.747246553536883,-876.525826672986,2465.9671416161805,1661.684514264835,45.5852514744164,L,86.78436614571166,69.85768295056563,87.5623655498399,40.068246902939315,0
7,241,No,36,8.0,3,3,23,15,BrownChromis,273.4219599144111,No,,,,,NRL_nr,,1.0,224.2096545527282,-302.72090396168613,-872.7919149174691,3282.4358544551196,2491.755143442924,14.781374998341493,L,62.68715062525992,29.233098403830887,70.17981945418181,52.582148348586216,0
7,241,No,36,8.0,3,3,23,16,BicolorDamselfish,33.00583077749811,No,,,,,NRL_nr,,1.0,79.01003815864925,-242.79870701116064,-1038.9154205153502,2545.6447098821004,2015.6540582148205,52.21461075967624,L,89.63214777984757,50.0416973263609,42.36405460510499,42.31255612579326,0
7,241,No,36,8.0,3,3,23,19,BrownChromis,41.98180877607319,No,,,,,NRL_nr,,1.0,225.3733109874603,-234.6802659819651,-787.0709275244418,2637.382157654727,1799.410534971876,62.72185347394829,R,94.48102142180092,29.765566546445672,142.09316485428528,50.602667664623254,0
7,241,No,36,8.0,3,3,23,20,BicolorDamselfish,40.05737066407235,No,,,,,NRL_nr,,1.0,106.20752305570096,81.82935057978915,-544.0905917938803,2591.2651296808144,1445.8072353852556,51.32457141646376,L,99.8596957399921,65.48689372098596,85.21482759499993,47.79920671494726,0
7,241,No,36,8.0,3,3,23,24,BrownChromis,82.2569739830337,No,,,,,NRL_nr,,1.0,463.26219466591994,372.57498588437744,-602.9629886899831,2429.3595860239056,1214.203570858592,28.279474540470275,L,79.02060936172654,61.931586095800746,105.99623431119434,32.35099738182867,0
7,241,No,36,8.0,3,3,23,34,BrownChromis,56.689125856670174,No,,,,,NRL_nr,,1.0,544.1679163680285,-489.1071487212314,-1031.434108097019,2841.071649246546,2479.5803828965454,42.68290298908885,R,80.22767315958292,40.96155259180586,133.45410588100734,52.60515674748781,0
7,241,No,36,8.0,3,3,23,35,BrownChromis,78.85168452887318,No,,,,,NRL_nr,,1.0,263.07563620876607,563.1861743606158,-384.8716196502444,2449.2496569137907,867.0868214803361,34.9884858429572,L,79.49361967858682,19.453574272977832,70.4654631113406,43.01813781572771,0
7,242,Yes,36,8.0,3,3,24,7,BrownChromis,32.55150866601522,Yes,2383.0,2382.0,0.0,1.0,FR,1551.2348773916408,1.0,844.2415747156754,591.9334539097633,-395.0151685987496,2416.3880829033697,623.9179778677797,19.601579515401554,L,58.7422160979487,14.066098421369825,62.82908329188635,34.65304409385114,1
7,243,No,31,3.0,3,3,25,7,BrownChromis,43.91896550488836,No,,,,,NRL_nr,,1.0,844.34033931044,206.15899500928785,-686.2561707996825,2445.283045582513,1372.4670621843904,33.9074326257835,L,71.36475907671672,24.67134874510453,17.219551409117425,52.06054543300943,0
7,243,No,31,3.0,3,3,25,8,BrownChromis,58.33693670095923,No,,,,,NRL_nr,,1.0,407.65558704690267,294.2249023357368,-426.8184856150474,2534.3419814296903,1083.2324798154732,36.11682585273651,R,78.78292046811977,26.37464800898027,108.1460228287177,54.11001811711788,0
7,243,No,31,3.0,3,3,25,10,BrownChromis,60.66559312747717,No,,,,,NRL_nr,,1.0,155.02187377574697,956.7866370614602,-957.66229380974,2661.092573318289,1537.1203439234748,13.848366774674082,R,48.41404619150108,48.41404619150108,85.17551649187713,18.719085622361064,0
7,243,No,31,3.0,3,3,25,13,BicolorDamselfish,85.99872573729131,No,,,,,NRL_nr,,1.0,214.83824897522956,-325.70623397147153,-1042.138749982801,2628.956399221062,2164.344431778651,24.126755713178937,R,54.23182274927815,27.31167493111234,143.09540696282528,45.81189587212855,0
7,243,No,31,3.0,3,3,25,15,BrownChromis,58.84396028346677,No,,,,,NRL_nr,,1.0,572.6838561646867,591.9334539097633,-395.0151685987496,2416.3880829033697,677.7674579252612,29.314929082577763,L,67.13265876430299,11.07388716470332,15.42054270859325,42.11581816598003,0
7,243,No,31,3.0,3,3,25,16,BrownChromis,47.86335396435191,No,,,,,NRL_nr,,1.0,631.9178959610128,819.7603632557082,-281.60702901103366,2738.5963287545937,805.9369078665021,32.459048952089034,R,54.73006995240457,44.84888513206028,38.52663658798751,39.452046212607826,0
7,243,No,31,3.0,3,3,25,17,BrownChromis,47.89763424363675,No,,,,,NRL_nr,,1.0,512.1140524916968,752.4274755700992,-455.7086803793657,2585.2900224498953,876.9731309377362,31.237655503863195,R,56.7008254696823,43.35002659717858,38.53729772729938,22.40632543834608,0
7,243,No,31,3.0,3,3,25,18,BrownChromis,62.95188802744852,No,,,,,NRL_nr,,1.0,785.766452595453,918.7579424099146,-796.4988835002431,2645.5298946486787,1231.2811240897329,15.559988137106972,R,48.28576024396105,43.107548524450536,70.53512793223334,24.282151006120856,0
7,243,No,31,3.0,3,3,25,23,BicolorDamselfish,42.7547593055393,No,,,,,NRL_nr,,1.0,417.2752473121694,-36.61960629302874,-836.664573855317,2503.0067843367474,1630.7076932592126,38.51014513282483,L,76.44520010314248,52.83127995140132,90.22003189361352,47.936153535122465,0
7,244,Yes,38,4.0,3,3,26,23,BrownChromis,90.19428360165053,Yes,2389.0,2389.0,0.0,1.0,FR,2625.5424508177266,1.0,487.8978444766355,601.566359027768,-386.515497079869,2431.542061621868,564.4175745828691,51.46813910262782,R,91.13086801366089,65.4466460054518,47.15694878564241,29.53615994078179,1
7,245,No,30,5.0,3,3,27,2,BrownChromis,57.89315711089419,No,,,,,NRL_nr,,1.0,588.026897422175,-297.89361023772074,-926.3750342320038,2601.4576765006295,2106.506391011331,62.279422263686385,R,83.93475771858985,59.34197360609501,136.50892658507888,52.35254551882026,0
7,245,No,30,5.0,3,3,27,3,BrownChromis,50.13145581640032,No,,,,,NRL_nr,,1.0,425.6290287268748,-320.8283630906935,-993.1355248442844,2616.559545464285,2179.3170002541347,313.0327269929606,R,115.93889930539564,36.940417061422544,156.15030330360273,49.112661528993506,0
7,245,No,30,5.0,3,3,27,4,BrownChromis,55.164631358980266,No,,,,,NRL_nr,,1.0,398.0899445461545,-352.30155786310684,-960.5927222960238,2653.18137402509,2215.3877809878977,187.1635862184925,R,109.37053340826324,65.3437352281435,106.64218378732237,49.955441616809125,0
7,245,No,30,5.0,3,3,27,5,BrownChromis,36.194766895683784,No,,,,,NRL_nr,,1.0,171.44878804632552,-525.0213894802876,-1240.255508314263,2912.600595618707,2525.072337428399,27.77103384122424,L,70.87434679853305,8.140217711577735,32.172013292692746,46.42588705492808,0
7,245,No,30,5.0,3,3,27,6,BrownChromis,60.32364565764979,No,,,,,NRL_nr,,1.0,682.0887332602812,-115.30503352072908,-974.897268074386,2476.6610398711487,1776.318823632485,28.840585747140555,R,70.7849284348171,30.85701973336832,165.51798134247989,49.42873948521841,0
7,245,No,30,5.0,3,3,27,12,BicolorDamselfish,48.005428752014225,No,,,,,NRL_nr,,1.0,144.52730521247724,-467.0993536416207,-912.3603017098222,2798.253447990384,2183.4276922040835,45.63616468924599,R,82.71953472631317,29.52987203315728,124.94423641529828,51.862057449275234,0
7,245,No,30,5.0,3,3,27,30,BrownChromis,28.358178843026906,No,,,,,NRL_nr,,1.0,1.8855076516490603,-201.67447210210744,-640.175110627916,2706.3283079577027,1774.638239248732,44.00388345175516,R,85.30622058615721,71.78300869449704,59.68363183170243,50.50336375323083,0
7,246,No,35,2.0,3,3,28,1,BrownChromis,66.41104935166335,No,,,,,NRL_nr,,1.0,230.68688374950096,-599.2953626436894,-1017.8639367165488,2993.924111999944,2557.2917847697513,46.4124351483248,R,88.19221897718322,20.755326767390653,125.72427268037808,52.75153788346949,0
7,246,No,35,2.0,3,3,28,13,BrownChromis,58.9307639040401,No,,,,,NRL_nr,,1.0,594.0684645214775,677.788457856104,-319.26031345830415,2551.450650918048,459.78222098076526,19.463365064881785,L,69.92711174187455,8.453236884656892,37.49120976911697,34.217475647944944,0
7,246,No,35,2.0,3,3,28,26,BrownChromis,37.6785459013297,No,,,,,NRL_nr,,1.0,252.9676321175529,-363.8577483360814,-877.9392697012851,2662.103923561217,1975.5650227126237,70.11897350654846,L,120.0852427954074,107.78241384741936,64.36064079874403,51.01849676676722,0
7,246,No,35,2.0,3,3,28,28,BrownChromis,48.2530146600268,No,,,,,NRL_nr,,1.0,281.8862461644543,-566.1527346574372,-963.5932173141384,2935.69056178493,2389.045377310073,56.44352240507036,L,100.47202955870074,48.19400995503757,25.250024786185865,54.01700562503912,0
7,246,No,35,2.0,3,3,28,29,BicolorDamselfish,51.93670673704007,No,,,,,NRL_nr,,1.0,131.1546118607099,-250.78525887589487,-1077.983973220306,2549.771225656306,2079.60106975422,38.85096387655424,R,95.6765850456122,11.842716191561138,138.85978492359703,40.60780904448564,0
7,246,No,35,2.0,3,3,28,30,BrownChromis,105.46537547910116,No,,,,,NRL_nr,,1.0,530.4567865372702,-110.37885925732569,-970.4740784837586,2476.1801976798506,1767.2808579716882,40.06175352817059,L,93.13755422728576,82.54296049863979,109.8702514152892,46.29819868368027,0
7,246,No,35,2.0,3,3,28,34,BrownChromis,43.09285998986345,No,,,,,NRL_nr,,1.0,60.365478907228834,-296.71152464616057,-718.9316310141345,2729.949350311093,1895.8947101703243,56.11773305326782,R,113.78622386105975,36.68034633556816,149.5541971568716,51.95214690669778,0
7,246,No,35,2.0,3,3,28,35,BicolorDamselfish,43.23908392014586,No,,,,,NRL_nr,,1.0,3.847673241394431,370.8184957920946,-973.2666116567584,2477.054028524056,1635.467680262571,21.524714073523093,R,75.74274328627385,17.06123648325785,161.49441998245217,27.446914969290376,0
7,248,No,22,4.0,3,3,30,2,BicolorDamselfish,40.20291320971449,No,,,,,NRL_nr,,1.0,106.86525123533286,-246.72147411380297,-1068.5127840415555,2546.9265596218324,2044.1355076625523,30.28999957329076,L,48.872002540387385,48.872002540387385,112.0300593141829,42.15551334573469,0
7,248,No,22,4.0,3,3,30,3,BicolorDamselfish,38.558213108685294,No,,,,,NRL_nr,,1.0,200.4154797142033,-89.59739229107949,-810.3193158583135,2545.3923801876067,1694.0965557116474,40.0055270115179,L,51.72216877302695,19.132153764123732,12.964702386137118,45.85802645876556,0
7,248,No,22,4.0,3,3,30,4,BicolorDamselfish,39.0146956626588,No,,,,,NRL_nr,,1.0,101.9173850099682,28.03838792757914,-897.4147570412405,2462.9174785968607,1693.59072935886,31.758160847846565,L,41.45623690589714,11.22777170709427,31.67626037480725,37.077109374839814,0
7,248,No,22,4.0,3,3,30,18,BrownChromis,65.4290423332164,No,,,,,NRL_nr,,1.0,920.128803616994,720.0131423510436,-522.5467407776158,2518.5006771539306,865.6211056024011,9.562051149147418,L,29.29784666488299,15.886246398343497,68.90981695873602,30.425407171969912,0
7,248,No,22,4.0,3,3,30,19,BrownChromis,32.76566387932345,No,,,,,NRL_nr,,1.0,479.6252125871477,-366.7340287209732,-1061.0321253760742,2684.3207592682693,2337.676221600523,30.769849643097736,R,55.716063272575376,42.79385164186057,129.98738579549072,49.23852751294034,0
7,250,No,33,2.0,3,3,32,1,BrownChromis,56.1634546640461,No,,,,,NRL_nr,,1.0,188.56952746025505,-475.1862808270088,-1226.434990152732,2845.028200430403,2447.0837101095785,39.06491139796229,R,63.839775017388455,35.84801031723567,96.05187818008538,45.603434730186514,0
7,250,No,33,2.0,3,3,32,16,BrownChromis,79.63553326262627,No,,,,,NRL_nr,,1.0,486.4561695713818,590.3487264736431,-395.6854143212474,2416.4231957513084,738.1368823636972,28.530833270352893,R,76.14270367978231,47.547362332979425,66.72521634466283,48.02338960534288,0
7,250,No,33,2.0,3,3,32,22,BicolorDamselfish,139.44100328292626,No,,,,,NRL_nr,,1.0,0.5468700980603417,226.53441200380956,-475.7600828658804,2653.034996519874,1392.2859091792182,26.696280038557074,R,76.14523203042964,54.537199640408815,76.11463347608735,45.63234112691068,0
7,250,No,33,2.0,3,3,32,27,BrownChromis,34.798563826471934,No,,,,,NRL_nr,,1.0,399.630131405982,-421.9882908053602,-1122.457937170483,2763.357266719174,2399.3968842406525,46.17429432980598,R,73.6682368593706,51.07624755891396,152.1735527957783,48.29338889897713,0
7,250,No,33,2.0,3,3,32,29,BicolorDamselfish,45.11116390478314,No,,,,,NRL_nr,,1.0,109.47006528344455,-227.035260138406,-1061.965646185259,2530.3306906275575,2024.0978705057264,26.353482763827675,R,69.30905690114172,41.161626548435095,144.38245064972264,41.75827870151357,0
7,251,No,25,5.0,3,3,33,1,BrownChromis,53.23441799431409,No,,,,,NRL_nr,,1.0,15.259352699727838,133.03005042507732,-497.6409032383307,2587.8581653057513,1416.858455244702,16.84778935506792,L,57.851766217489846,12.59511289020045,31.559833426991307,46.46988986387451,0
7,251,No,25,5.0,3,3,33,9,BicolorDamselfish,41.89335551773677,No,,,,,NRL_nr,,1.0,231.6703678148064,-364.4379749254013,-1020.757567208965,2676.345508094775,2196.240152997045,40.6095760728269,R,89.96149044384075,66.58454533726866,148.82916950792523,47.23842250744453,0
8,260,Yes,18,4.0,3,2,2,9,BrownChromis,80.55700653577553,Yes,2395.0,2394.0,0.0,1.0,FR,410.1791507682243,1.0,575.5232044866573,487.5310222088336,-332.2138859164908,2018.5884246737237,984.3242927029828,10.953069656710282,R,22.88619883075428,8.15990714297213,139.81192789656149,8.44995535543155,1
8,264,No,17,2.0,3,2,6,1,BicolorDamselfish,25.85694311244703,No,,,,,NRL_nr,,1.0,39.82085802918492,-0.4775826154586031,-486.8032979009855,2070.1361296360883,1432.5907678305605,84.72205804868685,L,41.21209109085373,3.71571950456349,68.66566729586124,40.056936318127974,0
8,264,No,17,2.0,3,2,6,2,BicolorDamselfish,22.22094904717324,No,,,,,NRL_nr,,1.0,1.425093001838185,-4.852532130106274,-602.9496430658852,2226.892804298386,1581.8998222050063,83.89530835092346,L,52.350095178589065,29.35589734364503,46.9173722089819,37.91313610765952,0
8,264,No,17,2.0,3,2,6,3,BrownChromis,40.25989019323676,No,,,,,NRL_nr,,1.0,199.2421410443234,227.04732611978065,-413.1595831221996,1996.6862259060704,1257.2318409224165,54.53583540406561,R,36.30128559374877,2.609286524557741,92.84833060143842,33.73968328537728,0
8,264,No,17,2.0,3,2,6,4,BrownChromis,40.76706263369948,No,,,,,NRL_nr,,1.0,605.4001874954562,477.97910782524775,-385.0359657264052,2014.9159237599272,1059.4665826559997,15.262630547372943,R,19.513113501162028,17.453425922464483,56.41329731408223,9.736675481789447,0
8,264,No,17,2.0,3,2,6,5,BrownChromis,35.14810287410096,No,,,,,NRL_nr,,1.0,353.2732319336264,-35.5587197807354,-495.4738619445057,2080.203149825608,1582.88767710134,57.6217305298866,L,37.68748293286138,33.974698452198915,14.56318900584182,39.49633933756734,0
8,264,No,17,2.0,3,2,6,6,BrownChromis,34.79026147355447,No,,,,,NRL_nr,,1.0,573.0596095371366,-412.8831605680132,-412.1367806940252,2119.6324381763334,2072.497687434225,27.892397768071163,L,25.393952808301737,25.393952808301737,48.662093561495254,54.436896878243495,0
8,264,No,17,2.0,3,2,6,7,BrownChromis,28.492340100804565,No,,,,,NRL_nr,,1.0,410.26287084367584,-356.205345279369,-471.10190836598895,2152.5370734084963,1932.1809018049605,37.547810070266465,R,32.77316685481042,17.04554762871647,81.0387691109501,48.995027942742304,0
8,264,No,17,2.0,3,2,6,8,BrownChromis,44.55916153027184,No,,,,,NRL_nr,,2.0,411.4470124187114,718.0652125233594,-949.9885564617504,2350.548546176905,1478.8894187479218,27.219305959757932,R,31.429316008905076,28.922778096141357,14.14191169849314,6.6364404969800805,0
8,264,No,17,2.0,3,2,6,9,BrownChromis,31.044460369153928,No,,,,,NRL_nr,,1.0,285.3319608109121,169.0629163156844,-552.4213240701674,2161.1183746263496,1603.9312496622408,398.8308839769238,R,65.764009847409,28.215929440705786,102.87935911125216,26.6516477419944,0
8,264,No,17,2.0,3,2,6,10,BrownChromis,36.673388730161136,No,,,,,NRL_nr,,1.0,385.3391257162719,176.46325263650834,-560.6754090852264,2196.080900820426,1688.101741780662,313.3933922319594,L,90.34066774919664,42.468582924772186,6.347467485101764,24.5041016534064,0
8,264,No,17,2.0,3,2,6,11,BrownChromis,70.1825647362005,No,,,,,NRL_nr,,2.0,344.1095904787178,438.3993333485041,-958.5021158372228,2501.1357153370295,1741.5801746031084,191.03401328693545,R,65.2264281403685,59.9721657555532,35.89078778204889,24.23850961937649,0
8,264,No,17,2.0,3,2,6,12,BrownChromis,50.348936519353394,No,,,,,NRL_nr,,2.0,261.4246288212117,411.76284818841066,-924.0638545458968,2520.5770042713593,1812.970286524117,102.14588476163156,R,53.989593963858624,36.79996326308555,102.7389672072304,26.885489303347224,0
8,264,No,17,2.0,3,2,6,13,BrownChromis,102.606786074035,No,,,,,NRL_nr,,2.0,362.3451750057163,410.3207855612635,-958.0917980185708,2523.1811119500203,2011.548304255868,36.334333776500834,R,33.24784750240338,28.6878762709608,117.49952073034213,32.25897273829343,0
8,264,No,17,2.0,3,2,6,14,BrownChromis,18.970051504740574,No,,,,,NRL_nr,,1.0,224.51384007914143,71.26683318014194,-576.4153838727505,2182.0660429733916,1631.6563476560798,189.1503305453158,R,65.41365779466216,23.139320264919256,68.01334754803493,30.65906083062018,0
8,266,No,37,3.0,3,2,8,7,BrownChromis,49.63969965730362,No,,,,,NRL_nr,,1.0,278.50765743415127,499.31219382739795,151.7934363595651,1986.0419790280448,482.26544984297743,158.60654791886478,L,119.3303735327748,3.38027687022609,33.11348219572724,26.198935267560984,0
8,266,No,37,3.0,3,2,8,8,BrownChromis,47.22623245846152,No,,,,,NRL_nr,,1.0,183.69280504212313,441.0528137079242,78.12966603557439,1941.6450950809003,618.7080752814403,732.8749278142335,L,137.75975208625417,47.93442441143797,39.65278301236109,30.30829740173509,0
8,266,No,37,3.0,3,2,8,9,BrownChromis,59.58742018882773,No,,,,,NRL_nr,,1.0,146.18822628237024,436.5826304123407,73.19235733638905,1938.175291716534,637.206722126085,957.11388791091,L,182.69142420686052,125.61812539100865,56.444903115946545,33.62336774546528,0
8,266,No,37,3.0,3,2,8,10,BrownChromis,63.28549466466068,No,,,,,NRL_nr,,1.0,211.71450932079736,317.23729422037945,-132.73655287375314,1937.1830664721424,908.3462025433886,172.0937676023339,L,125.55731995807862,44.834181656699506,39.49663742295535,38.59567820222271,0
8,266,No,37,3.0,3,2,8,11,BrownChromis,45.99864666621181,No,,,,,NRL_nr,,1.0,419.8715761901811,-170.47555812463662,-492.2462496340098,2106.4853124569863,1729.649775912042,135.62103486884143,L,113.16396086446652,66.70961279830445,11.731253701264205,43.91214123299655,0
8,266,No,37,3.0,3,2,8,12,BrownChromis,39.640972334459704,No,,,,,NRL_nr,,1.0,247.77110636720903,365.5057934749937,-402.3410872452867,1999.5544847443705,1209.2198679832725,90.47278888152157,L,78.38971739058601,26.484945004719684,34.57555883174544,23.967939587138957,0
8,266,No,37,3.0,3,2,8,13,BrownChromis,45.737714310765135,No,,,,,NRL_nr,,1.0,159.9802218478275,187.56483498761455,-167.4823874188998,1953.7133969208264,1019.1062650842804,291.01414441346583,L,151.75773939209776,68.47298145738014,22.47080313184145,43.06834863142874,0
8,266,No,37,3.0,3,2,8,14,BrownChromis,45.29052328678015,No,,,,,NRL_nr,,1.0,221.34064010825648,116.55361674043073,-174.6066964402091,1960.713392653832,1067.2985073329394,278.91960555260584,L,147.26793604916872,86.88853293774004,41.58100975018203,46.267240643323966,0
8,266,No,37,3.0,3,2,8,15,BrownChromis,40.376538330788435,No,,,,,NRL_nr,,1.0,187.54827988818488,145.0063789811099,-384.04981409826235,1996.3721766672152,1254.529334096345,634.5785783175563,L,141.13852454571617,90.08728901096592,37.81240920048094,37.94660391683079,0
8,266,No,37,3.0,3,2,8,16,BrownChromis,41.19471595738439,No,,,,,NRL_nr,,1.0,200.77546844129432,193.4894208483327,-424.7406981011863,2007.8490887191292,1286.3638542707297,305.46820259639054,L,119.3147703532527,76.52012583878962,56.68121942164042,34.73104876297483,0
8,266,No,37,3.0,3,2,8,17,BrownChromis,35.38381584664026,No,,,,,NRL_nr,,1.0,385.76464769978776,-290.2978368632955,-539.6692063202811,2190.8000606539863,1966.8871715074924,248.9047474802343,L,127.03322519357567,88.38919740188614,38.32595012048592,46.39516395339573,0
8,266,No,37,3.0,3,2,8,18,BrownChromis,28.528564193256315,No,,,,,NRL_nr,,1.0,320.93582771663375,-287.08229507507394,-543.0145157876876,2192.666862136654,1821.6581030714297,238.8963498055668,R,136.19267690777642,102.2506663561947,121.9551624478,45.376807815825366,0
8,266,No,37,3.0,3,2,8,19,BrownChromis,35.8795123136065,No,,,,,NRL_nr,,1.0,406.0362164013883,-369.6954705819102,-457.0673702186708,2144.7053027226348,1989.0962148375656,212.20194327500369,L,119.23760428935336,81.6719177703497,50.69830706747536,50.08724372990311,0
8,266,No,37,3.0,3,2,8,20,BrownChromis,74.33671710020921,No,,,,,NRL_nr,,1.0,488.62882240579745,-395.3798364918396,-468.7413258088611,2254.6573166578646,2222.181316299399,77.79631272315537,R,78.97296276300966,74.11229543488338,78.77395469762682,49.05725320148483,0
8,266,No,37,3.0,3,2,8,21,BrownChromis,35.62106227804975,No,,,,,NRL_nr,,1.0,288.836269162337,-279.6573430749271,-338.335779976424,2038.532711176531,1537.901416050517,155.4015074333737,L,114.13488510080016,72.89612309744341,55.23395634354786,51.940853759616225,0
8,266,No,37,3.0,3,2,8,22,BrownChromis,35.77815937848149,No,,,,,NRL_nr,,1.0,205.81494977219555,-485.5698340200211,-381.5013434129124,2207.8470803752903,1898.7174783228395,207.73509007920856,L,115.50648980001586,84.46603395914714,52.79499241276607,54.29261618069015,0
8,266,No,37,3.0,3,2,8,23,BrownChromis,22.26660876639745,No,,,,,NRL_nr,,1.0,206.18705400185783,-388.41814608076714,-456.39463622195217,2188.354176903434,1866.871261133911,307.52133373730226,L,128.219649738342,89.79579774438974,45.56897278529394,50.72958368486471,0
8,266,No,37,3.0,3,2,8,24,BrownChromis,25.883288228369953,No,,,,,NRL_nr,,1.0,143.25367700539346,-306.41550038584637,-443.4873796247807,2110.429459062911,1657.7186475720134,214.83813912373884,R,123.4471741389106,83.00977535525398,107.02011375754144,48.99452393377833,0
8,266,No,37,3.0,3,2,8,25,BrownChromis,25.725827448103075,No,,,,,NRL_nr,,1.0,262.4489913349294,-295.75952184927803,-544.7078865736711,2230.4592529822344,1933.2038169931575,396.9117936637344,L,132.9206636217463,89.49054276094947,16.79045310100683,46.49654733887403,0
8,266,No,37,3.0,3,2,8,26,BrownChromis,19.5693279074016,No,,,,,NRL_nr,,1.0,264.4776377308489,-261.40422358195553,-578.6571386041171,2256.627552466275,1961.4154374098937,322.5838605885738,L,118.52202363668772,51.61212123199382,43.23972938875677,44.9374655917459,0
8,266,No,37,3.0,3,2,8,28,BrownChromis,38.16908596982284,No,,,,,NRL_nr,,1.0,332.18389659997206,25.37130493443677,-369.3702706304204,2007.5686360578543,1339.8436041937844,160.2009128447847,L,125.03901238406011,80.78478456941639,63.53192730629574,43.43364353947972,0
8,266,No,37,3.0,3,2,8,29,BicolorDamselfish,27.826378203141136,No,,,,,NRL_nr,,1.0,90.9127759835962,-232.872050565072,-589.4749434595211,2220.5376674372524,1728.0371585677997,191.4077057391564,R,116.00713593537364,76.20804648885586,128.07100051223438,43.59674004339977,0
8,266,No,37,3.0,3,2,8,34,BicolorDamselfish,34.689116500532414,No,,,,,NRL_nr,,1.0,23.733681414256676,138.48487761549492,-419.8004207285596,2014.0064293934831,1284.3092418244628,180.7698570966436,L,122.61569733978892,58.54889609918066,41.206821478466566,37.021486469380086,0
8,267,No,21,4.0,3,2,9,1,BrownChromis,46.564087135747535,No,,,,,NRL_nr,,1.0,605.4936321327364,352.2324404929576,108.12694651534323,1892.809217216404,645.9657777989105,37.113604078927935,L,33.47293375323136,0.0,111.3347035622404,53.65551461936274,0
8,267,No,21,4.0,3,2,9,2,BrownChromis,39.1767101270412,No,,,,,NRL_nr,,1.0,715.9202660126062,407.20570463175017,-1.604175071566317,1919.12129176246,757.098475595779,49.45909705249208,R,42.56693608729143,15.401097173457757,160.43653022398345,43.28723176184903,0
8,267,No,21,4.0,3,2,9,3,BrownChromis,45.8291032829391,No,,,,,NRL_nr,,1.0,728.6238347192302,466.5476286938813,-323.1032012217872,1999.442959522472,1003.7308932756656,30.84543480342298,L,30.350462452339656,24.28150119853457,130.16931548165462,28.817462420828576,0
8,267,No,21,4.0,3,2,9,4,BrownChromis,32.544836449039956,No,,,,,NRL_nr,,1.0,664.9900282611432,352.91097084667797,-155.1079955509929,1943.409807900675,946.1317599284636,47.35861209064869,L,42.71760517204178,30.590937401277607,40.670834991705746,41.85994204923144,0
8,267,No,21,4.0,3,2,9,5,BicolorDamselfish,29.029094432297125,No,,,,,NRL_nr,,1.0,166.53964441240456,202.27036239627364,-484.4572296070694,2036.7690891572129,1332.518353408076,23.48879750088861,L,33.287920821244185,17.001903087421816,58.794386257450746,32.90207887279111,0
8,267,No,21,4.0,3,2,9,6,BrownChromis,35.927916009391474,No,,,,,NRL_nr,,1.0,238.5963032471389,-205.883978173286,-620.8853685215769,2242.6546720670945,1889.177214858926,99.72679216554616,L,48.15622054433114,19.679195978726263,19.155639965781297,42.51154245982717,0
8,267,No,21,4.0,3,2,9,7,BrownChromis,41.69554238589014,No,,,,,NRL_nr,,1.0,351.87494005435116,-460.0138158207221,-385.0895338815712,2156.0076628068578,1964.2072291600243,188.8086408333315,R,50.12458703035385,20.94456803323233,119.17752926914072,54.81514908423382,0
8,267,No,21,4.0,3,2,9,8,BrownChromis,35.56618448630034,No,,,,,NRL_nr,,1.0,324.2645769360603,-488.2938156112905,-374.7420326233387,2194.8856690084276,1989.236254453168,214.6958040110188,R,52.89810248484063,52.89810248484063,169.0189827031292,54.16545639722914,0
8,267,No,21,4.0,3,2,9,9,BrownChromis,58.71158430014742,No,,,,,NRL_nr,,1.0,697.9406364640923,597.2450864899257,274.50481224151275,2060.77106839811,411.1761725893192,11.152359979993207,L,16.44201380070439,16.44201380070439,147.77207796408905,49.329416869405776,0
8,267,No,21,4.0,3,2,9,10,BrownChromis,29.22976291647756,No,,,,,NRL_nr,,1.0,448.16923080644005,-285.0321624811111,-545.1473843453734,2193.857078535052,1987.2216267755864,81.50042889571023,L,44.80724215583093,33.293535896402254,55.008237754664336,45.913416663245414,0
8,267,No,21,4.0,3,2,9,11,BrownChromis,43.10922567061961,No,,,,,NRL_nr,,1.0,536.6902085234914,-181.3313427956159,-644.3502568017414,2257.80509854038,2249.9268626108283,73.9254740186786,L,35.54820724776817,35.54820724776817,72.43286167529705,41.2941003899816,0
8,267,No,21,4.0,3,2,9,12,BrownChromis,29.209791158459492,No,,,,,NRL_nr,,1.0,388.6008006882237,-181.3313427956159,-644.3502568017414,2257.80509854038,2067.424467475151,82.227921599762,L,40.72222483916365,29.418406966562667,80.7454381720377,38.90454337281785,0
8,267,No,21,4.0,3,2,9,13,BrownChromis,23.465119187354,No,,,,,NRL_nr,,1.0,472.656837914236,-325.8056238059629,-525.8211627348691,2255.6804700676416,2180.0706226616626,91.652398893272,L,46.110383824198394,20.33989671500245,87.94915140943138,46.88091944206962,0
8,267,No,21,4.0,3,2,9,15,BrownChromis,31.656897607364655,No,,,,,NRL_nr,,1.0,543.5043765937936,586.3714637722876,-223.98562026448025,2153.952316473883,978.4242660608344,21.922618967475245,L,24.420373244692993,20.59207891044658,144.23244269826972,14.836592876615146,0
8,267,No,21,4.0,3,2,9,20,BrownChromis,26.971479850760893,No,,,,,NRL_nr,,1.0,207.28899762266695,-374.63811318092087,-472.9446499628277,2202.772403901718,1873.3414135637552,236.06343593164155,L,66.08524711273786,20.21517183412001,59.5996284779048,50.01927253141585,0
8,267,No,21,4.0,3,2,9,21,BrownChromis,14.520862681310728,No,,,,,NRL_nr,,1.0,177.64160011822088,-410.20620097990775,-456.5775307113094,2254.4392811991083,1894.3686236100443,210.8502317617881,R,69.41717002793345,10.68995268219544,136.3817716560202,50.8617473920857,0
8,268,Yes,19,6.0,3,2,10,5,BrownChromis,37.176656368331074,Yes,2399.0,2397.0,0.0,1.0,FR,648.8185509370318,1.0,505.254610525367,536.0020343983026,-148.91102020995575,2055.9687668125875,829.0221119299586,35.119282414232664,L,31.75579056995392,8.9645810652265,28.210965630843067,6.298264530157504,1
8,269,No,23,5.0,3,2,11,3,BrownChromis,39.31840199377688,No,,,,,NRL_nr,,1.0,284.51279869736163,-228.627815802662,-599.1491434350887,2228.62038065911,1937.236029593322,329.25716832654905,L,62.55188456387403,62.55188456387403,34.56044883873342,43.77765778468788,0
8,269,No,23,5.0,3,2,11,4,BrownChromis,33.56638057848467,No,,,,,NRL_nr,,1.0,263.4702665835689,-186.21626322489783,-639.6817513493759,2254.7908140591717,1934.8614824543715,351.80332363302153,R,47.1305717086009,30.56774365420395,73.73933237783012,42.03800377816469,0
8,269,No,23,5.0,3,2,11,5,BrownChromis,36.73422010133575,No,,,,,NRL_nr,,1.0,193.49376242091833,-181.3313427956159,-644.3502568017414,2257.80509854038,1891.7671464478744,269.1635443009403,R,60.98479758126405,27.126933381637752,112.85594924942116,39.08633764066494,0
8,269,No,23,5.0,3,2,11,6,BrownChromis,25.051041689303712,No,,,,,NRL_nr,,1.0,247.55568215456665,-181.3313427956159,-644.3502568017414,2257.80509854038,1949.1893028484133,211.3005255651847,R,60.173483538090515,47.23810501973194,144.86831720010363,39.49699237192953,0
8,269,No,23,5.0,3,2,11,7,BrownChromis,29.465580472068783,No,,,,,NRL_nr,,1.0,267.0790844519978,-65.60483445315212,-629.5228999270157,2282.2535621415377,1877.7830483359253,179.88200943791173,L,49.80980744769033,49.80980744769033,87.57441744276811,34.19244418007256,0
8,269,No,23,5.0,3,2,11,9,BrownChromis,25.684816996754744,No,,,,,NRL_nr,,1.0,119.127332097743,217.31448867572556,-493.5541459255603,2039.0155791424695,1332.129298387525,36.41188827362377,R,34.038692224466374,9.441429156369896,174.72878943614865,30.32021625031976,0
8,269,No,23,5.0,3,2,11,10,BrownChromis,16.12462263189164,No,,,,,NRL_nr,,1.0,105.87919069789562,-346.89879755486976,-488.3060490513537,2179.746853569458,1773.7896448537583,617.3468839489768,L,78.1572220049855,40.05191998462964,69.64297483094565,49.32768695979589,0
8,269,No,23,5.0,3,2,11,11,BrownChromis,13.85504510011162,No,,,,,NRL_nr,,1.0,148.06260264955864,-359.22878531672404,-486.8325586347309,2205.504858319942,1824.4561562680417,655.1029527335567,R,70.89855909694494,51.887440837393875,125.25870391917464,49.47574325651703,0
8,269,No,23,5.0,3,2,11,12,BicolorDamselfish,30.218511883681927,No,,,,,NRL_nr,,1.0,39.08022155066172,-360.4867629326366,-466.64770812456743,2150.051471494593,1690.9180749498466,243.97253489420868,L,57.80640247429663,16.257422582174947,71.19247999815741,50.23838041977032,0
8,269,No,23,5.0,3,2,11,13,BicolorDamselfish,31.86524977928376,No,,,,,NRL_nr,,1.0,57.90720523639043,-135.85511163713167,-629.1407451471036,2233.357605109671,1696.8602417331658,180.6900620324812,R,61.2878020274628,26.763900306406985,51.14541033576309,39.93800966840615,0
8,269,No,23,5.0,3,2,11,18,BrownChromis,36.87764565327783,No,,,,,NRL_nr,,1.0,760.9875893104515,477.97910782524775,-385.0359657264052,2014.9159237599272,1206.0500611819416,13.175636907661987,R,20.882197892481983,8.881584389160608,142.04154607095336,14.661862284276964,0
8,269,No,23,5.0,3,2,11,21,BrownChromis,24.20445120497944,No,,,,,NRL_nr,,1.0,614.3385220555224,600.3422236011857,148.57514068085854,2098.331230541971,730.646001487335,223.40979000457656,L,70.49290690176483,64.61725238855242,127.7817207942478,36.810011574815285,0
8,269,No,23,5.0,3,2,11,23,BrownChromis,17.835806877886068,No,,,,,NRL_nr,,1.0,112.95477508527394,-67.4380547662881,-629.7577796637518,2281.8662747279577,1737.9989415279376,200.1208723127191,R,70.55148757057233,33.88369868348352,103.36246818098486,36.590198216491686,0
8,270,Yes,34,8.0,3,2,12,13,BrownChromis,44.51774758949957,Yes,2391.0,2388.0,0.0,1.0,FR,1341.4431977940685,1.0,426.84105087329664,493.56028828049085,204.09679161000705,1989.6927345602976,283.9350784066663,52.34835952842646,L,57.71748814285968,40.591723411182066,131.6780309729127,35.939378240310404,1
8,271,No,23,7.0,3,2,13,1,BrownChromis,43.00762307269897,No,,,,,NRL_nr,,1.0,480.1054691830125,477.97910782524775,-385.0359657264052,2014.9159237599272,1173.1972716657235,42.465360325482045,R,37.47629619701563,25.385752428167223,43.331949394170515,2.953009375629282,0
8,271,No,23,7.0,3,2,13,2,BrownChromis,42.57000738596861,No,,,,,NRL_nr,,1.0,504.33491794778354,556.7468832081915,-301.392708844945,2123.047664390934,1124.6568294467727,53.763920101944,R,36.01749151585533,20.389629600699024,72.66096465109906,6.1817200235017005,0
8,271,No,23,7.0,3,2,13,3,BrownChromis,59.30360537314274,No,,,,,NRL_nr,,1.0,537.1242740380458,-172.6952178787081,-643.2437609090391,2259.6295723684616,2182.350355636447,41.13203918207979,L,34.976612300023874,23.091870010834025,38.67954890776116,34.515217134136165,0
8,271,No,23,7.0,3,2,13,7,BicolorDamselfish,29.526449286066004,No,,,,,NRL_nr,,1.0,247.4770870095425,-286.52165719206033,-558.0503798767468,2256.2581772789617,1958.3268795331871,136.5072185562232,R,73.36036099472918,41.08440183705609,150.68272702143523,45.86105568749474,0
8,271,No,23,7.0,3,2,13,9,BrownChromis,64.93178674092336,No,,,,,NRL_nr,,1.0,370.44276656843135,36.205434815675545,-616.4785489171883,2303.7620712817,1871.1410058258523,45.62300244176946,L,44.86088103130856,44.86088103130856,114.84281637929016,28.84021375808275,0
8,271,No,23,7.0,3,2,13,10,BrownChromis,30.336136714280407,No,,,,,NRL_nr,,1.0,483.96667230663707,144.22173479216644,-334.4015158779844,1986.016309073256,1197.5636186375575,99.82847376054788,R,56.594920008084365,16.377659819055246,111.6552204256632,44.15558065728099,0
8,271,No,23,7.0,3,2,13,11,BrownChromis,45.35237667611165,No,,,,,NRL_nr,,1.0,387.4933201146171,130.83415805664808,-370.96155758724507,1993.4080784182229,1248.435661896024,97.67608600508864,R,51.48177314640487,21.908980113876066,119.45140934721589,41.369739200097705,0
8,271,No,23,7.0,3,2,13,14,BrownChromis,25.740523848453257,No,,,,,NRL_nr,,1.0,179.35496593364036,-164.45783494500017,-642.188353481465,2261.369807684536,1839.5053581116465,144.45090547765963,L,73.29680265568305,24.42915209359677,70.50108551365838,37.52651640938694,0
8,271,No,23,7.0,3,2,13,15,BrownChromis,24.485441961242383,No,,,,,NRL_nr,,1.0,145.311311818931,-181.3313427956159,-644.3502568017414,2257.80509854038,1863.3496284774644,173.38466066445469,R,74.11252354010726,40.06514095904098,153.89794444724038,41.43301995727146,0
8,271,No,23,7.0,3,2,13,16,BrownChromis,30.550701034922053,No,,,,,NRL_nr,,1.0,269.1634973823666,-510.447509172024,-371.7626951327304,2241.498742328208,1985.349473983468,95.57276489172509,R,69.5416013941436,42.54388558178686,107.39773304347008,54.39283231046624,0
8,271,No,23,7.0,3,2,13,17,BrownChromis,39.47382507364385,No,,,,,NRL_nr,,1.0,324.482303951188,-365.93586148812426,-492.1922247508236,2251.9493272786945,2006.2165379887265,128.292247253953,L,73.19903532137386,52.27902816189304,30.439343281713153,48.86553409637273,0
8,271,No,23,7.0,3,2,13,21,BicolorDamselfish,31.699529156598924,No,,,,,NRL_nr,,1.0,16.217106134419524,-381.3313310294265,-455.59560494116465,2168.77775806664,1676.8096548699452,88.99741372414127,L,68.0794264812408,24.74884468016769,104.59592893909458,51.252433747887935,0
8,271,No,23,7.0,3,2,13,23,BrownChromis,51.17082735374901,No,,,,,NRL_nr,,1.0,98.60876171192228,539.5537693196895,198.94952326073687,2017.0380904321,596.1399268043967,17.908453427651132,R,34.95961081093265,5.648440882909739,99.35780652213818,39.25446963741052,0
8,272,No,28,2.0,3,2,14,7,BrownChromis,37.60587116482368,No,,,,,NRL_nr,,1.0,419.53745088748025,-324.5948868650895,-503.9880509717845,2170.8887088472698,1958.2597226709604,100.16429132497288,L,86.07480125482509,66.35079991936202,125.64831262185427,47.66820322156083,0
8,272,No,28,2.0,3,2,14,8,BrownChromis,37.8558042362651,No,,,,,NRL_nr,,1.0,407.7420882137664,-181.3313427956159,-644.3502568017414,2257.80509854038,2039.0684899252617,95.65832919702868,R,92.82519004390024,50.37460837566525,147.2889359205342,41.57372372616905,0
8,272,No,28,2.0,3,2,14,13,BicolorDamselfish,28.922071049925393,No,,,,,NRL_nr,,1.0,138.06808957922348,-184.64272892940295,-499.0018899726849,2117.481351507684,1616.6756471975286,69.98454490071224,R,74.54979349677302,50.74823152883592,109.89800427443562,44.29984639214994,0
8,272,No,28,2.0,3,2,14,16,BrownChromis,50.1374068582025,No,,,,,NRL_nr,,1.0,569.0585677011597,-321.5655738304457,-525.5935739978439,2239.2405609554417,2209.240589309836,95.1486567490993,R,87.26160164261442,56.93226993247196,176.4146252344266,47.187424393864184,0
8,272,No,28,2.0,3,2,14,25,BrownChromis,42.36781060370624,No,,,,,NRL_nr,,1.0,320.1840654052744,-460.73700990853183,-384.67450869506746,2156.565820703337,1937.6319682396283,102.45169058685543,L,86.52833312347015,75.01327692489322,112.35199743785196,54.91631060767409,0
8,272,No,28,2.0,3,2,14,26,BrownChromis,45.48933297798074,No,,,,,NRL_nr,,1.0,418.3446868812751,-264.56910007207813,-576.0606214898987,2256.581010018328,2102.037958384056,112.43957592134969,L,95.29153658102084,51.31454661866374,27.72723143337513,44.969785084190256,0
8,273,No,36,6.0,3,2,15,11,BrownChromis,42.79138733491663,No,,,,,NRL_nr,,1.0,252.9496415335209,-412.8831605680132,-412.1367806940252,2119.6324381763334,1786.4263537881218,143.12843049295546,R,86.81045994852137,17.755492757177308,132.9836696675951,54.82901365777096,0
8,273,No,36,6.0,3,2,15,14,BrownChromis,40.45167522960168,No,,,,,NRL_nr,,1.0,0.2257266931915432,585.9560508451563,-109.36260939342624,2129.920029337751,932.5092210636444,25.18008811281678,L,41.43953078838675,2.599424616780899,20.349613678238946,30.464578885614955,0
8,273,No,36,6.0,3,2,15,18,BrownChromis,43.893441305360525,No,,,,,NRL_nr,,1.0,73.43521628674623,217.42419800462355,-425.9123001955381,2004.6734254341493,1251.990304495179,37.726748172640086,R,53.74186143845695,5.321994490064189,129.47262907006805,33.667468653626464,0
8,273,No,36,6.0,3,2,15,32,BrownChromis,31.259784151507848,No,,,,,NRL_nr,,1.0,137.95732081007475,-295.0713411472191,-368.5110510602814,2056.37567522123,1549.3009026394802,114.25852011312465,L,79.5622333376159,45.84034724306414,25.18493876148617,51.313854373133346,0
8,274,No,26,7.0,3,2,16,1,BrownChromis,42.651334545569554,No,,,,,NRL_nr,,1.0,181.7237711301823,583.5805699402497,-55.9266198228207,2111.892120845053,811.3914670576655,39.73045135424147,L,48.53467236529895,41.48306572738344,92.21080424011151,22.23191820137764,0
8,274,No,26,7.0,3,2,16,2,BrownChromis,35.287668371208376,No,,,,,NRL_nr,,1.0,293.544624216512,401.5111745419388,29.24729978692744,1911.4135175176557,618.5563122719047,403.2111514168023,R,77.71123363337352,10.738795320368794,151.34740802319047,29.595950851535047,0
8,274,No,26,7.0,3,2,16,3,BrownChromis,34.62227093664291,No,,,,,NRL_nr,,1.0,251.60438455290023,383.0442457667692,58.80700431375884,1904.4416604842831,605.232150966804,543.7078158194918,R,79.89665620332019,30.47004926610827,148.80520532654612,36.69615356301552,0
8,274,No,26,7.0,3,2,16,4,BrownChromis,36.26864923961037,No,,,,,NRL_nr,,1.0,102.64470230932106,565.4135762820385,252.88936170148395,2038.9498299119452,548.3247583478075,53.30078483104023,L,58.74115611367564,12.28453389330628,104.3024230753674,47.992911156520194,0
8,274,No,26,7.0,3,2,16,17,BicolorDamselfish,29.969345820972674,No,,,,,NRL_nr,,1.0,219.60966439135055,364.87169453249913,87.89550362643338,1897.5809404003176,590.1660342023899,468.8892892083744,L,89.23093497707319,38.93647946844302,21.77428385770694,39.49863516576439,0
8,275,No,27,8.0,3,2,17,8,BrownChromis,36.66477683305521,No,,,,,NRL_nr,,1.0,309.04940914599234,82.40108151388338,-577.263015993017,2192.67236751216,1684.6633434347034,23.605430940319568,L,40.11219622147112,25.597669037416033,62.562589802995895,28.608766986970064,0
8,275,No,27,8.0,3,2,17,11,BrownChromis,33.43139264839984,No,,,,,NRL_nr,,1.0,276.70324853246206,-382.9408856279288,-324.33337615851235,2047.6963551145495,1608.6556133600725,139.5756566674328,L,75.54654674524984,66.16850549698401,76.37207586035713,54.9963176898117,0
8,275,No,27,8.0,3,2,17,17,BrownChromis,36.41829875387405,No,,,,,NRL_nr,,1.0,92.1260531075373,567.2955907370526,215.219228025914,2039.8436710202188,599.2880486263105,27.653303691387748,L,41.26534514163054,0.0,23.547895997158232,40.38292618833053,0
8,275,No,27,8.0,3,2,17,23,BrownChromis,29.452414482276527,No,,,,,NRL_nr,,1.0,3.872870025054696,477.2295793018328,-129.49639080339986,1991.6412305924289,894.7626467885513,34.14039575387621,R,45.5588405018024,43.03087557914615,43.821547134232375,30.64909335611724,0
8,275,No,27,8.0,3,2,17,24,BicolorDamselfish,15.254703761978552,No,,,,,NRL_nr,,1.0,46.88528365978048,-173.8250283041325,-221.7525399549396,1992.4435504206192,1327.1595184627208,130.97777450126216,L,79.16837829069466,28.703758447697425,26.189489995645165,54.069843967465886,0
8,276,No,30,4.0,3,2,18,4,BrownChromis,39.09699665480276,No,,,,,NRL_nr,,1.0,155.17068653801715,513.0325349685581,84.46197609453189,2003.9932340504463,638.2050337191156,605.6707997106869,R,120.17923568967602,29.255782818184706,49.65681529732873,29.19545067923309,0
8,276,No,30,4.0,3,2,18,5,BrownChromis,38.19588968540443,No,,,,,NRL_nr,,1.0,161.14820318027782,546.8696648309646,93.8465926754206,2032.7354251019633,636.0923902322065,945.7471574212692,R,147.50363413307946,77.17712440591166,65.01747957896426,28.40893087724875,0
8,276,No,30,4.0,3,2,18,6,BrownChromis,41.96945061090104,No,,,,,NRL_nr,,1.0,186.5160117092982,562.0521492863368,79.88789430642842,2047.2401583784952,661.0858431935068,342.0689422534829,R,111.07918087950952,105.2127720099877,59.80921917284139,25.598437115768807,0
8,276,No,30,4.0,3,2,18,8,BrownChromis,74.2568934352533,No,,,,,NRL_nr,,1.0,82.34210181073213,-119.2659799654845,-633.3585868162083,2259.8849836685436,1719.2838939469468,157.3911485748278,R,70.50413650521413,38.42852347301413,146.6775432478388,38.43530211840749,0
8,276,No,30,4.0,3,2,18,9,BrownChromis,38.84541865123949,No,,,,,NRL_nr,,1.0,107.08309666856935,-19.407343949977005,-576.2318767986967,2156.917320848759,1575.4074449255113,105.3571873732488,R,59.88023309059325,20.18875806959597,149.3825964896686,37.69258769857828,0
8,276,No,30,4.0,3,2,18,10,BrownChromis,48.25571323443644,No,,,,,NRL_nr,,1.0,285.19461001116963,-142.09593862576563,-631.2279878319122,2236.7126011794885,1824.4555973977976,112.51624416667542,R,75.43678083637167,21.62216658764966,150.14189240347795,35.19801139575495,0
8,276,No,30,4.0,3,2,18,11,BrownChromis,47.553369784138454,No,,,,,NRL_nr,,1.0,338.22611287286435,-9.38315781681726,-622.3195471643498,2294.130993116746,1898.392600540688,70.97626364437666,R,69.76943043802393,9.847634335985076,151.46622076820958,31.220243317101183,0
8,276,No,30,4.0,3,2,18,12,BrownChromis,47.85080512937264,No,,,,,NRL_nr,,1.0,327.7088755231771,-181.3313427956159,-644.3502568017414,2257.80509854038,2029.7390984342803,82.54279878490362,R,61.06849953956218,33.99957960746998,168.90679985213234,38.64229187906119,0
8,276,No,30,4.0,3,2,18,18,BicolorDamselfish,30.60305418078573,No,,,,,NRL_nr,,1.0,2.124977760242666,313.65589726665377,-102.83554294758768,1944.0155132548,927.2266920824987,58.098155769540014,R,56.98005234454829,46.29963277608006,98.65324579321756,39.45839600632995,0
8,276,No,30,4.0,3,2,18,27,BrownChromis,34.16167099009095,No,,,,,NRL_nr,,1.0,36.95190118226143,-398.9612427210788,-396.47419863231073,2104.2209538703028,1651.5844232028016,207.09645368394496,L,78.14716769310856,36.15056180797035,119.42786333194746,53.12736750602305,0
8,276,No,30,4.0,3,2,18,28,BrownChromis,15.230337597269628,No,,,,,NRL_nr,,1.0,71.01897843267973,-463.4305849149737,-383.12872522109586,2158.6447096004495,1754.8361630153431,319.98024523756493,L,88.66587238490506,43.11430009609534,95.25153547413284,54.771971459372025,0
8,276,No,30,4.0,3,2,18,29,BicolorDamselfish,26.85066294092411,No,,,,,NRL_nr,,1.0,59.85219938393903,-276.0311243974522,-564.1538255921441,2245.266837728489,1767.8294252070675,263.50363760832016,R,95.58094429178662,62.10806978727481,112.41633356312111,45.85740032602733,0
8,276,No,30,4.0,3,2,18,30,BicolorDamselfish,26.186665886727823,No,,,,,NRL_nr,,1.0,18.541270689468135,-232.82120721091027,-582.5806747891387,2261.094124408772,1723.2798900511273,239.75786609576647,L,97.5077773418311,37.89374963724846,79.53405843266654,44.48748065731185,0
8,277,No,37,3.0,3,2,19,16,BrownChromis,48.45946384320157,No,,,,,NRL_nr,,1.0,697.9854712005048,-458.77020328062935,-385.8032157756717,2155.047848323977,2253.7471943033333,62.93196860595243,R,70.23815766642893,70.23815766642893,108.5978838479145,54.8483130720633,0
8,277,No,37,3.0,3,2,19,18,BicolorDamselfish,38.851635726899765,No,,,,,NRL_nr,,1.0,237.65516070792785,-448.74965142088433,-391.5537901713447,2147.31403213013,1880.198593475092,119.9370822422104,R,92.67205522062127,63.4055125797554,95.00565304759964,53.74499491262348,0
8,277,No,37,3.0,3,2,19,22,BrownChromis,41.45615859629612,No,,,,,NRL_nr,,1.0,350.299612017863,-412.8831605680132,-412.1367806940252,2119.6324381763334,1874.942233774084,131.82156534827502,R,98.29250592180664,42.98320865261674,165.29206562590733,54.73453364450117,0
8,277,No,37,3.0,3,2,19,30,BrownChromis,34.19444759352096,No,,,,,NRL_nr,,2.0,110.56252037795716,406.83191331039586,-1040.417728599524,2529.4813924283553,1944.856849905683,1873.782641966948,L,83.40929868939287,47.36260989204819,14.461650550601323,24.16920064034439,0
8,277,No,37,3.0,3,2,19,34,BrownChromis,34.35765837007831,No,,,,,NRL_nr,,1.0,80.93206958754308,-44.77253240772773,-231.72972031141984,1983.6747217454129,1234.6718476546305,66.91279846622693,R,78.4333135005734,48.86956699258634,85.10633540477743,49.22616349497113,0
8,277,No,37,3.0,3,2,19,35,BrownChromis,21.855796678013512,No,,,,,NRL_nr,,2.0,92.48854404811232,404.6682982164278,-1091.471941314142,2533.388495056079,1995.585772120222,787.6958541675024,R,61.87374514194951,61.87374514194951,52.505766439363974,23.440434227562413,0
8,277,No,37,3.0,3,2,19,36,BrownChromis,22.78753493703946,No,,,,,NRL_nr,,2.0,96.69376294342376,406.5970187144179,-1045.96046986714,2529.9055701371085,1957.2171567793196,2497.9238199884535,R,103.38742770918309,78.1777134281634,68.9561859384108,24.102602839953494,0
8,278,Yes,25,5.0,3,2,20,1,BrownChromis,48.46000167533482,Yes,2399.0,2394.0,0.0,1.0,FR,526.8075561572863,1.0,144.16136191631364,-149.6615510483365,-355.9596291356595,2026.9990716234424,1430.376466353248,348.396994588295,L,76.74856108703014,63.20820401846943,91.86755937372445,47.90613865777981,1
8,279,No,18,6.0,3,2,21,9,BrownChromis,72.55315723360131,No,,,,,NRL_nr,,1.0,18.99022606905269,-32.93811577661908,-574.9980510948197,2158.483111215907,1552.9701151710417,100.38421443944644,R,42.65489602588621,33.63933748060204,109.60635009759852,38.98688810288469,0
8,279,No,18,6.0,3,2,21,10,BicolorDamselfish,31.610756620887695,No,,,,,NRL_nr,,1.0,26.66380828847357,-174.27204843224246,-609.7907487966859,2222.096666292618,1685.523621474274,81.38362911773498,R,59.233075671519224,59.233075671519224,93.85673821960496,42.09390893333195,0
8,279,No,18,6.0,3,2,21,11,BicolorDamselfish,28.97025089045285,No,,,,,NRL_nr,,1.0,42.77375300634512,75.12062576690329,-420.4330617169588,2024.308565704344,1324.338654821779,53.55726415880381,R,44.164068941304,25.472581147330516,110.47237025635552,39.201902120167674,0
8,279,No,18,6.0,3,2,21,12,BicolorDamselfish,30.55243452952991,No,,,,,NRL_nr,,1.0,0.2177767043390196,-314.7652206068393,-354.0095396204485,2052.107794165142,1538.3938160183295,75.8303562273958,L,46.224802834182725,20.625683447722352,58.8413664816088,52.710691703962524,0
8,280,Yes,23,8.0,3,2,22,7,BrownChromis,58.84160340122117,Yes,2395.0,2394.0,0.0,1.0,FR,658.3246092807169,1.0,450.84341405145307,-228.324198905718,-538.8586746193866,2169.890168444994,1832.7403233661305,80.44180547518067,R,62.611454207112125,55.0664386104628,64.28284967807592,43.26691103179623,1
8,281,No,17,2.0,3,2,23,1,BrownChromis,40.91042091121396,No,,,,,NRL_nr,,1.0,460.6114272494654,597.2450864899257,274.50481224151275,2060.77106839811,389.4324351160247,6.951439363048456,R,16.26714268824074,16.26714268824074,1.7047590867126583,49.19187648195304,0
8,281,No,17,2.0,3,2,23,2,BrownChromis,47.96539856058567,No,,,,,NRL_nr,,1.0,524.7340007993528,477.97910782524775,-385.0359657264052,2014.9159237599272,1123.4128867102074,19.96578936503742,L,23.70026262556249,1.424018459217723,42.881706604869045,18.807569158557744,0
8,281,No,17,2.0,3,2,23,4,BrownChromis,38.94179422989939,No,,,,,NRL_nr,,1.0,348.2598772519643,-85.51692066387211,-383.4175178461026,2030.828557172522,1457.185201980871,89.17250206472676,L,49.523997367433296,20.495140570332417,83.93051531676355,45.5228810804632,0
8,281,No,17,2.0,3,2,23,5,BrownChromis,40.277431364170646,No,,,,,NRL_nr,,1.0,421.7409348055231,-328.1942300382296,-523.8615106029247,2255.6453433947436,2127.848373197228,66.0619103290089,L,36.5246332281161,29.536545656528777,78.71931936192723,47.076668008982836,0
8,281,No,17,2.0,3,2,23,6,BrownChromis,46.44426340429531,No,,,,,NRL_nr,,1.0,496.0501371894254,-398.6915298992336,-426.9011344362487,2127.871471881631,2062.394654202178,47.07257114145107,L,35.36863354567731,35.36863354567731,33.38605811597085,51.27933253977438,0
8,281,No,17,2.0,3,2,23,7,BrownChromis,32.67494674523472,No,,,,,NRL_nr,,1.0,493.9228036734727,-181.3313427956159,-644.3502568017414,2257.80509854038,2165.6350901568985,59.51677712181779,L,31.91594956195068,31.91594956195068,41.47193397712483,42.00371045320738,0
8,281,No,17,2.0,3,2,23,8,BrownChromis,49.04328128191727,No,,,,,NRL_nr,,1.0,358.3346535139649,308.53587039518226,-323.4361943520016,1972.6244714589716,1057.1858379779908,34.51257172478777,R,26.923948180736744,5.713847220939696,143.07897957782217,31.531019642458123,0
8,281,No,17,2.0,3,2,23,9,BrownChromis,17.603518332674888,No,,,,,NRL_nr,,1.0,265.9887542748431,-236.8010494918094,-591.3380057525757,2223.577012639683,1889.5595860490537,74.21927945781104,R,47.66179094416383,32.492587273495985,133.42469365776796,43.64632983410217,0
8,281,No,17,2.0,3,2,23,10,BrownChromis,28.975235607743738,No,,,,,NRL_nr,,1.0,303.6417316110814,-60.648064415508586,-551.0671850738518,2140.475152715563,1653.7602820849406,97.42895696141228,R,47.59700217056588,17.36992955924184,158.4392216826419,38.285916800046735,0
8,281,No,17,2.0,3,2,23,11,BicolorDamselfish,25.47476090639389,No,,,,,NRL_nr,,1.0,174.19038564502884,33.26062588376564,-368.2243432773193,2006.031127981148,1307.2792585442194,86.02818025430139,L,44.300404604298585,15.790439547430742,78.76621399516233,42.28578504858408,0
8,281,No,17,2.0,3,2,23,12,BicolorDamselfish,31.891672957883483,No,,,,,NRL_nr,,1.0,192.44818959703608,-108.26624222041926,-484.0333072526131,2085.939505366565,1521.2526449969466,125.55070712315424,L,53.3981947473899,28.745539997580224,50.77761893201861,43.08594460290561,0
8,281,No,17,2.0,3,2,23,16,BrownChromis,17.092450003204185,No,,,,,NRL_nr,,1.0,110.31582322524685,54.679682209087865,-562.5954377594634,2128.132288008173,1517.3995257201077,82.53375700686418,L,45.172552991534104,33.98094553273338,137.489869596635,35.67577713436103,0
8,282,No,17,7.0,3,2,24,6,BrownChromis,45.96165574502356,No,,,,,NRL_nr,,1.0,39.87231396279998,597.7321131615167,65.56060238568475,2127.956389103745,805.3259785350706,38.3842119196192,L,51.93262368798681,39.30873620850895,107.83777114298032,36.888500932764245,0
8,282,No,17,7.0,3,2,24,7,BrownChromis,49.32944200723835,No,,,,,NRL_nr,,1.0,7.187922862993804,151.9722246596082,-530.519179409207,2111.277326615559,1395.9738644145957,52.37953004956253,L,55.3146347119336,33.59431891807861,94.85281481584724,34.380567323744295,0
8,282,No,17,7.0,3,2,24,9,BrownChromis,28.31709767232681,No,,,,,NRL_nr,,1.0,199.17206499381248,-508.578790468098,-371.8879985424593,2236.015800244679,1914.816936814052,66.5722759147119,R,47.812008965243706,47.812008965243706,132.0596015403674,54.86159089533298,0
8,282,No,17,7.0,3,2,24,16,BrownChromis,37.291430452550074,No,,,,,NRL_nr,,1.0,4.242733846306211,-139.70741957397593,-392.1046410569922,2069.7707599997752,1449.3712833877755,60.49663859177884,L,62.3191359375931,16.480085840831762,53.355663746967515,46.97195191098279,0
8,282,No,17,7.0,3,2,24,17,BicolorDamselfish,57.37639679406253,No,,,,,NRL_nr,,1.0,0.4670004366975002,318.28219690287233,-382.80781510026594,2032.385072424873,1177.7075340854133,50.549306956865216,L,53.95360100440309,35.087261427436445,62.11804696647038,31.0374979149155,0
8,284,No,21,4.0,3,2,26,4,BrownChromis,39.213628694287806,No,,,,,NRL_nr,,1.0,282.06269455512216,588.2868998980391,-117.94037463152428,2133.1753914290566,860.9577168497855,37.56447102619528,L,31.630693154618093,1.79819345732536,71.97274097706108,16.940683372335773,0
8,284,No,21,4.0,3,2,26,16,BrownChromis,51.92557068605122,No,,,,,NRL_nr,,1.0,390.5997613123176,540.4456333002756,-318.70295566742834,2100.6694453992923,1119.8892333054002,87.66411196883179,L,39.471368991434545,14.676389768967912,62.18879974411039,5.7350102789512,0
8,284,No,21,4.0,3,2,26,17,BrownChromis,27.81919390592781,No,,,,,NRL_nr,,1.0,266.0958539511788,526.5965490938532,-333.4092553213043,2081.6575388917727,1110.796937882434,114.10594530263096,L,55.62027439902834,24.608814567100275,146.87636899686956,10.619318077815196,0
8,284,No,21,4.0,3,2,26,18,BrownChromis,28.483282871161393,No,,,,,NRL_nr,,1.0,132.01960280963462,424.85327476664065,-393.2098957131046,2007.6600760115532,1108.9880978311712,77.76063389313065,R,41.54475464613306,13.341153346413684,157.77121047692268,23.78865235663249,0
8,284,No,21,4.0,3,2,26,21,BrownChromis,29.03946689103525,No,,,,,NRL_nr,,1.0,39.39198596905928,442.22308784879056,-268.8547845749364,1983.454223541504,1003.474844753768,71.85107593361799,R,40.567467633563105,20.840383581753272,155.47776463524045,27.134437954058008,0
8,285,No,36,3.0,3,2,27,2,BrownChromis,40.07476112972185,No,,,,,NRL_nr,,1.0,516.8385780334586,-126.1348054778194,-331.7282089558562,2014.54554273046,1462.0290269079317,82.10778344964791,L,73.26809373116119,7.807206931593275,8.513055093908433,50.39497735918504,0
8,285,No,36,3.0,3,2,27,3,BrownChromis,35.16769450436344,No,,,,,NRL_nr,,1.0,494.8908147421006,-254.5238441047883,-359.8467967378616,2045.4894671903944,1604.2270947284032,106.51596904751378,L,83.83821010447535,52.49190142792036,75.42951442099927,51.0524756235315,0
8,285,No,36,3.0,3,2,27,6,BrownChromis,30.00939816540726,No,,,,,NRL_nr,,1.0,86.46339655723166,-424.21664849375566,-416.2896436433846,2159.2746276747594,1761.4592459144724,260.1059419338235,L,87.91738868018552,37.10859151514503,86.69373363097354,52.85036326136297,0
8,285,No,36,3.0,3,2,27,7,BrownChromis,25.196880150140903,No,,,,,NRL_nr,,1.0,58.408455206961825,-385.36914107998257,-440.76116686025904,2135.6058621767756,1707.9983400999076,260.5137625911593,R,96.4478273219377,43.6325940374961,101.22180988532968,51.478913858238265,0
8,285,No,36,3.0,3,2,27,8,BrownChromis,41.62243562054333,No,,,,,NRL_nr,,1.0,416.27969486961695,-399.374865766823,-372.5247513680223,2087.178864799362,1764.9803368911726,86.3044847361788,R,90.99371067695895,69.53745122492508,59.64485124133568,52.94953190428416,0
8,285,No,36,3.0,3,2,27,27,BrownChromis,41.268458987031174,No,,,,,NRL_nr,,1.0,70.231120097504,304.93794694166013,-433.2357582465336,2010.1105125578683,1226.1123928448003,132.4226434481683,R,53.4496956769997,21.70359576655853,100.05204136418196,28.635900372744317,0
8,285,No,36,3.0,3,2,27,28,BrownChromis,31.285017747750977,No,,,,,NRL_nr,,1.0,69.63537516318101,292.92585206186834,-491.6760324604344,2086.5104217054695,1327.8785966726116,88.09962449678875,L,68.07553988160717,22.88279421293733,31.273672063707476,27.55281899846034,0
8,286,No,23,8.0,3,2,28,17,BrownChromis,25.930201064221425,No,,,,,NRL_nr,,1.0,210.8496121821465,-362.8803234094086,-464.15755217228417,2148.661876041889,1827.146433843209,136.13800702737453,R,63.665073885023894,58.884822271439454,148.65488047829646,49.96596105287883,0
8,286,No,23,8.0,3,2,28,18,BrownChromis,34.82077761614359,No,,,,,NRL_nr,,1.0,250.5143115878416,-229.82561091315543,-268.0054562334285,2004.9700450424368,1415.614255544396,340.07484424240823,R,70.83825955745462,12.313948273038733,164.38134449275475,53.6386723343834,0
8,286,No,23,8.0,3,2,28,19,BrownChromis,59.518101888448584,No,,,,,NRL_nr,,1.0,128.58569460861412,-309.7491959906687,-382.28909464534496,2067.236439459255,1591.7106829087254,187.2690882420125,R,72.1994868894593,22.51927953373632,130.13704901641256,51.14746648250361,0
8,286,No,23,8.0,3,2,28,20,BrownChromis,37.89155156401821,No,,,,,NRL_nr,,1.0,238.3005231871977,-244.75526934092687,-312.03842285038854,2023.7059236747664,1467.3202974570893,742.9907685280305,R,85.60971750381253,41.04292940284405,133.39807362698497,52.30966189943028,0
8,287,No,30,6.0,3,2,29,9,BrownChromis,40.90412193119368,No,,,,,NRL_nr,,1.0,520.4886504350104,597.2450864899257,274.50481224151275,2060.77106839811,522.9893657415829,18.07565261810557,L,31.25063918752306,5.899268598253659,66.95703205241459,38.13026764094395,0
8,287,No,30,6.0,3,2,29,14,BrownChromis,38.448345465627256,No,,,,,NRL_nr,,1.0,282.8063970540353,-367.80190823810096,-470.2134496827023,2178.2048633672835,1921.1603648432167,350.6467411866242,L,64.44463819748053,27.751403608026894,45.99069509173266,49.925568012848146,0
8,287,No,30,6.0,3,2,29,15,BrownChromis,23.620807597205953,No,,,,,NRL_nr,,1.0,338.79013230525595,-350.4642463758805,-494.79126719893304,2207.231593092355,1985.586686654272,229.1405856121105,L,53.72159295464606,10.48117393019938,56.42024439258709,48.80828421221785,0
8,287,No,30,6.0,3,2,29,20,BrownChromis,49.64911365909068,No,,,,,NRL_nr,,1.0,239.2309390368556,434.9144405999035,-502.9906149517024,2251.588510697298,1437.5589400343904,17.41965625474095,L,36.81713372418709,36.81713372418709,134.67438455700542,17.639015846897443,0
8,287,No,30,6.0,3,2,29,29,BrownChromis,24.869309098086102,No,,,,,NRL_nr,,1.0,131.52692058486548,-283.89495283854046,-546.3304876711186,2194.5172922056163,1781.74216278895,94.67673979827948,L,57.23869613600701,19.256129897861346,11.129731093489845,46.3099157922408,0
8,287,No,30,6.0,3,2,29,30,BrownChromis,32.84590420565885,No,,,,,NRL_nr,,1.0,33.004943518422174,149.17323240968852,-146.75595552920356,1953.2601396693576,1048.0271696149168,62.23192795899054,L,66.66710733188877,46.31029359063737,63.454328675005655,45.02208426534313,0
8,288,No,24,2.0,3,2,30,7,BrownChromis,45.40770024721069,No,,,,,NRL_nr,,1.0,433.0356191255282,-257.0587741772827,-384.3386945305528,2058.4413144185314,1605.090238072887,60.425178065584774,L,69.88321627438222,16.756177163918952,46.48546267529274,50.117720934552224,0
8,288,No,24,2.0,3,2,30,16,BrownChromis,41.58628879079776,No,,,,,NRL_nr,,1.0,81.78589387839043,-46.56309586512769,-580.0164393133456,2166.265173605855,1587.4452370110982,31.252758657887743,R,61.02656974072113,61.02656974072113,67.95568614403894,38.640242894741775,0
8,288,No,24,2.0,3,2,30,19,BrownChromis,31.27000954944764,No,,,,,NRL_nr,,1.0,263.83162496016195,425.52612209180194,-100.85940592497288,1943.9187095696464,761.4200539977011,25.40891851090136,R,43.14948420453318,2.004930971644258,131.15479913936213,24.04501896108117,0
8,288,No,24,2.0,3,2,30,21,BrownChromis,49.6009912279465,No,,,,,NRL_nr,,1.0,458.9114695872522,-43.441544955239195,-230.6040367012128,1983.3724525507089,1236.3981525236966,102.46592841896496,R,87.27077076368364,78.96154340026125,60.2659094463858,52.79933000307424,0
8,290,No,21,5.0,3,2,32,1,BrownChromis,43.40641656498598,No,,,,,NRL_nr,,1.0,283.3375452929909,198.747041116483,-520.1116513018678,2063.9267366906347,1531.3150693612215,66.56962610067484,L,54.813346815954766,45.244381230188615,93.37767385851532,26.232185322120724,0
8,290,No,21,5.0,3,2,32,9,BrownChromis,32.246606141997226,No,,,,,NRL_nr,,1.0,374.25953692976947,100.59504067786212,-550.0600637502062,2106.2447508085847,1632.5286402100585,84.13190371177224,L,48.389616438754,18.40847574963861,18.025990342994596,30.8832907476439,0
8,290,No,21,5.0,3,2,32,10,BrownChromis,42.27898972107933,No,,,,,NRL_nr,,1.0,302.93600452816906,-228.42853409380177,-463.23369515721106,2100.810883781942,1670.874611460882,82.07442762667112,R,57.987805011601026,52.35928050514861,93.70302846826398,46.430676735320816,0
8,290,No,21,5.0,3,2,32,11,BrownChromis,19.465313245076853,No,,,,,NRL_nr,,1.0,87.05594877156418,-456.75285673800664,-388.33052618973994,2157.4614279846046,1768.9655743354897,173.10970318417796,R,71.01788855226042,39.21729079629449,150.00501555382655,54.2224644958027,0
8,290,No,21,5.0,3,2,32,12,BrownChromis,21.458407152083332,No,,,,,NRL_nr,,1.0,86.6202985325609,-354.1546460553424,-474.3454900262804,2156.9459394900437,1746.351378784326,149.48736688817075,R,64.91604999063684,26.250551831657432,120.95845194501504,49.92947416602388,0
8,290,No,21,5.0,3,2,32,13,BrownChromis,61.80053263298667,No,,,,,NRL_nr,,1.0,246.2469534261704,83.97931342945958,-208.17755033639168,1969.149220845153,1114.2257056513884,158.8030061923054,L,77.01638863165614,11.11118188372874,84.51537149778258,46.60145965783746,0
8,290,No,21,5.0,3,2,32,14,BrownChromis,39.157111369105166,No,,,,,NRL_nr,,1.0,43.74505805617966,-111.61873762532753,-203.36541518490475,1984.2172715477925,1270.1236271021496,114.74591705301098,L,93.11939921357316,32.90744610762676,128.47148833629626,52.14178940327453,0
8,290,No,21,5.0,3,2,32,15,BrownChromis,87.12900692273726,No,,,,,NRL_nr,,1.0,174.74675196435464,18.105140811972824,-193.89472348778708,1972.0406852456,1152.5071313915075,234.60607223143583,R,90.788787685901,46.933700175882905,140.90278121879652,48.869805908528555,0
8,290,No,21,5.0,3,2,32,16,BicolorDamselfish,31.199868854763935,No,,,,,NRL_nr,,1.0,0.4154921464046684,126.30527821197622,-518.8139709936687,2075.1265235445076,1388.666881420746,75.90864496637222,R,62.3858754061162,51.66807051240176,68.97383967224876,35.28469419027584,0
8,290,No,21,5.0,3,2,32,17,BrownChromis,28.066589220478,No,,,,,NRL_nr,,1.0,198.00466430594955,-12.772727663476289,-435.0764527348044,2045.5842715270603,1416.234091811595,104.05102567394437,R,75.5878088726019,64.63515744540119,49.586963135054006,41.52688830147478,0
8,291,No,27,6.0,3,2,33,6,BrownChromis,36.173270676276566,No,,,,,NRL_nr,,1.0,444.73189244802705,-526.8919495199666,-360.8466091365724,2252.72330890302,2156.583355348706,68.00821363406114,R,72.90136184444741,51.3480924348878,138.3000047556857,54.04866098263146,0
8,291,No,27,6.0,3,2,33,8,BrownChromis,39.80696870682257,No,,,,,NRL_nr,,1.0,401.8030173713498,-412.8831605680132,-412.1367806940252,2119.6324381763334,1825.4273902591456,100.46145663025813,R,91.5059416148402,68.25563584104722,129.14160033833824,52.08883927253372,0
8,291,No,27,6.0,3,2,33,9,BrownChromis,41.35282680646576,No,,,,,NRL_nr,,1.0,201.01078917924585,-399.99092413704994,-374.331294872374,2088.65894025055,1706.0599931254928,162.33223269505146,R,100.33961445397368,67.16839069603876,136.86750046818096,54.70370563859089,0
8,291,No,27,6.0,3,2,33,11,BrownChromis,53.44174713833995,No,,,,,NRL_nr,,1.0,349.6930702738066,-181.3313427956159,-644.3502568017414,2257.80509854038,1941.351037417339,70.1273921442832,L,54.49566235689101,17.522671829046455,13.795708524014136,37.007682657060904,0
8,291,No,27,6.0,3,2,33,12,BrownChromis,43.93912562006056,No,,,,,NRL_nr,,1.0,501.2546350470455,-260.1005781367619,-569.0707082415505,2209.199827047679,2101.015120166344,62.02499459560643,R,69.4950672167874,60.399974374192986,85.32742297690056,44.91461032648187,0
8,291,No,27,6.0,3,2,33,14,BicolorDamselfish,38.5755667073248,No,,,,,NRL_nr,,1.0,164.92117300240974,-169.3647733887218,-550.1209505757839,2162.4242127353773,1669.2259282740397,109.14253450843512,R,72.15792052526729,37.841200138240275,162.45055157219716,42.444103354478614,0
8,291,No,27,6.0,3,2,33,16,BrownChromis,38.68744097041615,No,,,,,NRL_nr,,1.0,268.37677257923895,-190.54427571252953,-358.8583485927876,2034.9098521173985,1488.5522117692317,119.1359636669758,R,87.78841525889476,46.269287798711424,144.27961207028895,48.88406303310519,0
8,291,No,27,6.0,3,2,33,17,BicolorDamselfish,25.609279729293775,No,,,,,NRL_nr,,1.0,91.07573736151934,-361.67290350350714,-339.12442895150764,2051.9051376207176,1581.2245614799715,164.23577547917972,L,103.67152236636046,47.87844324582402,27.39146009124579,53.82061620579087,0
8,291,No,27,6.0,3,2,33,21,BrownChromis,45.078568691043785,No,,,,,NRL_nr,,1.0,184.117263128491,61.97964949287259,-235.9919456324173,1975.7330421012905,1152.5503591376312,149.4061624535973,L,97.58049545837588,34.900327874747234,34.46812874949923,45.94092379778647,0
8,291,No,27,6.0,3,2,33,22,BrownChromis,67.47149524713348,No,,,,,NRL_nr,,1.0,1.8183250219338123,176.7420995776273,-135.84069540414373,2042.9119189007477,1072.5468658559148,90.81625395761613,R,77.46621511606484,8.940323152138479,89.9488316108536,44.394866841293464,0
8,291,No,27,6.0,3,2,33,23,BrownChromis,54.6634006641166,No,,,,,NRL_nr,,1.0,195.1916735870036,193.9056954248296,-75.59013285112194,1937.3540248574477,941.3787254317004,108.87675865299384,R,77.05050481116837,2.885888440041755,139.9382159848994,46.53122243740403,0
8,291,No,27,6.0,3,2,33,26,BrownChromis,35.35441423273673,No,,,,,NRL_nr,,1.0,216.26542922998817,-33.89924433581059,-608.0911560565428,2225.909940213321,1715.7851204809149,71.20838500157598,R,62.04584824353559,62.04584824353559,38.00157044598432,33.478215939089324,0
8,291,No,27,6.0,3,2,33,27,BicolorDamselfish,34.87594142505716,No,,,,,NRL_nr,,1.0,81.88378117950056,122.15876563511948,-368.48502802037285,1993.686192603002,1244.177177834233,114.65206450344246,L,81.3687355859082,51.2612200196416,90.79715470713992,38.96969956242789,0
9,293,No,9,2.0,4,1,1,4,BrownChromis,36.778023300098255,No,,,,,NRL_nr,,1.0,24.649164490019157,476.6289280020112,-485.41319845135,2519.509862576033,1303.127697124293,34.20331935807752,L,25.756608807808696,12.03699601938579,150.7658479247668,35.435559809950625,0
9,296,Yes,16,4.0,4,1,4,5,BrownChromis,42.71051431170772,Yes,2384.0,2378.0,1.0,1.0,FR,1692.3823562974403,1.0,254.5321117771061,644.4516911634993,-284.595599077735,2294.0572298811912,1011.3980907480404,126.36104567190576,R,70.00862591866098,21.783325861319593,67.76509366947053,37.22143598301847,1
9,296,Yes,16,4.0,4,1,4,7,BrownChromis,27.140755046441328,Yes,2383.0,2377.0,0.0,1.0,FR,601.7458348073234,1.0,241.57224208319616,571.4036520136323,-436.3695473345953,2352.6237192849912,1128.990374600773,194.18782522096765,R,105.99164657821196,34.8954097156259,28.958166425923565,28.945362889411964,1
9,296,Yes,16,4.0,4,1,4,16,BrownChromis,41.96169100935565,Yes,2386.0,2380.0,3.0,1.0,FR,2295.18039826607,1.0,455.8406163566604,806.5088884612258,-528.3940947847257,2360.7354661120876,1419.5156475327765,383.5464080500397,R,105.02335553814454,56.761122516785946,26.09084276177146,37.29258365712276,1
9,298,No,6,2.0,4,1,6,1,BrownChromis,188.9209497321561,No,,,,,NRL_nr,,1.0,122.707476104355,855.7477360448787,-415.802209057708,2306.860274473161,1276.6283490422422,92.3509515398488,R,41.94242845284579,0.0,65.23776911771381,44.83180983436207,0
9,298,No,6,2.0,4,1,6,3,BrownChromis,78.22650235416106,No,,,,,NRL_nr,,1.0,49.21119792795609,1017.789697649808,-527.6392614817287,2365.7006211154453,1468.2694640871955,111.05069470377978,R,46.86718623251483,46.86718623251483,49.70026383185491,48.723952847209226,0
9,298,No,6,2.0,4,1,6,4,BrownChromis,49.33954414617459,No,,,,,NRL_nr,,1.0,17.463931702018417,935.5792384441888,-332.78528004996554,2280.66369589282,1239.4943611767792,76.61074071396581,L,73.5780032481748,56.68009698576225,155.2942827199375,51.96551522985481,0
9,298,No,6,2.0,4,1,6,5,BrownChromis,72.2567814128143,No,,,,,NRL_nr,,1.0,2.8680722795673854,942.4428712225284,-517.0725428107597,2417.947358072565,1443.0572604420668,107.29896294807584,R,31.768262198328852,9.888155089281913,76.96978189224556,47.8717043968101,0
9,301,Yes,10,5.0,4,1,9,2,BrownChromis,50.00547887013502,Yes,2394.0,2393.0,3.0,1.0,FR,1401.4432050939097,1.0,85.3346698697557,833.6160882561237,-497.87603417231435,2346.480035630673,1343.2210653847617,146.39134500309217,L,79.28667361203388,45.13979837217905,84.97880402309609,42.88969691517149,1
9,301,Yes,10,5.0,4,1,9,3,BrownChromis,87.53874895149221,Yes,2391.0,2390.0,0.0,1.0,FR,897.2301514517465,1.0,177.2567299796007,676.1813777096974,-461.3687895408201,2330.747201256897,1199.0010190817884,230.44788384488257,R,79.34281625819753,33.51122862402784,58.51455718274593,36.09972292168171,1
9,301,Yes,10,5.0,4,1,9,4,BrownChromis,38.39701697419353,Yes,2394.0,2393.0,3.0,1.0,FR,1500.0458259327677,1.0,308.64643345238477,844.2269495456678,-589.2275305357683,2391.4683277818845,1461.1206422554517,125.80130567582788,R,83.71071815301475,72.8103618939866,66.16891490694111,38.57791990013014,1
9,301,Yes,10,5.0,4,1,9,6,BrownChromis,33.63146032650256,Yes,2393.0,2392.0,2.0,1.0,FR,1232.07365556407,1.0,174.00064015156437,695.087797841562,-363.8308949585638,2307.01325650903,1116.3226208798176,217.89260435750091,R,118.6558466895724,26.78978539077035,55.770393331634565,39.06422631969435,1
9,301,Yes,10,5.0,4,1,9,7,BrownChromis,55.20170823768905,Yes,2392.0,2391.0,1.0,1.0,FR,1966.1558825682512,1.0,285.0750166715163,652.8509574330662,-495.12780096384864,2340.5704804770694,1276.3355501376,122.27377616542071,R,78.3795952262795,0.0,40.35650382279919,31.483736964757114,1
9,302,Yes,7,8.0,4,1,10,6,BrownChromis,28.632270760153222,Yes,2399.0,2397.0,0.0,1.0,FR,1214.2744908578854,1.0,134.33287390065598,930.295646260263,-462.2689824100612,2331.489979633945,1361.2005650748424,59.579239624477125,R,56.23958698239158,30.291844177477913,23.01198986415432,46.177574239367694,1
9,303,Yes,10,3.0,4,1,11,1,BrownChromis,42.92198502428826,Yes,2390.0,2389.0,0.0,1.0,FR,1703.4589662323513,1.0,279.45725910270994,680.2606035941155,-211.88503798882363,2306.766244499542,874.442816618241,53.67283638583386,R,41.331831097406,0.0,73.23884747590861,45.82818511155532,1
9,303,Yes,10,3.0,4,1,11,3,BrownChromis,41.93111077139118,Yes,2391.0,2390.0,1.0,1.0,FR,2702.481699927591,1.0,407.9072026216131,744.1941478634858,-404.2276296351431,2311.3867212299397,1156.8803333731191,97.68782710215476,R,60.48120672300038,22.46010132481177,75.87302936095169,37.502021175601975,1
9,303,Yes,10,3.0,4,1,11,10,BrownChromis,36.43671693690683,Yes,2393.0,2392.0,3.0,1.0,FR,1698.4247814369462,1.0,331.21490758914075,890.0023396336649,-509.52714908978794,2353.6074527685805,1410.5331610963208,95.43781483730749,R,70.27107391915703,30.82090490159286,106.95249527068472,41.46441197636701,1
9,308,Yes,6,4.0,4,1,16,2,BrownChromis,31.558882484054955,Yes,2385.0,2383.0,0.0,1.0,FR,794.2678883127592,1.0,88.43740405294214,572.1250867253871,-449.6316902060456,2355.6426067318916,1197.7423808297883,8.987430211167474,L,15.799390194920983,0.0,115.69639798095092,33.17846273216646,1
9,312,Yes,5,6.0,4,1,20,5,BrownChromis,43.05699444434467,Yes,2390.0,2384.0,0.0,1.0,FR,868.2045280273146,1.0,128.05539128514482,540.1133488236115,-460.3399077022925,2405.5097281967837,1263.3704924275062,25.864063037082637,R,127.2617118256205,3.800035913018921,40.89822633609938,30.893887851572245,1
9,437,Yes,10,4.0,4,1,34,2,BrownChromis,32.121212648863505,Yes,2391.0,2389.0,0.0,1.0,FR,1171.074712950942,1.0,217.52047565860232,508.5460591287257,-435.1811094528734,2400.1011138611357,1263.280401348429,53.31173644024739,L,48.07645540531839,42.94725257086987,79.16719864235552,26.435824336661277,1
10,328,Yes,11,3.0,5,1,2,5,BrownChromis,55.27433155756632,Yes,2383.0,2392.0,0.0,1.0,FR,3440.3516088268984,1.0,753.1371513616289,37.29319099048232,-3.894040418505023,2775.7792029735547,1610.9363127424351,16.34942714128459,L,37.74116933506264,33.05799310282403,105.18655477101086,23.14554409397925,1
10,328,Yes,11,3.0,5,1,2,9,BrownChromis,59.71091635477972,Yes,2385.0,2394.0,2.0,1.0,FR,3225.4136603371803,1.0,689.3835522165808,120.75738320565728,-124.7942486485762,2968.940990439538,1704.9009349536536,12.801822840186892,L,37.05654069996325,37.05654069996325,96.22186344142229,7.996772058415968,1
10,329,Yes,9,7.0,5,1,3,4,BrownChromis,64.31850180733427,Yes,2386.0,2390.0,4.0,1.0,FR,3656.240463476704,1.0,743.0947476690898,76.49081075981522,342.7101913788474,2595.169692944016,902.7112710273776,27.22265573263236,R,36.7089597413566,26.326628207049012,172.87919643252232,30.186097581177016,1
10,329,Yes,9,7.0,5,1,3,6,BrownChromis,73.55676392413639,Yes,2384.0,2388.0,2.0,1.0,FR,3983.545641262031,1.0,771.3681790405537,233.22016893970732,180.25796808176256,2726.759398951197,858.0419172228396,100.86754869691823,L,62.016049969272714,42.79624379453623,54.413503533585086,14.283091265192065,1
10,329,Yes,9,7.0,5,1,3,7,BrownChromis,61.83655497941113,Yes,2385.0,2389.0,3.0,1.0,FR,3409.4136246017656,1.0,871.3768536484378,301.11020848276985,164.99830489164833,2765.985015070143,882.2076488451635,78.78328119121376,L,56.10544222927629,41.65775123295145,108.60659257828604,19.607669308027376,1
10,330,Yes,8,4.0,5,1,4,4,BrownChromis,59.63600709965681,Yes,2387.0,2391.0,0.0,1.0,FR,3061.784265454026,1.0,414.0111597131409,23.312492959468145,457.4576818677982,2521.0291186253194,923.3521971293392,8.49397995095078,R,19.671554728406583,0.0,74.60731665056463,41.301145520602,1
10,333,No,9,2.0,5,1,7,1,BrownChromis,71.13017349870213,No,,,,,NRL_nr,,1.0,842.639915730617,-95.25687093597236,-62.33782262762421,2903.3459684868617,2153.34338748511,12.628598633856637,L,20.666380796865287,11.666176136070806,70.21083617929496,53.70112411375987,0
10,333,No,9,2.0,5,1,7,3,BrownChromis,71.72342422513165,No,,,,,NRL_nr,,1.0,533.3595057471621,-247.1725572218461,-129.32026801015994,3049.5502964861635,2181.8563333682205,15.033626540043423,L,25.544916049802705,5.4539283626479245,87.6366898221483,53.99509456302379,0
10,333,No,9,2.0,5,1,7,4,BrownChromis,90.30942718264924,No,,,,,NRL_nr,,1.0,1217.9691867663153,-269.53328242301643,-241.8737831873779,3316.096699868483,3413.510849359136,5.690276051635938,R,16.322659527352677,7.370010869009528,56.33502519472722,50.70089004539488,0
10,333,No,9,2.0,5,1,7,5,BrownChromis,73.37001635984022,No,,,,,NRL_nr,,1.0,927.7315608973184,-66.02052584625986,-250.33834732166432,3281.0292489657204,2650.6353726395373,6.817919949561356,R,21.295914685353345,21.295914685353345,83.61270887683617,39.734728171928865,0
10,334,No,9,8.0,5,1,8,1,BrownChromis,76.94878332277611,No,,,,,NRL_nr,,1.0,637.8090083056907,290.3769879866464,-1.7867945311855775,2861.968906118728,1497.4510061836124,9.925074979111022,R,15.394370260085193,9.185284342760015,147.3670331051612,34.4107595102627,0
10,334,No,9,8.0,5,1,8,2,BrownChromis,62.6059529762172,No,,,,,NRL_nr,,1.0,122.07840617790812,-96.57125504222802,-236.4507691627459,3474.8391687263065,2307.5631782143005,3.755097484432451,L,18.3892680951975,10.58425338451713,113.46311010098086,50.348805887213494,0
10,334,No,9,8.0,5,1,8,3,BrownChromis,110.88156912785416,No,,,,,NRL_nr,,1.0,668.5205054380467,222.80025820000503,126.55784373109556,2744.8358753564157,1309.3970305424757,19.16575690086363,L,18.83582854530834,8.096426378324832,42.53149055463077,54.69354133673742,0
10,334,No,9,8.0,5,1,8,4,BrownChromis,36.50499297623168,No,,,,,NRL_nr,,1.0,693.603337127343,341.295450470086,140.04308378884787,2795.550054528465,1070.611834954551,18.413030993960447,R,31.67188188112541,26.079145673923023,94.44282893288609,46.10832274660013,0
10,334,No,9,8.0,5,1,8,5,BrownChromis,77.52599463788525,No,,,,,NRL_nr,,1.0,1298.6392821916531,-269.53328242301643,-241.8737831873779,3316.096699868483,3490.166725196886,1.9610870544704344,R,11.843356087589882,11.843356087589882,77.3398435527182,51.0652501145327,0
10,335,Yes,9,4.0,5,1,9,6,BrownChromis,117.47124647541924,Yes,2382.0,2389.0,0.0,1.0,FR,2904.6344196660148,1.0,509.50989258281857,564.2448532858052,129.37446142943452,2974.85714206171,1186.1248775713484,7.824632497096443,L,26.72230587900799,18.33567250118449,55.63959913594542,27.918089337049828,1
10,336,Yes,9,6.0,5,1,10,2,BrownChromis,53.87859313246785,Yes,2379.0,2386.0,0.0,1.0,FR,1782.9922805095823,1.0,861.0895510904018,636.7447625668187,243.41119253032036,2951.742477605365,928.2027355799942,17.547848699397925,L,24.611181287775295,4.909839154952607,53.51344760554356,16.62553928841889,1
10,340,Yes,12,5.0,5,1,14,4,BrownChromis,50.57690698244487,Yes,2372.0,2381.0,2.0,1.0,FR,2420.4673326223424,1.0,587.3392085690941,507.37119919482376,235.95175683755235,2846.7735504873895,840.101728318527,35.101325239454084,R,39.710091676974486,22.388641715200546,109.14251299862048,33.65432445662181,1
10,340,Yes,12,5.0,5,1,14,5,BrownChromis,44.55225479649676,Yes,2370.0,2379.0,0.0,1.0,FR,2459.7437596853083,1.0,738.8039007044912,620.3315265385141,242.46483629283065,2938.4253845956337,931.640184257402,33.46164358928554,R,34.31279361061771,28.20349379811123,73.67352710851895,19.76192501704803,1
10,341,Yes,9,6.0,5,1,15,3,BrownChromis,84.77222413575707,Yes,2359.0,2368.0,0.0,1.0,FR,1584.697596154046,1.0,1086.2802027431476,764.6041922680865,374.9284062101814,3027.8020404567033,547.5919505329128,25.849951163790912,R,18.700111960037333,2.512053951560015,92.47216910093982,45.53171483771768,1
10,342,Yes,11,4.0,5,1,16,3,BrownChromis,50.69194419494395,Yes,2365.0,2373.0,0.0,1.0,FR,1282.500614360341,1.0,500.55181519539786,838.6366089238743,231.78188058493896,3132.906407078937,1159.30586259553,29.121014441505853,R,44.85676339638088,35.220273647339546,36.11377614967422,20.330286429951496,1
10,343,Yes,13,2.0,5,1,17,4,BrownChromis,40.69962003268163,Yes,2378.0,2385.0,0.0,1.0,FR,1687.538980854099,1.0,573.2185490838787,619.2455120249563,217.49007705822143,2956.1253895679392,1047.8782176521258,32.30294587311194,L,55.69783602849268,31.92734208973002,132.62252771103223,24.928732118964497,1
10,344,Yes,9,5.0,5,1,18,7,BrownChromis,50.70423114524923,Yes,2382.0,2387.0,0.0,1.0,FR,1083.9153152628633,1.0,974.4004257525957,917.4693890692996,258.8480734449528,3184.105198175268,918.7147553356002,3.922003103962213,L,11.60083348888424,11.60083348888424,124.33665349966142,42.158624872491266,1
10,344,Yes,9,5.0,5,1,18,8,BrownChromis,35.25120554047121,Yes,2382.0,2387.0,0.0,1.0,FR,2532.718215611739,1.0,699.7127795550559,842.6157403911511,255.28132488241653,3118.778579137268,1040.2882253466105,4.862730310779251,R,14.094745887325775,7.698336784406521,89.23244888260878,10.306520899221283,1
10,345,No,11,4.0,5,1,19,2,BrownChromis,38.46986361772094,No,,,,,NRL_nr,,1.0,244.32131604798576,912.3790480340012,259.3037456422151,3175.3819482074623,1143.1756859109528,85.5528151807662,L,63.70924597051535,11.78283721540381,36.063530540990854,35.04980254658144,0
10,345,No,11,4.0,5,1,19,3,BrownChromis,23.46434128303,No,,,,,NRL_nr,,1.0,20.88136767949909,-82.40990918740802,-163.0425312532825,3075.4493123261823,1925.279618190156,21.07753497759053,L,31.844743361358336,19.57307486953685,93.97302316078732,54.48481204388335,0
10,345,No,11,4.0,5,1,19,4,BrownChromis,71.94116080502386,No,,,,,NRL_nr,,1.0,502.2130020378776,912.3790480340012,259.3037456422151,3175.3819482074623,1192.821606924066,43.27755318042071,L,48.77906737481161,48.77906737481161,144.23904160159543,21.327810030283803,0
10,345,No,11,4.0,5,1,19,5,BrownChromis,72.66123678901307,No,,,,,NRL_nr,,1.0,354.2641245607251,612.1371563752803,230.424389500162,2940.4049521116926,1075.6670724122905,32.00625383705465,R,43.09378553505807,18.34279381429118,89.63461685773785,34.33006356800855,0
10,345,No,11,4.0,5,1,19,6,BrownChromis,82.21447918827491,No,,,,,NRL_nr,,1.0,268.77055911997826,874.4836053684523,181.58680411900977,3285.932455463949,1444.0824650989002,42.27557057288638,L,42.46817598233971,32.951375917828514,73.11804521606223,31.079099225063786,0
10,345,No,11,4.0,5,1,19,7,BrownChromis,59.57286326008849,No,,,,,NRL_nr,,1.0,498.3402684042712,438.8795686286026,191.7253059988253,2822.5892638771093,1021.6487588978404,21.914453968852264,L,43.700356816038806,37.081194058587194,59.00452044143742,43.70443892822342,0
10,345,No,11,4.0,5,1,19,11,BrownChromis,41.468813153504136,No,,,,,NRL_nr,,1.0,294.347920894183,938.4565031655474,256.9693693801137,3220.070537451144,1260.239171246963,72.27455821860306,L,53.92426813817426,24.60965401749949,85.29484196392981,33.11673621664773,0
10,346,No,10,8.0,5,1,20,2,BrownChromis,66.34496509211505,No,,,,,NRL_nr,,1.0,917.3652997626878,938.4565031655474,256.9693693801137,3220.070537451144,1173.7848658622163,4.141368538594468,L,17.13456872211023,17.13456872211023,134.00367871582728,20.44851233210814,0
10,346,No,10,8.0,5,1,20,3,BrownChromis,76.56548943413651,No,,,,,NRL_nr,,1.0,1083.4297609625244,411.6604112041273,470.1663575378783,2715.81962758796,578.252199757438,20.225957727572595,L,30.727779293463293,4.790565290078021,75.42894573499856,54.01888329804677,0
10,346,No,10,8.0,5,1,20,4,BrownChromis,67.93608334892173,No,,,,,NRL_nr,,1.0,840.0724014273491,446.76495383570983,331.2554456909002,2776.296395682284,735.7480983057479,26.98601544298613,L,39.79860476559206,21.87462181970715,74.779568279705,43.78457775784268,0
10,346,No,10,8.0,5,1,20,6,BrownChromis,62.18954871982635,No,,,,,NRL_nr,,1.0,560.2762460249829,286.70158201430837,27.38688967950937,2813.802171296451,1229.6627804731954,14.634452787534164,L,35.477322279554116,14.158279607058804,20.86783894205926,43.616648174499545,0
10,347,Yes,13,3.0,5,1,21,2,BrownChromis,50.68588476933106,Yes,2376.0,2384.0,0.0,1.0,FR,2047.9144271100288,1.0,664.7784599970672,904.0520382668436,265.8191143961449,3167.06592362461,854.0104702475204,25.9756839346357,L,42.150256290283735,39.58323722909653,83.62567667800823,26.797232349955777,1
10,347,Yes,13,3.0,5,1,21,5,BrownChromis,52.024310558820346,Yes,2379.0,2387.0,3.0,1.0,FR,2538.3292732921595,1.0,687.6137801708013,709.9012587775585,280.2241295781187,3002.661922231155,788.1024287484927,28.21830905990706,R,43.34579563783487,13.17926024335612,137.19943176577036,16.409442892776337,1
11,371,Yes,17,4.0,4,2,4,1,BicolorDamselfish,66.98910757293254,Yes,2393.0,2391.0,0.0,1.0,FR,753.2904825861376,2.0,180.0073883190486,-815.8941805269078,-940.8499285192632,2287.870807003867,1694.7211036758863,2.5074807266235406,L,6.966070394404641,4.7043396711396035,133.0910876833682,8.67291427017917,1
11,377,No,11,3.0,4,2,9,2,BicolorDamselfish,40.685284445445745,No,,,,,NRL_nr,,2.0,446.4984852578627,-952.935739806486,-850.7314894441053,2196.2358306645465,1252.2158530569163,2.571306383747441,L,11.587385860122438,11.587385860122438,109.7293285566301,24.979250640839663,0
11,380,No,8,2.0,4,2,12,4,BicolorDamselfish,37.5320212251664,No,,,,,NRL_nr,,3.0,560.5353601575508,-708.3903522655668,137.10911465363912,2341.0125326362204,898.2693571446594,4.410316889256851,R,10.87722731769545,10.87722731769545,117.52182016239917,14.58492301749443,0
11,386,No,8,2.0,4,2,18,4,BrownChromis,103.74651531565748,No,,,,,NRL_nr,,1.0,63.01375243051916,458.9381892340615,-195.70286634443784,2569.9375361969533,1564.7899655543945,88.14657608964552,L,26.543801739240216,11.170997680737615,74.37203382743604,49.71318453835002,0
11,389,No,17,3.0,4,2,21,15,BicolorDamselfish,42.66066707479139,No,,,,,NRL_nr,,2.0,239.02550845323313,-860.4501558339417,-913.297292620433,2191.216512162291,1499.8465211113817,4.102165115341992,L,15.748356246916137,0.0,162.31309553212378,16.98415119077169,0
12,405,No,11,3.0,5,2,3,8,BrownChromis,70.38604706654682,No,,,,,NRL_nr,,1.0,270.72184948431686,-158.26647761480055,-494.966062270262,2502.243267082379,1529.3317878984165,82.61929058761353,L,41.04248504837707,16.873783521333966,33.2095965414716,52.528990433217714,0
12,408,No,10,8.0,5,2,6,1,BrownChromis,53.02576952115329,No,,,,,NRL_nr,,1.0,328.2526073030276,224.38721148410033,-15.530175017849547,2541.756236015506,722.793072024399,75.22617656803659,R,67.56357727353455,0.0,132.75588067164077,53.24220320847916,0
12,408,No,10,8.0,5,2,6,2,BrownChromis,68.00538790224267,No,,,,,NRL_nr,,1.0,242.1439976916175,277.8857515383489,-152.32678139681417,2580.619444017823,895.498435730884,99.56593710628408,R,65.88536711211796,12.33467148048637,118.91956024149248,45.77104376452069,0
12,408,No,10,8.0,5,2,6,3,BrownChromis,62.7266009937594,No,,,,,NRL_nr,,1.0,318.65605727485047,102.25195231084636,-196.1946058941151,2460.803225468462,956.3500040121726,76.77986669461501,R,58.010215307464904,20.53702269192597,148.91412709052898,54.04990964749163,0
12,409,No,10,6.0,5,2,7,4,BrownChromis,54.30759887850343,No,,,,,NRL_nr,,1.0,623.4819001181736,24.15385152988165,-334.43232539273174,2454.749095596534,1107.0747380655428,22.238850502995287,R,22.554453631213264,22.554453631213264,53.94697181250756,50.1100506549348,0
12,411,No,9,4.0,5,2,8,8,BrownChromis,64.08004512126497,No,,,,,NRL_nr,,1.0,2.9909678557390764,242.0514113692548,-313.3983898149038,2823.6787777256145,1339.62125327463,8.10837919150219,L,17.438076102401016,1.814871717110756,37.64571641210571,47.14613589415783,0
12,413,No,8,3.0,5,2,10,7,BrownChromis,42.531551467901025,No,,,,,NRL_nr,,1.0,31.138256566990144,454.83821927348095,-191.1924111314929,2730.720601512689,1088.2692916856076,6.499405396148634,L,15.983799891327513,0.0,44.19622631850879,41.70772358967601,0
12,426,No,8,2.0,5,2,23,1,BrownChromis,55.93018994763129,No,,,,,NRL_nr,,1.0,354.9003933149804,-4.602248905738833,-455.7184416967637,2636.5934459871382,1720.9002944499946,40.74077515775045,L,36.174011465347085,22.80888398154448,3.9875084429613294,46.53923027180052,0
12,431,No,11,5.0,5,2,28,8,BrownChromis,35.8474857495897,No,,,,,NRL_nr,,1.0,168.6187312608258,169.77400129887957,-345.93000383604124,2637.345394023736,1287.20691129735,14.854577889838588,L,33.72750812130132,0.0,32.771689758468405,44.655727263485275,0
